desc: I1 cache:         32768 B, 64 B, 8-way associative
desc: D1 cache:         49152 B, 64 B, 12-way associative
desc: LL cache:         35651584 B, 64 B, 17-way associative
cmd: /workspace/out/build/default/soa/Debug/render-soa /workspace/res/scene_scripts/scene4example.txt /workspace/res/config_scripts/config4example.txt /workspace/outImagSOA4.ppm
events: Ir I1mr ILmr Dr D1mr DLmr Dw D1mw DLmw Bc Bcm Bi Bim
fl=./csu/../csu/libc-start.c
fn=__libc_start_main@@GLIBC_2.34
128 2 1 1 2 1 0 0 0 0 0 0 0 0
134 3 0 0 1 1 0 0 0 0 1 0 0 0
135 7 0 0 3 1 0 2 0 0 0 0 1 1
138 1 0 0 1 1 0 0 0 0 0 0 0 0
139 2 1 1 0 0 0 0 0 0 1 0 0 0
142 3 0 0 2 1 0 0 0 0 0 0 0 0
143 2 0 0 2 0 0 0 0 0 0 0 0 0
144 11 0 0 1 0 0 1 0 0 2 0 0 0
145 4 1 1 1 1 0 2 0 0 0 0 1 1
242 13 1 1 0 0 0 7 0 0 0 0 0 0
311 3 0 0 0 0 0 0 0 0 1 0 0 0
312 3 0 0 0 0 0 1 0 0 0 0 0 0
337 6 1 1 2 0 0 1 0 0 1 0 0 0
340 2 0 0 0 0 0 0 0 0 1 1 0 0
343 2 0 0 2 0 0 0 0 0 0 0 0 0
350 2 0 0 1 0 0 1 0 0 0 0 0 0
352 2 0 0 0 0 0 0 0 0 1 0 0 0
360 4 0 0 1 0 0 1 0 0 0 0 0 0
fl=./csu/../sysdeps/nptl/libc_start_call_main.h
fn=(below main)
29 9 1 1 1 0 0 5 0 0 0 0 0 0
44 3 1 1 0 0 0 1 0 0 0 0 0 0
46 2 0 0 0 0 0 0 0 0 1 0 0 0
51 2 0 0 1 1 0 1 0 0 0 0 0 0
52 2 0 0 1 1 0 1 0 0 0 0 0 0
55 2 0 0 0 0 0 1 0 0 0 0 0 0
58 6 1 1 5 0 0 1 0 0 0 0 1 1
74 2 1 0 0 0 0 1 0 0 0 0 0 0
fl=./csu/./csu/init-first.c
fn=_init_first
46 6 1 1 0 0 0 2 0 0 0 0 0 0
51 2 0 0 1 0 0 0 0 0 1 0 0 0
55 5 1 1 4 2 1 0 0 0 1 0 0 0
61 1 0 0 0 0 0 1 1 0 0 0 0 0
62 1 0 0 0 0 0 1 0 0 0 0 0 0
63 2 0 0 1 1 0 1 1 1 0 0 0 0
71 2 0 0 0 0 0 0 0 0 0 0 0 0
72 3 0 0 2 0 0 0 0 0 0 0 0 0
fl=./ctype/./ctype/ctype-info.c
fn=__ctype_init
29 1 1 1 0 0 0 0 0 0 0 0 0 0
31 7 1 1 5 4 0 1 0 0 0 0 0 0
33 4 0 0 2 1 0 1 0 0 0 0 0 0
35 4 0 0 2 0 0 1 0 0 0 0 0 0
36 1 0 0 1 0 0 0 0 0 0 0 0 0
fl=./ctype/./ctype/ctype.c
fn=isspace
34 8099 12 1 4628 4 2 0 0 0 0 0 0 0
fl=./debug/../sysdeps/x86_64/multiarch/ifunc-memmove.h
fn=__memcpy_chk
56 2 0 0 0 0 0 0 0 0 1 0 0 0
57 3 1 1 2 0 0 0 0 0 0 0 0 0
60 3 0 0 1 0 0 0 0 0 0 0 0 0
61 2 1 1 0 0 0 0 0 0 1 1 0 0
74 2 0 0 0 0 0 0 0 0 1 0 0 0
77 2 0 0 0 0 0 0 0 0 1 0 0 0
85 2 0 0 0 0 0 0 0 0 1 1 0 0
93 2 1 1 0 0 0 0 0 0 1 1 0 0
96 5 2 2 1 0 0 0 0 0 0 0 0 0
fn=__memmove_chk
56 2 0 0 0 0 0 0 0 0 1 0 0 0
57 3 0 0 2 0 0 0 0 0 0 0 0 0
60 3 0 0 1 0 0 0 0 0 0 0 0 0
61 2 1 1 0 0 0 0 0 0 1 1 0 0
74 2 0 0 0 0 0 0 0 0 1 0 0 0
77 2 1 1 0 0 0 0 0 0 1 0 0 0
85 2 0 0 0 0 0 0 0 0 1 1 0 0
93 2 0 0 0 0 0 0 0 0 1 1 0 0
96 5 0 0 1 0 0 0 0 0 0 0 0 0
fn=__mempcpy_chk
56 2 0 0 0 0 0 0 0 0 1 0 0 0
57 3 1 1 2 0 0 0 0 0 0 0 0 0
60 3 0 0 1 0 0 0 0 0 0 0 0 0
61 2 1 1 0 0 0 0 0 0 1 1 0 0
74 2 0 0 0 0 0 0 0 0 1 0 0 0
77 2 0 0 0 0 0 0 0 0 1 0 0 0
85 2 0 0 0 0 0 0 0 0 1 1 0 0
93 2 1 1 0 0 0 0 0 0 1 1 0 0
96 5 2 2 1 0 0 0 0 0 0 0 0 0
fl=./debug/../sysdeps/x86_64/multiarch/ifunc-memset.h
fn=__memset_chk
54 5 0 0 2 0 0 0 0 0 1 0 0 0
57 3 0 0 1 0 0 0 0 0 0 0 0 0
58 2 1 1 0 0 0 0 0 0 1 1 0 0
64 2 1 1 0 0 0 0 0 0 0 0 0 0
73 2 0 0 0 0 0 0 0 0 1 0 0 0
75 2 0 0 0 0 0 0 0 0 1 0 0 0
85 2 0 0 0 0 0 0 0 0 1 0 0 0
93 2 0 0 0 0 0 0 0 0 1 0 0 0
96 5 0 0 1 0 0 0 0 0 0 0 0 0
fl=./debug/../sysdeps/x86_64/multiarch/memcpy_chk.c
fn=__memcpy_chk
29 1 1 1 0 0 0 0 0 0 0 0 0 0
fl=./debug/../sysdeps/x86_64/multiarch/memmove_chk.c
fn=__memmove_chk
29 1 0 0 0 0 0 0 0 0 0 0 0 0
fl=./debug/../sysdeps/x86_64/multiarch/mempcpy_chk.c
fn=__mempcpy_chk
29 1 1 1 0 0 0 0 0 0 0 0 0 0
fl=./debug/../sysdeps/x86_64/multiarch/memset_chk.c
fn=__memset_chk
29 1 0 0 0 0 0 0 0 0 0 0 0 0
fl=./elf/../bits/stdlib-bsearch.h
fn=intel_check_word.constprop.0
27 96 0 0 0 0 0 0 0 0 0 0 0 0
28 48 0 0 0 0 0 0 0 0 0 0 0 0
29 744 0 0 0 0 0 0 0 0 372 38 0 0
31 648 0 0 0 0 0 0 0 0 0 0 0 0
32 348 0 0 0 0 0 0 0 0 0 0 0 0
35 264 0 0 0 0 0 0 0 0 0 0 0 0
37 120 1 1 0 0 0 0 0 0 0 0 0 0
fl=./elf/../elf/dl-tls.c
fn=_dl_add_to_slotinfo
1017 27 1 1 0 0 0 15 0 0 0 0 0 0
1023 3 0 0 3 0 0 0 0 0 0 0 0 0
1026 3 0 0 3 1 0 0 0 0 0 0 0 0
1027 3 0 0 0 0 0 0 0 0 0 0 0 0
1031 9 1 1 3 2 0 0 0 0 3 0 0 0
1065 6 0 0 0 0 0 0 0 0 3 3 0 0
1068 6 0 0 0 0 0 3 0 0 0 0 0 0
1069 9 0 0 3 0 0 3 0 0 0 0 0 0
1072 18 1 1 18 0 0 0 0 0 0 0 0 0
fn=_dl_allocate_tls_init
523 11 1 1 0 0 0 8 0 0 0 0 0 0
524 2 0 0 0 0 0 0 0 0 1 0 0 0
528 2 0 0 1 1 0 1 0 0 0 0 0 0
531 1 0 0 0 0 0 0 0 0 0 0 0 0
534 2 1 1 1 1 0 1 0 0 0 0 1 1
537 3 0 0 2 1 0 0 0 0 1 0 0 0
549 1 0 0 1 0 0 0 0 0 0 0 0 0
554 27 1 1 4 0 0 1 0 0 4 0 0 0
560 9 1 1 0 0 0 0 0 0 4 3 0 0
563 9 0 0 3 1 0 0 0 0 0 0 0 0
564 6 0 0 0 0 0 0 0 0 3 0 0 0
570 9 1 1 6 0 0 0 0 0 3 0 0 0
571 6 0 0 0 0 0 0 0 0 0 0 0 0
573 24 0 0 9 3 0 3 1 1 0 0 0 0
576 6 0 0 0 0 0 0 0 0 3 0 0 0
577 6 0 0 3 0 0 0 0 0 0 0 0 0
580 6 1 1 0 0 0 0 0 0 3 0 0 0
581 12 0 0 6 2 0 0 0 0 3 0 0 0
583 6 0 0 0 0 0 0 0 0 3 0 0 0
584 6 0 0 3 0 0 0 0 0 0 0 0 0
593 3 0 0 0 0 0 3 0 0 0 0 0 0
601 6 0 0 3 0 0 0 0 0 3 2 0 0
603 30 0 0 6 0 0 9 0 0 0 0 0 0
609 3 0 0 3 0 0 0 0 0 0 0 0 0
615 2 0 0 1 0 0 1 0 0 0 0 1 1
618 2 0 0 1 0 0 1 0 0 0 0 0 0
621 9 0 0 8 0 0 0 0 0 0 0 0 0
fn=_dl_allocate_tls_storage
365 1 0 0 1 0 0 0 0 0 0 0 0 0
369 1 1 1 0 0 0 0 0 0 0 0 0 0
370 1 0 0 0 0 0 0 0 0 0 0 0 0
371 2 0 0 0 0 0 0 0 0 1 0 0 0
374 1 0 0 0 0 0 1 1 1 0 0 0 0
380 2 0 0 0 0 0 1 0 0 0 0 0 0
417 7 2 2 0 0 0 4 0 0 0 0 0 0
419 1 0 0 1 0 0 0 0 0 0 0 0 0
430 1 0 0 1 0 0 0 0 0 0 0 0 0
431 1 0 0 0 0 0 0 0 0 0 0 0 0
432 2 0 0 0 0 0 0 0 0 1 0 0 0
440 6 0 0 0 0 0 0 0 0 0 0 0 0
441 1 1 1 0 0 0 0 0 0 0 0 0 0
445 305 0 0 0 0 0 297 37 37 296 10 0 0
464 1 0 0 0 0 0 1 1 1 0 0 0 0
470 7 0 0 5 0 0 0 0 0 0 0 0 0
fn=_dl_assign_tls_modid
125 12 1 1 0 0 0 3 0 0 0 0 0 0
128 6 0 0 3 0 0 0 0 0 3 0 0 0
141 3 0 0 3 0 0 0 0 0 0 0 0 0
181 3 0 0 0 0 0 0 0 0 0 0 0 0
183 3 1 1 0 0 0 3 0 0 0 0 0 0
186 3 0 0 0 0 0 3 0 0 0 0 0 0
187 6 0 0 6 0 0 0 0 0 0 0 0 0
fn=_dl_count_modids
192 1 1 1 0 0 0 0 0 0 0 0 0 0
194 2 0 0 1 0 0 0 0 0 1 0 0 0
195 1 0 0 1 0 0 0 0 0 0 0 0 0
210 2 0 0 1 0 0 0 0 0 0 0 0 0
fn=_dl_determine_tlsoffset
216 9 1 1 0 0 0 6 0 0 0 0 0 0
217 1 0 0 0 0 0 0 0 0 0 0 0 0
218 1 0 0 0 0 0 0 0 0 0 0 0 0
219 1 0 0 0 0 0 0 0 0 0 0 0 0
222 4 0 0 1 0 0 1 0 0 1 0 0 0
225 2 0 0 1 0 0 0 0 0 1 0 0 0
259 1 0 0 0 0 0 0 0 0 0 0 0 0
261 25 1 1 7 1 1 0 0 0 4 2 0 0
263 9 1 1 4 0 0 1 0 0 3 0 0 0
265 9 1 1 3 0 0 0 0 0 0 0 0 0
266 6 0 0 3 0 0 0 0 0 0 0 0 0
268 6 0 0 0 0 0 0 0 0 0 0 0 0
270 15 0 0 3 0 0 0 0 0 3 3 0 0
281 3 0 0 0 0 0 3 0 0 0 0 0 0
286 24 0 0 0 0 0 0 0 0 0 0 0 0
288 6 0 0 0 0 0 0 0 0 3 3 0 0
289 3 0 0 0 0 0 0 0 0 0 0 0 0
294 3 0 0 0 0 0 0 0 0 0 0 0 0
301 1 0 0 0 0 0 1 0 0 0 0 0 0
302 7 2 2 1 0 0 0 0 0 0 0 0 0
304 2 0 0 0 0 0 1 0 0 0 0 0 0
354 1 0 0 0 0 0 1 0 0 0 0 0 0
355 8 0 0 7 0 0 0 0 0 0 0 0 0
fn=_dl_tls_static_surplus_init
83 3 0 0 0 0 0 0 0 0 0 0 0 0
97 8 1 1 0 0 0 4 0 0 0 0 0 0
100 6 0 0 1 0 0 1 0 0 0 0 0 0
101 5 0 0 1 0 0 1 0 0 0 0 0 0
102 3 0 0 0 0 0 0 0 0 0 0 0 0
104 4 1 1 0 0 0 0 0 0 1 0 0 0
107 1 0 0 0 0 0 0 0 0 0 0 0 0
109 1 0 0 0 0 0 1 0 0 0 0 0 0
111 3 0 0 0 0 0 1 0 0 0 0 0 0
112 6 0 0 5 0 0 0 0 0 0 0 0 0
fl=./elf/../include/list.h
fn=__tls_init_tp
43 2 1 1 1 1 0 1 0 0 0 0 0 0
44 2 0 0 0 0 0 1 0 0 0 0 0 0
45 1 0 0 0 0 0 1 0 0 0 0 0 0
47 1 0 0 0 0 0 1 0 0 0 0 0 0
fl=./elf/../include/rtld-malloc.h
fn=__minimal_calloc
56 17 0 0 17 0 0 0 0 0 0 0 17 1
fn=_dl_allocate_tls_storage
44 2 0 0 1 0 0 1 0 0 0 0 1 1
56 1 0 0 1 0 0 1 0 0 0 0 1 1
fn=_dl_check_map_versions
44 18 1 1 6 0 0 6 0 0 0 0 6 1
fn=_dl_find_object_init
56 2 0 0 1 0 0 1 0 0 0 0 1 1
fn=_dl_important_hwcaps
56 4 0 0 2 0 0 2 0 0 0 0 2 2
fn=_dl_init_paths
56 5 0 0 3 0 0 3 0 0 0 0 3 3
fn=_dl_map_object_deps
56 12 0 0 6 0 0 6 0 0 0 0 6 2
fn=_dl_new_object
44 18 0 0 6 0 0 6 0 0 0 0 6 1
56 15 1 1 5 0 0 5 0 0 0 0 5 1
fn=do_lookup_x
44 13 0 0 3 0 0 6 0 0 0 0 3 2
fn=fillin_rpath.isra.0
50 2 1 1 2 0 0 1 0 0 0 0 1 1
51 1 0 0 0 0 0 0 0 0 0 0 0 0
56 2 0 0 1 0 0 1 0 0 0 0 1 1
fn=init_tls
44 2 0 0 1 0 0 1 0 0 0 0 1 1
fl=./elf/../include/scratch_buffer.h
fn=_dl_map_object_deps
77 2 0 0 0 0 0 1 1 1 0 0 0 0
78 1 0 0 0 0 0 1 0 0 0 0 0 0
85 3 1 1 1 0 0 0 0 0 1 1 0 0
131 20 1 1 0 0 0 10 0 0 0 0 0 0
fl=./elf/../misc/sbrk.c
fn=sbrk
37 6 1 1 0 0 0 3 0 0 0 0 0 0
40 1 0 0 1 0 0 0 0 0 0 0 0 0
58 2 0 0 0 0 0 0 0 0 1 0 0 0
62 2 0 0 0 0 0 0 0 0 1 1 0 0
78 5 1 1 4 0 0 0 0 0 0 0 0 0
fl=./elf/../nptl/nptl-stack.h
fn=__libc_early_init
61 8 0 0 2 1 0 0 0 0 0 0 0 0
fl=./elf/../sysdeps/generic/_itoa.h
fn=_dl_check_map_versions
76 39 0 0 13 0 0 26 0 0 0 0 0 0
fl=./elf/../sysdeps/generic/dl-cache.h
fn=_dl_load_cache_lookup
125 4 1 1 4 0 0 0 0 0 0 0 0 0
194 1 0 0 1 0 0 0 0 0 0 0 0 0
195 5 0 0 0 0 0 0 0 0 1 1 0 0
fl=./elf/../sysdeps/generic/dl-call_tls_init_tp.h
fn=init_tls
31 8 0 0 0 0 0 2 0 0 1 0 0 0
33 1 0 0 0 0 0 1 0 0 0 0 0 0
fl=./elf/../sysdeps/generic/dl-debug.h
fn=dl_main
29 4 0 0 2 0 0 0 0 0 1 0 0 0
30 1 0 0 0 0 0 1 0 0 0 0 0 0
fl=./elf/../sysdeps/generic/dl-hash.h
fn=__rtld_malloc_init_real
43 1 0 0 0 0 0 0 0 0 0 0 0 0
44 1 0 0 0 0 0 0 0 0 0 0 0 0
45 19 0 0 6 1 1 0 0 0 6 5 0 0
48 18 0 0 0 0 0 0 0 0 0 0 0 0
62 24 0 0 0 0 0 0 0 0 0 0 0 0
67 1 0 0 0 0 0 0 0 0 0 0 0 0
72 1 0 0 0 0 0 1 0 0 0 0 0 0
fl=./elf/../sysdeps/generic/dl-new-hash.h
fn=_dl_lookup_symbol_x
69 1977 0 0 0 0 0 0 0 0 0 0 0 0
70 3954 0 0 0 0 0 0 0 0 0 0 0 0
74 42597 0 0 42597 1487 1281 0 0 0 0 0 0 0
77 85194 0 0 0 0 0 0 0 0 42597 1016 0 0
80 41604 0 0 41604 487 437 0 0 0 0 0 0 0
81 83208 0 0 0 0 0 0 0 0 41604 988 0 0
87 984 5 1 0 0 0 0 0 0 0 0 0 0
88 984 0 0 0 0 0 0 0 0 0 0 0 0
89 1968 0 0 0 0 0 0 0 0 0 0 0 0
90 984 0 0 0 0 0 0 0 0 0 0 0 0
99 40620 0 0 0 0 0 0 0 0 0 0 0 0
101 40620 0 0 0 0 0 0 0 0 0 0 0 0
102 81240 0 0 0 0 0 0 0 0 0 0 0 0
104 40620 6 1 0 0 0 0 0 0 0 0 0 0
105 40620 0 0 0 0 0 0 0 0 0 0 0 0
fl=./elf/../sysdeps/generic/dl-protected.h
fn=do_lookup_x
29 7844 0 0 0 0 0 0 0 0 1961 0 0 0
fl=./elf/../sysdeps/generic/ldsodefs.h
fn=_dl_relocate_object
79 62 1 1 30 0 0 0 0 0 0 0 0 0
140 10458 0 0 3486 0 0 0 0 0 0 0 0 0
fn=_dl_start
79 6 1 1 3 0 0 0 0 0 0 0 0 0
fn=do_lookup_x
139 3922 0 0 1961 0 0 0 0 0 0 0 0 0
140 5883 0 0 0 0 0 0 0 0 0 0 0 0
fl=./elf/../sysdeps/nptl/dl-mutex.c
fn=__rtld_mutex_init
30 7 1 1 0 0 0 4 0 0 0 0 0 0
37 1 0 0 1 0 0 0 0 0 0 0 0 0
40 7 0 0 0 0 0 1 0 0 0 0 0 0
44 2 1 1 0 0 0 0 0 0 1 0 0 0
45 9 0 0 3 0 0 1 0 0 1 0 0 0
47 6 0 0 0 0 0 1 0 0 0 0 0 0
51 2 1 1 0 0 0 0 0 0 1 0 0 0
52 7 0 0 3 0 0 1 0 0 1 0 0 0
53 6 0 0 5 0 0 0 0 0 0 0 0 0
fl=./elf/../sysdeps/nptl/dl-tls_init_tp.c
fn=__tls_init_tp
68 5 0 0 0 0 0 2 0 0 0 0 0 0
69 1 0 0 1 0 0 0 0 0 0 0 0 0
72 1 0 0 0 0 0 0 0 0 0 0 0 0
75 4 0 0 0 0 0 1 0 0 0 0 0 0
76 2 0 0 0 0 0 1 0 0 0 0 0 0
77 1 1 1 0 0 0 1 0 0 0 0 0 0
82 2 0 0 1 0 0 1 0 0 0 0 0 0
87 4 0 0 0 0 0 1 0 0 0 0 0 0
90 1 0 0 0 0 0 1 0 0 0 0 0 0
93 3 0 0 0 0 0 0 0 0 0 0 0 0
105 4 1 1 0 0 0 1 0 0 0 0 0 0
121 3 0 0 2 0 0 1 0 0 0 0 0 0
128 2 0 0 1 0 0 1 0 0 0 0 0 0
129 3 0 0 3 0 0 0 0 0 0 0 0 0
fn=__tls_pre_init_tp
53 3 1 1 0 0 0 0 0 0 0 0 0 0
56 10 1 1 0 0 0 3 1 1 0 0 0 0
61 2 0 0 0 0 0 1 0 0 0 0 0 0
62 1 1 1 0 0 0 1 0 0 0 0 0 0
64 1 0 0 1 0 0 0 0 0 0 0 0 0
fn=rtld_mutex_dummy
42 178 0 0 0 0 0 0 0 0 0 0 0 0
44 356 0 0 178 0 0 0 0 0 0 0 0 0
fl=./elf/../sysdeps/nptl/pthread_early_init.h
fn=__libc_early_init
33 6 0 0 0 0 0 1 0 0 1 0 0 0
34 1 0 0 1 0 0 0 0 0 0 0 0 0
38 5 1 1 0 0 0 0 0 0 0 0 0 0
45 2 0 0 2 0 0 0 0 0 0 0 0 0
46 1 1 1 0 0 0 0 0 0 0 0 0 0
48 2 0 0 0 0 0 0 0 0 0 0 0 0
52 5 0 0 0 0 0 1 0 0 0 0 0 0
53 1 0 0 0 0 0 1 1 1 0 0 0 0
54 1 0 0 0 0 0 1 1 1 0 0 0 0
56 1 0 0 0 0 0 1 0 0 0 0 0 0
fl=./elf/../sysdeps/posix/dl-fileid.h
fn=_dl_map_object_from_fd
37 20 0 0 0 0 0 5 1 1 5 0 0 0
40 20 0 0 15 0 0 5 0 0 0 0 0 0
49 60 0 0 30 1 1 0 0 0 30 9 0 0
fl=./elf/../sysdeps/unix/sysv/linux/brk.c
fn=brk
36 1 1 1 0 0 0 0 0 0 0 0 0 0
37 1 0 0 0 0 0 1 1 1 0 0 0 0
38 2 0 0 0 0 0 0 0 0 1 0 0 0
44 1 0 0 0 0 0 0 0 0 0 0 0 0
45 1 0 0 1 0 0 0 0 0 0 0 0 0
fl=./elf/../sysdeps/unix/sysv/linux/brk_call.h
fn=brk
24 2 0 0 0 0 0 0 0 0 0 0 0 0
fl=./elf/../sysdeps/unix/sysv/linux/dl-osinfo.h
fn=dl_main
39 2 0 0 1 0 0 0 0 0 0 0 0 0
52 1 0 0 1 1 1 0 0 0 0 0 0 0
fl=./elf/../sysdeps/unix/sysv/linux/dl-parse_auxv.h
fn=_dl_sysdep_parse_arguments
32 2 0 0 0 0 0 1 0 0 0 0 0 0
33 1 0 0 0 0 0 1 0 0 0 0 0 0
34 1 0 0 0 0 0 1 0 0 0 0 0 0
41 85 1 1 22 5 5 0 0 0 21 6 0 0
42 40 0 0 0 0 0 0 0 0 20 0 0 0
43 40 0 0 20 0 0 20 0 0 0 0 0 0
45 1 0 0 0 0 0 1 0 0 0 0 0 0
46 2 0 0 1 0 0 1 0 0 0 0 0 0
47 2 0 0 1 0 0 1 0 0 0 0 0 0
48 2 0 0 1 0 0 1 0 0 0 0 0 0
49 1 0 0 0 0 0 1 0 0 0 0 0 0
51 2 1 1 1 0 0 1 0 0 0 0 0 0
52 2 0 0 1 0 0 1 1 1 0 0 0 0
53 2 0 0 1 0 0 1 0 0 0 0 0 0
54 2 1 1 1 0 0 1 0 0 0 0 0 0
56 2 0 0 1 0 0 1 0 0 0 0 0 0
fl=./elf/../sysdeps/unix/sysv/linux/dl-sysdep.c
fn=_dl_sysdep_parse_arguments
78 7 1 1 0 0 0 4 1 1 0 0 0 0
79 2 0 0 1 0 0 1 1 1 0 0 0 0
80 2 0 0 0 0 0 1 0 0 0 0 0 0
81 3 0 0 0 0 0 1 1 1 0 0 0 0
82 37 0 0 0 0 0 0 0 0 0 0 0 0
83 77 1 1 38 5 5 0 0 0 38 10 0 0
86 2 1 1 0 0 0 1 1 1 0 0 0 0
90 56 0 0 0 0 0 52 6 6 52 10 0 0
93 5 0 0 3 0 0 1 0 0 0 0 0 0
94 2 0 0 1 0 0 1 0 0 0 0 0 0
95 3 1 1 2 0 0 1 0 0 0 0 0 0
96 6 0 0 5 0 0 0 0 0 0 0 0 0
fn=_dl_sysdep_start
102 6 1 1 0 0 0 2 1 1 0 0 0 0
103 1 0 0 0 0 0 1 0 0 0 0 0 0
106 2 0 0 0 0 0 1 0 0 0 0 0 0
110 2 0 0 1 0 0 1 0 0 0 0 0 0
113 1 0 0 0 0 0 1 0 0 0 0 0 0
115 2 0 0 0 0 0 1 0 0 0 0 0 0
122 3 1 1 1 0 0 0 0 0 1 0 0 0
123 2 0 0 0 0 0 2 0 0 0 0 0 0
125 5 0 0 0 0 0 1 0 0 1 0 0 0
137 3 0 0 1 0 0 0 0 0 1 0 0 0
140 5 1 1 3 0 0 1 0 0 0 0 1 1
143 4 1 0 4 1 0 0 0 0 0 0 0 0
fn=_dl_sysdep_start_cleanup
147 1 1 1 0 0 0 0 0 0 0 0 0 0
148 1 0 0 1 0 0 0 0 0 0 0 0 0
fl=./elf/../sysdeps/unix/sysv/linux/dl-vdso-setup.h
fn=dl_main
30 1 0 0 0 0 0 1 0 0 0 0 0 0
33 1 1 1 0 0 0 1 0 0 0 0 0 0
36 1 0 0 0 0 0 1 0 0 0 0 0 0
39 1 0 0 0 0 0 1 0 0 0 0 0 0
45 1 0 0 0 0 0 1 0 0 0 0 0 0
fl=./elf/../sysdeps/unix/sysv/linux/dl-vdso.h
fn=dl_main
40 2 1 1 1 0 0 0 0 0 0 0 0 0
41 5 0 0 0 0 0 2 0 0 1 0 0 0
55 2 0 0 0 0 0 0 0 0 0 0 0 0
fl=./elf/../sysdeps/unix/sysv/linux/rseq-internal.h
fn=__tls_init_tp
32 3 0 0 1 0 0 0 0 0 1 1 0 0
34 7 1 1 0 0 0 0 0 0 0 0 0 0
37 2 0 0 0 0 0 0 0 0 1 1 0 0
40 1 0 0 0 0 0 1 0 0 0 0 0 0
fl=./elf/../sysdeps/unix/sysv/linux/x86/dl-hwcap2.h
fn=update_active.constprop.0
25 2 0 0 1 0 0 0 0 0 1 1 0 0
fl=./elf/../sysdeps/unix/sysv/linux/x86/dl-minsigstacksize.h
fn=get_common_indices.constprop.0
24 2 2 2 1 0 0 0 0 0 1 0 0 0
27 2 0 0 1 0 0 0 0 0 1 0 0 0
28 2 0 0 1 0 0 0 0 0 1 0 0 0
65 3 0 0 0 0 0 0 0 0 0 0 0 0
72 1 0 0 0 0 0 0 0 0 0 0 0 0
74 1 0 0 0 0 0 1 0 0 0 0 0 0
fl=./elf/../sysdeps/x86/cpu-features.c
fn=get_common_indices.constprop.0
398 3 1 1 0 0 0 2 0 0 0 0 0 0
402 4 0 0 0 0 0 0 0 0 1 0 0 0
405 5 0 0 0 0 0 3 0 0 0 0 0 0
409 1 0 0 0 0 0 1 0 0 0 0 0 0
410 4 0 0 0 0 0 1 0 0 0 0 0 0
411 4 1 1 0 0 0 1 0 0 0 0 0 0
412 4 0 0 0 0 0 1 0 0 0 0 0 0
413 3 0 0 0 0 0 1 0 0 0 0 0 0
414 2 0 0 1 0 0 0 0 0 1 0 0 0
421 2 0 0 1 0 0 0 0 0 1 0 0 0
423 9 0 0 0 0 0 4 1 1 0 0 0 0
428 8 2 2 0 0 0 4 1 1 0 0 0 0
435 2 0 0 1 0 0 0 0 0 1 0 0 0
436 7 0 0 0 0 0 4 1 1 0 0 0 0
442 2 0 0 1 0 0 0 0 0 1 1 0 0
457 3 0 0 3 0 0 0 0 0 0 0 0 0
fn=init_cpu_features.constprop.0
376 3 0 0 0 0 0 0 0 0 0 0 0 0
377 2 0 0 0 0 0 0 0 0 1 0 0 0
378 6 0 0 0 0 0 4 0 0 0 0 0 0
383 2 1 1 0 0 0 0 0 0 1 1 0 0
384 6 1 1 0 0 0 4 0 0 0 0 0 0
389 2 0 0 0 0 0 0 0 0 1 0 0 0
390 7 1 1 0 0 0 4 0 0 0 0 0 0
682 8 1 1 0 0 0 6 0 0 0 0 0 0
685 1 0 0 0 0 0 1 0 0 0 0 0 0
686 1 1 1 0 0 0 1 0 0 0 0 0 0
687 1 0 0 0 0 0 1 0 0 0 0 0 0
690 1 0 0 0 0 0 1 1 1 0 0 0 0
699 3 0 0 0 0 0 1 0 0 0 0 0 0
702 6 1 1 0 0 0 0 0 0 3 1 0 0
703 1 0 0 0 0 0 0 0 0 0 0 0 0
706 2 0 0 0 0 0 1 0 0 0 0 0 0
708 6 2 2 0 0 0 1 0 0 0 0 0 0
713 1 0 0 0 0 0 1 0 0 0 0 0 0
715 3 0 0 1 0 0 0 0 0 1 1 0 0
717 9 2 2 3 1 1 1 0 0 1 0 0 0
721 7 0 0 1 1 1 0 0 0 1 0 1 1
774 3 0 0 2 0 0 0 0 0 1 1 0 0
781 2 1 1 0 0 0 1 0 0 0 0 0 0
799 1 1 1 0 0 0 1 0 0 0 0 0 0
832 2 0 0 0 0 0 0 0 0 1 1 0 0
866 4 1 1 0 0 0 0 0 0 1 1 0 0
869 2 0 0 0 0 0 1 0 0 0 0 0 0
870 1 1 1 0 0 0 0 0 0 0 0 0 0
878 2 1 1 1 0 0 0 0 0 1 0 0 0
885 2 0 0 1 0 0 0 0 0 1 0 0 0
887 2 0 0 0 0 0 1 0 0 0 0 0 0
891 2 0 0 0 0 0 0 0 0 1 0 0 0
897 2 0 0 1 0 0 0 0 0 1 1 0 0
899 1 1 1 0 0 0 0 0 0 0 0 0 0
1001 3 1 1 1 0 0 0 0 0 1 0 0 0
1002 2 0 0 0 0 0 1 0 0 0 0 0 0
1005 2 0 0 0 0 0 0 0 0 1 0 0 0
1006 2 0 0 0 0 0 1 0 0 0 0 0 0
1012 1 0 0 0 0 0 1 0 0 0 0 0 0
1013 1 0 0 0 0 0 1 0 0 0 0 0 0
1014 1 0 0 0 0 0 1 0 0 0 0 0 0
1015 2 1 1 1 0 0 1 0 0 0 0 0 0
1019 4 0 0 0 0 0 1 0 0 0 0 0 0
1022 4 0 0 0 0 0 1 0 0 0 0 0 0
1028 3 0 0 1 0 0 0 0 0 1 1 0 0
1041 2 0 0 0 0 0 0 0 0 0 0 0 0
1042 4 1 1 1 0 0 0 0 0 1 1 0 0
1081 1 0 0 0 0 0 1 0 0 0 0 0 0
1082 2 1 1 1 0 0 0 0 0 1 1 0 0
1086 3 0 0 1 0 0 0 0 0 1 1 0 0
1103 2 1 1 0 0 0 0 0 0 0 0 0 0
1104 2 0 0 0 0 0 0 0 0 1 0 0 0
1106 3 0 0 0 0 0 0 0 0 1 0 0 0
1107 2 0 0 1 0 0 0 0 0 0 0 0 0
1109 3 0 0 0 0 0 0 0 0 1 0 0 0
1110 2 0 0 0 0 0 0 0 0 0 0 0 0
1113 2 0 0 0 0 0 1 0 0 0 0 0 0
1127 4 0 0 0 0 0 1 0 0 0 0 0 0
1129 4 0 0 0 0 0 1 0 0 0 0 0 0
1135 4 0 0 0 0 0 1 0 0 0 0 0 0
1142 8 0 0 7 0 0 0 0 0 0 0 0 0
fn=update_active.constprop.0
72 8 2 2 0 0 0 6 0 0 0 0 0 0
76 1 0 0 1 0 0 0 0 0 0 0 0 0
84 3 1 1 1 0 0 0 0 0 0 0 0 0
85 3 0 0 0 0 0 0 0 0 0 0 0 0
86 1 0 0 1 0 0 0 0 0 0 0 0 0
94 4 0 0 1 0 0 1 0 0 0 0 0 0
95 1 0 0 1 0 0 0 0 0 0 0 0 0
103 4 0 0 1 0 0 1 0 0 0 0 0 0
104 1 0 0 1 0 0 0 0 0 0 0 0 0
109 4 0 0 0 0 0 1 0 0 0 0 0 0
112 4 0 0 1 0 0 1 0 0 0 0 0 0
113 1 0 0 1 0 0 0 0 0 0 0 0 0
116 5 1 1 1 0 0 2 1 1 0 0 0 0
117 2 1 1 1 0 0 1 0 0 0 0 0 0
121 5 0 0 1 0 0 2 0 0 0 0 0 0
122 3 0 0 2 0 0 0 0 0 0 0 0 0
123 3 1 1 2 0 0 0 0 0 0 0 0 0
124 2 0 0 1 0 0 1 0 0 0 0 0 0
128 5 0 0 1 0 0 1 0 0 0 0 0 0
129 5 1 1 2 0 0 1 0 0 0 0 0 0
130 3 0 0 2 1 1 0 0 0 0 0 0 0
132 2 0 0 0 0 0 0 0 0 1 0 0 0
133 4 0 0 0 0 0 1 0 0 0 0 0 0
147 2 0 0 0 0 0 0 0 0 1 1 0 0
151 7 2 2 0 0 0 4 1 1 0 0 0 0
152 4 0 0 0 0 0 1 0 0 0 0 0 0
154 3 0 0 0 0 0 0 0 0 1 1 0 0
158 4 1 1 0 0 0 1 0 0 1 0 0 0
161 1 0 0 0 0 0 0 0 0 0 0 0 0
164 2 0 0 0 0 0 0 0 0 1 1 0 0
166 2 0 0 0 0 0 1 0 0 0 0 0 0
170 1 0 0 0 0 0 0 0 0 0 0 0 0
171 1 1 1 1 1 1 0 0 0 0 0 0 0
178 4 1 1 1 0 0 1 0 0 0 0 0 0
180 5 0 0 1 0 0 1 0 0 0 0 0 0
186 4 0 0 0 0 0 1 0 0 0 0 0 0
188 5 1 1 2 0 0 1 0 0 0 0 0 0
190 4 0 0 0 0 0 2 0 0 0 0 0 0
195 5 0 0 0 0 0 1 0 0 1 1 0 0
244 3 0 0 1 0 0 0 0 0 0 0 0 0
245 3 0 0 1 0 0 0 0 0 1 1 0 0
261 4 1 1 0 0 0 0 0 0 1 0 0 0
277 2 0 0 0 0 0 0 0 0 1 1 0 0
281 2 0 0 0 0 0 1 0 0 0 0 0 0
282 1 1 1 1 0 0 0 0 0 0 0 0 0
285 4 0 0 1 0 0 1 0 0 0 0 0 0
289 2 0 0 0 0 0 0 0 0 1 0 0 0
293 3 1 1 0 0 0 0 0 0 0 0 0 0
294 2 0 0 0 0 0 0 0 0 1 0 0 0
296 1 0 0 0 0 0 0 0 0 0 0 0 0
297 1 0 0 0 0 0 0 0 0 0 0 0 0
300 2 0 0 0 0 0 1 0 0 0 0 0 0
302 1 0 0 0 0 0 1 0 0 0 0 0 0
305 2 0 0 0 0 0 0 0 0 1 1 0 0
356 5 1 1 0 0 0 0 0 0 1 1 0 0
360 3 1 1 1 0 0 0 0 0 1 1 0 0
369 1 0 0 0 0 0 1 0 0 0 0 0 0
370 8 0 0 7 0 0 0 0 0 0 0 0 0
fl=./elf/../sysdeps/x86/dl-cacheinfo.h
fn=get_common_cache_info.constprop.0
571 11 1 1 0 0 0 6 0 0 0 0 0 0
586 1 0 0 1 0 0 0 0 0 0 0 0 0
587 1 0 0 1 0 0 0 0 0 0 0 0 0
588 2 0 0 1 0 0 1 0 0 0 0 0 0
589 1 1 1 1 0 0 0 0 0 0 0 0 0
590 2 0 0 1 0 0 1 0 0 0 0 0 0
596 3 0 0 0 0 0 1 0 0 0 0 0 0
598 7 1 1 3 0 0 2 0 0 0 0 0 0
601 2 0 0 0 0 0 0 0 0 1 0 0 0
613 1 0 0 0 0 0 0 0 0 0 0 0 0
618 3 1 1 1 0 0 0 0 0 1 0 0 0
622 2 0 0 0 0 0 0 0 0 1 1 0 0
627 5 1 1 1 0 0 0 0 0 1 1 0 0
630 24 2 2 0 0 0 5 0 0 1 1 0 0
637 8 0 0 0 0 0 0 0 0 4 0 0 0
640 26 0 0 0 0 0 0 0 0 7 5 0 0
645 2 1 1 0 0 0 0 0 0 1 0 0 0
649 3 0 0 0 0 0 0 0 0 0 0 0 0
650 2 0 0 0 0 0 0 0 0 0 0 0 0
654 2 0 0 0 0 0 0 0 0 1 0 0 0
658 3 0 0 0 0 0 0 0 0 0 0 0 0
661 4 0 0 0 0 0 1 0 0 0 0 0 0
662 1 0 0 0 0 0 0 0 0 0 0 0 0
667 4 0 0 0 0 0 0 0 0 2 1 0 0
673 4 0 0 0 0 0 0 0 0 2 0 0 0
681 6 0 0 0 0 0 0 0 0 0 0 0 0
683 2 0 0 0 0 0 0 0 0 1 0 0 0
685 4 0 0 0 0 0 0 0 0 2 1 0 0
687 12 1 1 0 0 0 0 0 0 1 0 0 0
689 1 0 0 0 0 0 0 0 0 0 0 0 0
690 1 0 0 0 0 0 0 0 0 0 0 0 0
691 9 0 0 1 0 0 0 0 0 2 0 0 0
693 4 1 1 0 0 0 0 0 0 2 1 0 0
696 7 1 1 4 0 0 0 0 0 1 0 0 0
701 1 0 0 0 0 0 0 0 0 0 0 0 0
703 4 1 1 0 0 0 0 0 0 0 0 0 0
704 3 0 0 0 0 0 0 0 0 0 0 0 0
705 1 0 0 0 0 0 0 0 0 0 0 0 0
708 2 0 0 0 0 0 0 0 0 1 1 0 0
711 2 1 1 0 0 0 0 0 0 1 0 0 0
718 1 0 0 0 0 0 0 0 0 0 0 0 0
720 4 0 0 0 0 0 0 0 0 0 0 0 0
721 1 0 0 0 0 0 0 0 0 0 0 0 0
726 2 0 0 0 0 0 0 0 0 0 0 0 0
731 2 0 0 0 0 0 0 0 0 1 0 0 0
732 1 0 0 0 0 0 0 0 0 0 0 0 0
733 2 0 0 0 0 0 0 0 0 1 0 0 0
734 1 0 0 0 0 0 0 0 0 0 0 0 0
759 3 0 0 0 0 0 0 0 0 0 0 0 0
770 5 0 0 1 0 0 0 0 0 2 0 0 0
771 5 0 0 0 0 0 1 0 0 0 0 0 0
775 2 1 1 1 0 0 0 0 0 1 1 0 0
782 1 0 0 0 0 0 1 0 0 0 0 0 0
783 2 0 0 1 0 0 1 0 0 0 0 0 0
784 1 0 0 0 0 0 1 0 0 0 0 0 0
785 7 0 0 7 0 0 0 0 0 0 0 0 0
fn=handle_intel.constprop.0
250 108 0 0 0 0 0 72 0 0 0 0 0 0
255 24 1 1 12 0 0 0 0 0 12 0 0 0
261 12 0 0 0 0 0 12 0 0 0 0 0 0
262 12 0 0 0 0 0 12 0 0 0 0 0 0
267 48 0 0 0 0 0 12 0 0 0 0 0 0
271 24 0 0 0 0 0 0 0 0 12 11 0 0
276 24 1 1 0 0 0 0 0 0 0 0 0 0
279 60 0 0 0 0 0 12 0 0 0 0 0 0
281 24 0 0 0 0 0 0 0 0 12 0 0 0
284 60 1 1 0 0 0 12 0 0 0 0 0 0
286 24 0 0 0 0 0 0 0 0 12 12 0 0
305 96 0 0 84 0 0 0 0 0 0 0 0 0
fn=init_cpu_features.constprop.0
792 1 0 0 0 0 0 1 0 0 0 0 0 0
793 1 0 0 0 0 0 1 0 0 0 0 0 0
795 1 0 0 0 0 0 1 0 0 0 0 0 0
809 2 0 0 0 0 0 0 0 0 1 1 0 0
811 3 1 1 0 0 0 2 0 0 0 0 0 0
812 3 1 1 0 0 0 1 0 0 0 0 0 0
813 3 0 0 0 0 0 2 0 0 0 0 0 0
814 2 0 0 0 0 0 2 0 0 0 0 0 0
817 3 0 0 0 0 0 2 0 0 0 0 0 0
819 3 1 1 0 0 0 2 0 0 0 0 0 0
820 2 0 0 1 0 0 1 0 0 0 0 0 0
822 3 0 0 0 0 0 2 0 0 0 0 0 0
824 3 0 0 0 0 0 2 0 0 0 0 0 0
825 1 0 0 0 0 0 1 0 0 0 0 0 0
827 3 0 0 0 0 0 2 0 0 0 0 0 0
829 3 1 1 0 0 0 2 0 0 0 0 0 0
830 2 0 0 1 0 0 1 0 0 0 0 0 0
832 3 0 0 0 0 0 2 0 0 0 0 0 0
834 3 0 0 0 0 0 1 0 0 0 0 0 0
836 3 1 1 0 0 0 2 0 0 0 0 0 0
838 5 0 0 1 0 0 1 0 0 0 0 0 0
894 2 1 1 1 0 0 1 1 1 0 0 0 0
895 2 0 0 1 0 0 1 0 0 0 0 0 0
896 2 0 0 1 0 0 1 0 0 0 0 0 0
897 2 1 1 1 0 0 1 0 0 0 0 0 0
898 2 0 0 1 0 0 1 0 0 0 0 0 0
899 2 0 0 1 0 0 1 0 0 0 0 0 0
900 1 0 0 0 0 0 1 1 1 0 0 0 0
901 1 0 0 0 0 0 1 0 0 0 0 0 0
902 1 0 0 0 0 0 1 0 0 0 0 0 0
903 1 1 1 0 0 0 1 0 0 0 0 0 0
904 1 0 0 0 0 0 1 0 0 0 0 0 0
905 1 0 0 0 0 0 1 0 0 0 0 0 0
907 1 0 0 1 0 0 0 0 0 0 0 0 0
910 3 0 0 0 0 0 0 0 0 0 0 0 0
924 3 0 0 1 0 0 0 0 0 0 0 0 0
925 7 1 1 5 0 0 2 0 0 0 0 0 0
930 2 0 0 0 0 0 0 0 0 0 0 0 0
931 6 0 0 2 0 0 0 0 0 0 0 0 0
932 2 0 0 0 0 0 0 0 0 0 0 0 0
939 3 0 0 1 0 0 0 0 0 1 0 0 0
959 6 1 1 0 0 0 0 0 0 0 0 0 0
968 2 0 0 0 0 0 0 0 0 0 0 0 0
969 2 0 0 0 0 0 0 0 0 1 1 0 0
974 12 2 2 0 0 0 0 0 0 0 0 0 0
987 5 0 0 2 0 0 1 0 0 0 0 0 0
995 7 1 1 1 0 0 1 0 0 0 0 0 0
997 2 0 0 0 0 0 0 0 0 1 1 0 0
1000 5 0 0 1 0 0 1 0 0 0 0 0 0
1002 2 0 0 0 0 0 0 0 0 1 1 0 0
1005 5 1 1 1 0 0 1 0 0 0 0 0 0
1006 5 0 0 0 0 0 1 0 0 1 0 0 0
1010 6 0 0 1 0 0 2 0 0 0 0 0 0
1011 3 0 0 1 0 0 0 0 0 1 1 0 0
1017 7 0 0 1 0 0 3 0 0 0 0 0 0
1020 11 2 2 2 0 0 5 0 0 0 0 0 0
1021 10 1 1 2 0 0 5 0 0 0 0 0 0
1022 13 2 2 2 0 0 6 0 0 0 0 0 0
1025 10 0 0 1 0 0 5 0 0 0 0 0 0
1027 10 1 1 1 0 0 5 0 0 0 0 0 0
1040 4 0 0 3 0 0 0 0 0 0 0 0 0
1042 2 0 0 1 0 0 1 0 0 0 0 0 0
1043 2 1 1 1 0 0 1 0 0 0 0 0 0
1044 1 0 0 0 0 0 1 0 0 0 0 0 0
1045 1 0 0 0 0 0 1 0 0 0 0 0 0
1046 1 1 1 0 0 0 1 0 0 0 0 0 0
1047 1 0 0 0 0 0 1 0 0 0 0 0 0
fn=intel_check_word.constprop.0
110 648 1 1 324 6 6 0 0 0 324 6 0 0
113 324 0 0 0 0 0 0 0 0 324 41 0 0
119 216 0 0 0 0 0 96 0 0 0 0 0 0
123 48 1 1 0 0 0 0 0 0 24 0 0 0
125 12 0 0 0 0 0 0 0 0 0 0 0 0
129 120 1 1 0 0 0 0 0 0 0 0 0 0
131 144 0 0 0 0 0 0 0 0 72 2 0 0
133 60 0 0 0 0 0 0 0 0 0 0 0 0
135 120 0 0 0 0 0 0 0 0 60 0 0 0
143 120 1 1 0 0 0 0 0 0 60 2 0 0
152 12 0 0 0 0 0 0 0 0 0 0 0 0
155 138 1 1 0 0 0 0 0 0 12 5 0 0
158 99 0 0 0 0 0 0 0 0 33 1 0 0
162 58 0 0 0 0 0 0 0 0 0 0 0 0
164 189 1 1 0 0 0 0 0 0 35 6 0 0
167 120 0 0 0 0 0 0 0 0 20 3 0 0
168 72 0 0 0 0 0 0 0 0 18 4 0 0
169 60 0 0 0 0 0 0 0 0 15 3 0 0
170 48 0 0 0 0 0 0 0 0 12 4 0 0
172 11 1 1 0 0 0 0 0 0 0 0 0 0
174 22 0 0 0 0 0 0 0 0 11 4 0 0
176 12 1 1 0 0 0 0 0 0 0 0 0 0
177 16 0 0 0 0 0 0 0 0 0 0 0 0
178 12 0 0 0 0 0 0 0 0 0 0 0 0
179 20 0 0 0 0 0 0 0 0 0 0 0 0
180 14 1 1 0 0 0 0 0 0 7 3 0 0
181 12 0 0 0 0 0 0 0 0 0 0 0 0
183 8 0 0 0 0 0 0 0 0 4 0 0 0
184 12 0 0 0 0 0 0 0 0 0 0 0 0
187 21 0 0 0 0 0 0 0 0 0 0 0 0
190 2 0 0 0 0 0 0 0 0 0 0 0 0
194 192 0 0 0 0 0 0 0 0 48 6 0 0
202 168 1 1 48 0 0 0 0 0 0 0 0 0
216 48 0 0 0 0 0 0 0 0 0 0 0 0
246 144 0 0 120 0 0 0 0 0 0 0 0 0
fl=./elf/../sysdeps/x86/dl-get-cpu-features.c
fn=__x86_cpu_features
39 3 0 0 1 0 0 0 0 0 1 0 0 0
71 3 1 1 1 0 0 0 0 0 0 0 0 0
fn=_dl_x86_init_cpu_features
37 1 1 1 0 0 0 0 0 0 0 0 0 0
39 3 0 0 1 0 0 0 0 0 1 1 0 0
41 1 0 0 0 0 0 0 0 0 0 0 0 0
fl=./elf/../sysdeps/x86/dl-isa-level.h
fn=_dl_load_cache_lookup
28 24 0 0 8 0 0 8 0 0 0 0 0 0
fl=./elf/../sysdeps/x86/dl-procinfo.h
fn=_dl_load_cache_lookup
39 8 1 1 0 0 0 0 0 0 4 0 0 0
42 28 0 0 0 0 0 8 1 1 4 3 0 0
fl=./elf/../sysdeps/x86/dl-prop.h
fn=_dl_map_object_from_fd
149 20 0 0 10 0 0 0 0 0 10 9 0 0
fn=_dl_process_pt_gnu_property
95 36 2 1 0 0 0 0 0 0 9 0 0 0
102 18 0 0 0 0 0 0 0 0 9 0 0 0
115 18 0 0 0 0 0 0 0 0 9 6 0 0
118 9 0 0 9 2 2 0 0 0 0 0 0 0
252 6 1 1 0 0 0 0 0 0 3 0 0 0
253 3 0 0 0 0 0 3 0 0 0 0 0 0
254 12 0 0 0 0 0 0 0 0 6 0 0 0
255 6 0 0 0 0 0 6 0 0 0 0 0 0
257 36 0 0 9 0 0 9 0 0 0 0 0 0
258 3 0 0 3 0 0 0 0 0 0 0 0 0
260 9 0 0 3 0 0 0 0 0 0 0 0 0
fn=dl_main
36 2 0 0 2 0 0 0 0 0 0 0 0 0
37 24 1 1 0 0 0 0 0 0 8 5 0 0
40 10 0 0 10 0 0 0 0 0 0 0 0 0
49 40 1 1 13 0 0 0 0 0 14 1 0 0
53 33 0 0 7 0 0 0 0 0 6 0 0 0
71 2 0 0 1 0 0 1 0 0 0 0 0 0
149 4 0 0 2 0 0 0 0 0 2 2 0 0
235 4 1 1 4 0 0 0 0 0 0 0 0 0
236 2 0 0 2 0 0 0 0 0 0 0 0 0
fl=./elf/../sysdeps/x86/get-isa-level.h
fn=_dl_hwcaps_subdirs_active
30 4 0 0 0 0 0 0 0 0 1 1 0 0
31 1 0 0 1 0 0 0 0 0 0 0 0 0
32 3 0 0 1 0 0 0 0 0 1 0 0 0
36 3 0 0 0 0 0 0 0 0 1 0 0 0
39 4 1 1 1 0 0 0 0 0 1 0 0 0
40 4 0 0 1 0 0 0 0 0 1 0 0 0
45 4 0 0 0 0 0 0 0 0 1 0 0 0
48 2 0 0 0 0 0 0 0 0 1 0 0 0
51 5 0 0 1 0 0 0 0 0 1 0 0 0
53 4 1 1 0 0 0 0 0 0 1 0 0 0
54 2 0 0 0 0 0 0 0 0 1 0 0 0
55 2 0 0 0 0 0 0 0 0 1 0 0 0
58 4 0 0 0 0 0 0 0 0 1 1 0 0
fn=update_active.constprop.0
28 1 0 0 0 0 0 0 0 0 0 0 0 0
30 4 0 0 0 0 0 0 0 0 0 0 0 0
31 1 0 0 1 0 0 0 0 0 0 0 0 0
32 3 0 0 0 0 0 0 0 0 1 0 0 0
36 3 0 0 0 0 0 0 0 0 1 1 0 0
38 1 0 0 0 0 0 0 0 0 0 0 0 0
39 2 1 1 0 0 0 0 0 0 1 0 0 0
40 4 1 1 1 0 0 0 0 0 1 0 0 0
45 4 0 0 0 0 0 0 0 0 0 0 0 0
47 1 0 0 0 0 0 0 0 0 0 0 0 0
48 2 0 0 0 0 0 0 0 0 1 0 0 0
51 5 1 1 1 0 0 0 0 0 1 0 0 0
53 4 0 0 0 0 0 0 0 0 1 0 0 0
54 2 0 0 0 0 0 0 0 0 0 0 0 0
55 2 0 0 0 0 0 0 0 0 1 0 0 0
57 1 0 0 0 0 0 0 0 0 0 0 0 0
58 4 0 0 0 0 0 0 0 0 1 1 0 0
fl=./elf/../sysdeps/x86_64/dl-cet.c
fn=_dl_cet_check
145 2 0 0 1 1 0 0 0 0 1 0 0 0
157 2 0 0 1 0 0 0 0 0 1 1 0 0
173 1 1 1 0 0 0 0 0 0 0 0 0 0
179 1 0 0 0 0 0 1 0 0 0 0 0 0
275 2 0 0 0 0 0 0 0 0 1 0 0 0
276 1 0 0 0 0 0 1 0 0 0 0 0 0
277 2 0 0 1 0 0 0 0 0 0 0 0 0
282 4 0 0 1 0 0 1 0 0 0 0 0 0
283 3 0 0 0 0 0 1 0 0 0 0 0 0
285 2 0 0 1 0 0 1 0 0 0 0 0 0
293 5 1 1 1 0 0 0 0 0 1 0 0 0
296 1 0 0 0 0 0 1 0 0 0 0 0 0
300 2 0 0 0 0 0 0 0 0 1 0 0 0
301 1 0 0 0 0 0 1 0 0 0 0 0 0
302 2 0 0 0 0 0 0 0 0 0 0 0 0
303 2 1 1 0 0 0 0 0 0 1 0 0 0
304 2 0 0 0 0 0 1 0 0 0 0 0 0
305 2 0 0 0 0 0 0 0 0 0 0 0 0
308 1 0 0 0 0 0 1 0 0 0 0 0 0
310 1 0 0 0 0 0 1 0 0 0 0 0 0
313 2 0 0 0 0 0 0 0 0 1 0 0 0
361 8 1 1 0 0 0 4 0 0 0 0 0 0
363 6 0 0 5 0 0 0 0 0 0 0 0 0
fn=_dl_cet_setup_features
331 1 1 1 0 0 0 0 0 0 0 0 0 0
334 2 0 0 0 0 0 0 0 0 1 0 0 0
350 1 0 0 1 0 0 0 0 0 0 0 0 0
fl=./elf/../sysdeps/x86_64/dl-hwcaps-subdirs.c
fn=_dl_hwcaps_subdirs_active
29 1 1 1 0 0 0 0 0 0 0 0 0 0
38 3 0 0 0 0 0 0 0 0 0 0 0 0
43 1 0 0 0 0 0 0 0 0 0 0 0 0
48 1 0 0 0 0 0 0 0 0 0 0 0 0
52 1 0 0 1 0 0 0 0 0 0 0 0 0
fl=./elf/../sysdeps/x86_64/dl-irel.h
fn=_dl_fixup
32 4 3 1 0 0 0 4 0 0 0 0 4 4
fl=./elf/../sysdeps/x86_64/dl-machine.h
fn=_dl_fixup
234 111 0 0 0 0 0 111 0 0 0 0 0 0
fn=_dl_relocate_object
81 30 0 0 4 0 0 0 0 0 4 2 0 0
87 8 1 1 6 2 0 0 0 0 2 2 0 0
91 6 0 0 2 2 2 0 0 0 2 0 0 0
97 2 0 0 0 0 0 2 0 0 0 0 0 0
108 6 0 0 2 0 0 0 0 0 2 0 0 0
129 4 0 0 2 0 0 0 0 0 2 0 0 0
132 4 0 0 0 0 0 2 0 0 0 0 0 0
134 8 0 0 2 1 0 0 0 0 0 0 0 0
267 7006 2 2 0 0 0 0 0 0 0 0 0 0
274 7006 0 0 0 0 0 0 0 0 3503 1 0 0
278 7006 0 0 0 0 0 0 0 0 3503 4 0 0
287 28403 3 3 10665 3 1 0 0 0 7041 30 0 0
290 7025 1 1 3470 0 0 0 0 0 0 0 0 0
291 136 0 0 0 0 0 0 0 0 68 14 0 0
292 13948 0 0 0 0 0 0 0 0 3487 11 0 0
295 16 1 1 0 0 0 0 0 0 8 0 0 0
296 24 0 0 8 0 0 0 0 0 8 2 0 0
307 16 1 1 0 0 0 16 0 0 0 0 0 0
314 40 1 1 16 0 0 8 0 0 0 0 8 8
317 21018 1 1 3503 4 3 0 0 0 3503 0 3503 596
320 83 0 0 0 0 0 83 0 0 0 0 0 0
323 83 0 0 0 0 0 0 0 0 0 0 0 0
346 8 1 1 0 0 0 0 0 0 4 0 0 0
347 12 0 0 8 3 0 4 3 2 0 0 0 0
352 6 0 0 2 0 0 0 0 0 2 2 0 0
354 4 0 0 4 0 0 0 0 0 0 0 0 0
363 4 0 0 2 0 0 2 1 0 0 0 0 0
393 35 1 1 0 0 0 21 0 0 0 0 0 0
400 51 1 1 17 0 0 0 0 0 17 0 0 0
402 68 0 0 17 0 0 0 0 0 17 0 0 0
406 51 1 1 34 3 3 0 0 0 0 0 0 0
415 34 0 0 17 0 0 17 5 5 0 0 0 0
423 9736 1 1 6261 354 354 3475 1097 447 0 0 0 0
436 7 0 0 0 0 0 4 0 0 1 0 0 0
460 15 1 1 5 0 0 0 0 0 5 0 0 0
464 20 0 0 5 0 0 10 0 0 0 0 0 0
465 20 1 1 10 3 2 0 0 0 0 0 0 0
466 25 0 0 15 0 0 0 0 0 5 0 0 0
467 10 1 1 0 0 0 0 0 0 5 5 0 0
476 136 1 1 136 0 0 0 0 0 0 0 0 0
478 68 0 0 0 0 0 68 0 0 0 0 68 68
479 68 0 0 0 0 0 68 3 1 0 0 0 0
498 3111 0 0 1037 129 129 0 0 0 0 0 0 0
499 1037 0 0 0 0 0 1037 282 276 0 0 0 0
503 2074 0 0 0 0 0 0 0 0 1037 0 0 0
504 2074 0 0 1037 129 129 0 0 0 0 0 0 0
514 2224 0 0 1112 0 0 0 0 0 0 0 0 0
518 2224 0 0 0 0 0 0 0 0 1112 0 0 0
521 3336 0 0 1112 0 0 0 0 0 1112 0 0 0
522 1112 0 0 1112 139 139 0 0 0 0 0 0 0
730 14 0 0 0 0 0 0 0 0 7 3 0 0
734 8 1 1 4 2 0 0 0 0 4 0 0 0
fn=_dl_start
55 1 0 0 0 0 0 0 0 0 0 0 0 0
278 9 0 0 0 0 0 0 0 0 3 0 0 0
287 27 0 0 9 3 3 1 0 0 3 0 0 0
290 6 0 0 3 0 0 0 0 0 0 0 0 0
291 12 0 0 0 0 0 0 0 0 3 0 0 0
317 8 0 0 0 0 0 0 0 0 4 3 0 0
323 2 0 0 0 0 0 2 1 1 0 0 0 0
fn=_dl_sysdep_start
220 1 0 0 0 0 0 1 0 0 0 0 0 0
fl=./elf/../sysdeps/x86_64/dl-runtime.h
fn=_dl_fixup
28 111 0 0 0 0 0 0 0 0 0 0 0 0
fl=./elf/../sysdeps/x86_64/dl-trampoline.h
fn=_dl_runtime_resolve_xsave
71 111 6 1 0 0 0 0 0 0 0 0 0 0
76 111 0 0 0 0 0 111 0 0 0 0 0 0
79 111 0 0 0 0 0 0 0 0 0 0 0 0
81 111 0 0 0 0 0 0 0 0 0 0 0 0
91 111 0 0 111 3 0 0 0 0 0 0 0 0
97 111 0 0 0 0 0 111 6 2 0 0 0 0
98 111 0 0 0 0 0 111 0 0 0 0 0 0
99 111 6 1 0 0 0 111 0 0 0 0 0 0
100 111 0 0 0 0 0 111 0 0 0 0 0 0
101 111 0 0 0 0 0 111 0 0 0 0 0 0
102 111 0 0 0 0 0 111 0 0 0 0 0 0
103 111 0 0 0 0 0 111 0 0 0 0 0 0
107 111 0 0 0 0 0 0 0 0 0 0 0 0
108 111 0 0 0 0 0 0 0 0 0 0 0 0
111 111 0 0 0 0 0 111 6 0 0 0 0 0
112 111 0 0 0 0 0 111 0 0 0 0 0 0
114 111 0 0 0 0 0 111 0 0 0 0 0 0
115 111 0 0 0 0 0 111 0 0 0 0 0 0
116 111 5 1 0 0 0 111 0 0 0 0 0 0
117 111 0 0 0 0 0 111 0 0 0 0 0 0
118 111 0 0 0 0 0 111 0 0 0 0 0 0
119 111 0 0 0 0 0 111 0 0 0 0 0 0
121 111 0 0 111 0 0 3663 52 10 0 0 0 0
128 111 0 0 111 0 0 0 0 0 0 0 0 0
129 111 0 0 111 0 0 0 0 0 0 0 0 0
130 111 0 0 0 0 0 111 7 2 0 0 0 0
131 111 0 0 0 0 0 0 0 0 0 0 0 0
136 111 0 0 0 0 0 0 0 0 0 0 0 0
137 111 0 0 0 0 0 0 0 0 0 0 0 0
138 111 0 0 3996 0 0 0 0 0 0 0 0 0
140 111 6 1 111 0 0 0 0 0 0 0 0 0
141 111 0 0 111 0 0 0 0 0 0 0 0 0
142 111 0 0 111 0 0 0 0 0 0 0 0 0
143 111 0 0 111 0 0 0 0 0 0 0 0 0
144 111 0 0 111 0 0 0 0 0 0 0 0 0
145 111 0 0 111 0 0 0 0 0 0 0 0 0
146 111 0 0 111 0 0 0 0 0 0 0 0 0
148 111 0 0 0 0 0 0 0 0 0 0 0 0
150 111 0 0 111 0 0 0 0 0 0 0 0 0
154 111 0 0 0 0 0 0 0 0 0 0 0 0
156 111 0 0 0 0 0 0 0 0 0 0 111 111
fl=./elf/../sysdeps/x86_64/tls_get_addr.S
fn=__tls_get_addr
29 6075 2 1 0 0 0 0 0 0 0 0 0 0
30 6075 0 0 6075 0 0 0 0 0 0 0 0 0
31 6075 0 0 6075 2 0 0 0 0 0 0 0 0
33 6075 0 0 6075 2 0 0 0 0 0 0 0 0
34 6075 0 0 0 0 0 0 0 0 6075 0 0 0
35 6075 0 0 6075 2 0 0 0 0 0 0 0 0
38 6075 0 0 0 0 0 0 0 0 0 0 0 0
39 6075 2 1 6075 0 0 0 0 0 0 0 0 0
43 6075 0 0 0 0 0 0 0 0 0 0 0 0
44 6075 0 0 0 0 0 0 0 0 6075 1 0 0
45 6075 0 0 6075 0 0 0 0 0 0 0 0 0
46 6075 0 0 6075 0 0 0 0 0 0 0 0 0
fl=./elf/./dl-find_object.h
fn=_dl_find_object_from_map
95 14 1 1 7 3 0 7 2 1 0 0 0 0
96 14 1 1 7 0 0 7 0 0 0 0 0 0
97 7 0 0 0 0 0 7 3 3 0 0 0 0
103 35 0 0 14 6 0 0 0 0 0 0 0 0
104 203 0 0 0 0 0 0 0 0 70 4 0 0
105 140 1 1 70 59 8 0 0 0 70 21 0 0
107 21 0 0 14 3 0 7 0 0 0 0 0 0
112 7 0 0 7 0 0 0 0 0 0 0 0 0
fl=./elf/./dl-hwcaps.h
fn=_dl_important_hwcaps
43 9 1 1 0 0 0 6 0 0 0 0 0 0
45 7 0 0 0 0 0 6 0 0 0 0 0 0
46 1 0 0 0 0 0 0 0 0 0 0 0 0
77 8 0 0 3 0 0 5 0 0 0 0 0 0
78 8 1 1 3 0 0 5 0 0 0 0 0 0
79 7 2 2 0 0 0 2 0 0 0 0 0 0
fl=./elf/./dl-load.h
fn=_dl_map_object_from_fd
91 40 0 0 20 0 0 0 0 0 20 3 0 0
92 16 1 1 8 0 0 0 0 0 4 0 0 0
93 20 1 1 4 0 0 0 0 0 4 0 0 0
94 16 0 0 4 0 0 0 0 0 0 0 0 0
96 16 0 0 0 0 0 4 0 0 0 0 0 0
fl=./elf/./dl-main.h
fn=dl_main
109 5 1 1 4 0 0 1 0 0 0 0 0 0
fl=./elf/./dl-map-segments.h
fn=_dl_map_object_from_fd
28 15 0 0 5 0 0 0 0 0 5 0 0 0
29 45 1 1 15 0 0 10 1 1 0 0 0 0
81 5 0 0 5 0 0 0 0 0 0 0 0 0
101 5 0 0 0 0 0 5 0 0 0 0 0 0
102 15 0 0 5 0 0 0 0 0 5 0 0 0
105 15 0 0 5 0 0 5 0 0 0 0 0 0
106 10 0 0 0 0 0 5 0 0 0 0 0 0
108 10 1 1 5 0 0 0 0 0 5 2 0 0
125 5 1 1 5 0 0 0 0 0 0 0 0 0
135 120 1 1 20 0 0 0 0 0 20 4 0 0
137 60 0 0 30 0 0 0 0 0 15 0 0 0
139 150 0 0 60 0 0 15 0 0 15 2 0 0
149 80 0 0 40 0 0 0 0 0 20 11 0 0
155 10 1 1 5 0 0 0 0 0 0 0 0 0
156 5 0 0 0 0 0 0 0 0 0 0 0 0
157 15 0 0 5 0 0 0 0 0 0 0 0 0
158 10 0 0 0 0 0 0 0 0 0 0 0 0
160 10 0 0 0 0 0 0 0 0 0 0 0 0
165 10 0 0 0 0 0 0 0 0 5 0 0 0
168 15 0 0 5 0 0 0 0 0 5 0 0 0
176 35 0 0 5 0 0 10 0 0 0 0 0 0
182 10 0 0 0 0 0 0 0 0 5 2 0 0
186 16 2 2 2 0 0 2 0 0 0 0 0 0
189 4 0 0 0 0 0 0 0 0 2 2 0 0
194 20 1 1 0 0 0 0 0 0 0 0 0 0
fl=./elf/./dl-sym-post.h
fn=lookup_malloc_symbol
41 8 0 0 0 0 0 0 0 0 4 0 0 0
53 12 0 0 4 0 0 0 0 0 4 0 0 0
fl=./elf/./dl-tunable-types.h
fn=__GI___tunable_set_val
84 5 0 0 0 0 0 0 0 0 0 0 0 0
fl=./elf/./elf/dl-audit.c
fn=_dl_audit_activity_map
29 7 1 1 0 0 0 5 0 0 0 0 0 0
30 1 0 0 1 0 0 0 0 0 0 0 0 0
31 3 0 0 1 0 0 0 0 0 1 1 0 0
37 6 1 1 6 0 0 0 0 0 0 0 0 0
fn=_dl_audit_activity_nsid
41 3 2 1 0 0 0 0 0 0 0 0 0 0
45 12 0 0 3 0 0 0 0 0 0 0 0 0
46 3 0 0 3 1 0 0 0 0 0 0 0 0
47 15 2 1 3 0 0 0 0 0 6 0 0 0
fn=_dl_audit_objclose
97 7 1 1 0 0 0 0 0 0 0 0 0 0
98 28 0 0 14 0 0 0 0 0 7 0 0 0
fn=_dl_audit_objopen
77 5 1 1 0 0 0 0 0 0 0 0 0 0
78 20 0 0 10 0 0 0 0 0 5 0 0 0
fn=_dl_audit_preinit
118 1 1 1 0 0 0 0 0 0 0 0 0 0
119 4 0 0 2 1 0 0 0 0 1 0 0 0
fl=./elf/./elf/dl-cache.c
fn=_dl_cache_libcmp
357 70 1 1 0 0 0 0 0 0 0 0 0 0
358 427 1 1 35 0 0 0 0 0 196 10 0 0
360 576 0 0 0 0 0 0 0 0 192 4 0 0
362 200 1 1 0 0 0 0 0 0 4 0 0 0
368 16 0 0 0 0 0 0 0 0 0 0 0 0
369 12 0 0 0 0 0 0 0 0 0 0 0 0
370 173 0 0 161 0 0 0 0 0 4 2 0 0
372 173 0 0 161 4 4 0 0 0 4 2 0 0
374 8 0 0 0 0 0 0 0 0 4 2 0 0
380 376 0 0 0 0 0 0 0 0 188 0 0 0
382 376 0 0 0 0 0 0 0 0 188 31 0 0
383 93 1 1 31 0 0 0 0 0 0 0 0 0
386 157 0 0 0 0 0 0 0 0 0 0 0 0
387 157 0 0 0 0 0 0 0 0 0 0 0 0
390 47 0 0 39 26 26 0 0 0 0 0 0 0
fn=_dl_load_cache_lookup
191 62 0 0 0 0 0 0 0 0 0 0 0 0
205 4 0 0 4 0 0 0 0 0 0 0 0 0
208 32 2 2 4 0 0 12 0 0 0 0 0 0
210 40 0 0 12 0 0 12 0 0 0 0 0 0
211 8 1 1 0 0 0 0 0 0 0 0 0 0
213 20 0 0 0 0 0 4 0 0 0 0 0 0
220 74 0 0 4 0 0 0 0 0 31 3 0 0
222 195 1 1 8 0 0 12 0 0 0 0 0 0
223 62 0 0 31 22 22 0 0 0 0 0 0 0
227 93 1 1 31 0 0 0 0 0 31 0 0 0
231 93 0 0 31 0 0 31 0 0 0 0 0 0
232 62 0 0 0 0 0 0 0 0 31 2 0 0
240 16 0 0 0 0 0 0 0 0 8 2 0 0
242 8 0 0 4 0 0 0 0 0 0 0 0 0
245 8 0 0 0 0 0 0 0 0 4 0 0 0
247 24 0 0 0 0 0 4 0 0 0 0 0 0
249 4 0 0 0 0 0 0 0 0 0 0 0 0
259 8 0 0 4 0 0 0 0 0 4 4 0 0
269 12 1 1 8 0 0 0 0 0 4 0 0 0
270 16 0 0 4 0 0 0 0 0 4 0 0 0
286 28 1 1 0 0 0 0 0 0 4 0 0 0
295 8 0 0 4 0 0 0 0 0 4 0 0 0
298 8 0 0 4 0 0 0 0 0 4 0 0 0
301 4 0 0 0 0 0 0 0 0 0 0 0 0
302 12 1 1 4 0 0 0 0 0 4 2 0 0
330 8 0 0 0 0 0 4 0 0 0 0 0 0
346 27 0 0 0 0 0 0 0 0 27 18 0 0
347 13 1 1 0 0 0 0 0 0 0 0 0 0
349 14 0 0 0 0 0 0 0 0 0 0 0 0
403 40 1 1 0 0 0 28 0 0 0 0 0 0
405 8 0 0 4 0 0 0 0 0 4 0 0 0
408 12 1 1 4 0 0 0 0 0 4 2 0 0
411 5 1 1 0 0 0 1 0 0 0 0 0 0
419 5 1 1 1 0 0 0 0 0 2 0 0 0
420 8 1 1 3 1 1 0 0 0 2 1 0 0
423 6 1 1 0 0 0 0 0 0 1 0 0 0
424 1 0 0 1 0 0 0 0 0 0 0 0 0
431 1 1 1 0 0 0 1 0 0 0 0 0 0
432 2 0 0 0 0 0 1 0 0 0 0 0 0
477 9 0 0 3 0 0 0 0 0 3 0 0 0
482 12 0 0 4 0 0 0 0 0 4 0 0 0
485 12 0 0 4 0 0 4 0 0 0 0 0 0
500 8 0 0 4 0 0 0 0 0 4 0 0 0
512 12 0 0 4 0 0 4 0 0 0 0 0 0
513 60 1 1 4 0 0 0 0 0 8 2 0 0
514 16 1 1 4 0 0 4 0 0 0 0 0 0
515 4 0 0 0 0 0 4 0 0 0 0 0 0
516 32 0 0 28 0 0 0 0 0 0 0 0 0
fn=_dl_unload_cache
525 3 1 1 0 0 0 1 0 0 0 0 0 0
526 4 0 0 1 1 0 0 0 0 1 1 0 0
528 2 0 0 1 0 0 1 0 0 0 0 0 0
529 1 0 0 0 0 0 1 0 0 0 0 0 0
533 1 0 0 0 0 0 1 0 0 0 0 0 0
535 2 1 1 2 0 0 0 0 0 0 0 0 0
fl=./elf/./elf/dl-call-libc-early-init.c
fn=_dl_call_libc_early_init
27 7 1 1 0 0 0 3 0 0 0 0 0 0
29 2 0 0 0 0 0 0 0 0 1 0 0 0
33 5 0 0 0 0 0 1 0 0 0 0 0 0
37 2 0 0 0 0 0 0 0 0 1 0 0 0
39 4 1 1 3 0 0 0 0 0 1 0 0 0
40 2 0 0 0 0 0 0 0 0 0 0 1 1
41 3 0 0 3 0 0 0 0 0 0 0 0 0
fl=./elf/./elf/dl-call_fini.c
fn=_dl_call_fini
24 56 1 1 0 0 0 28 0 0 0 0 0 0
28 14 0 0 7 0 0 0 0 0 7 0 0 0
32 7 1 1 7 0 0 0 0 0 0 0 0 0
34 7 0 0 7 7 0 0 0 0 0 0 0 0
35 14 0 0 0 0 0 0 0 0 7 2 0 0
38 10 0 0 10 5 0 0 0 0 0 0 0 0
39 15 0 0 10 1 0 0 0 0 0 0 0 0
42 44 0 0 0 0 0 0 0 0 11 1 0 0
43 6 0 0 6 5 0 6 0 0 0 0 6 6
47 7 1 1 7 7 0 0 0 0 0 0 0 0
48 14 0 0 0 0 0 0 0 0 7 2 0 0
49 15 0 0 10 3 0 0 0 0 0 0 5 5
50 37 0 0 30 0 0 0 0 0 0 0 0 0
fl=./elf/./elf/dl-catch.c
fn=_dl_catch_error
254 12 1 1 0 0 0 4 0 0 0 0 0 0
256 2 0 0 0 0 0 1 0 0 0 0 0 0
257 2 0 0 1 0 0 1 0 0 0 0 0 0
258 2 0 0 1 0 0 1 0 0 0 0 0 0
259 2 0 0 1 0 0 1 0 0 0 0 0 0
261 6 1 1 5 0 0 0 0 0 0 0 0 0
fn=_dl_catch_exception
58 42 0 0 14 1 1 0 0 0 14 6 0 0
59 28 1 1 14 0 0 14 0 0 0 0 0 0
69 28 0 0 14 0 0 0 0 0 14 0 0 0
70 70 0 0 14 0 0 28 0 0 0 0 0 0
204 112 1 1 0 0 0 70 3 3 0 0 0 0
207 28 0 0 0 0 0 0 0 0 14 0 0 0
214 14 0 0 0 0 0 0 0 0 0 0 0 0
228 14 1 1 0 0 0 14 0 0 0 0 0 0
229 28 0 0 0 0 0 14 0 0 0 0 0 0
235 84 1 1 0 0 0 14 1 1 14 0 0 0
237 42 0 0 28 0 0 14 0 0 0 0 14 2
239 56 0 0 14 0 0 28 0 0 0 0 0 0
248 42 0 0 42 0 0 0 0 0 0 0 0 0
fn=_dl_receive_error
58 2 1 1 1 0 0 0 0 0 1 0 0 0
59 1 0 0 1 0 0 0 0 0 0 0 0 0
69 2 0 0 1 0 0 0 0 0 1 0 0 0
70 2 0 0 0 0 0 2 0 0 0 0 0 0
186 7 1 1 0 0 0 3 0 0 0 0 0 0
188 1 0 0 1 0 0 0 0 0 0 0 0 0
192 1 0 0 0 0 0 1 0 0 0 0 0 0
194 1 0 0 0 0 0 1 0 0 0 0 1 1
197 1 0 0 0 0 0 1 0 0 0 0 0 0
198 4 0 0 4 0 0 0 0 0 0 0 0 0
fl=./elf/./elf/dl-debug.c
fn=_dl_debug_initialize
56 3 1 1 0 0 0 0 0 0 0 0 0 0
57 1 1 1 0 0 0 0 0 0 0 0 0 0
59 2 0 0 0 0 0 0 0 0 1 0 0 0
61 2 0 0 0 0 0 0 0 0 0 0 0 0
63 3 0 0 1 1 1 0 0 0 1 0 0 0
64 1 0 0 0 0 0 1 0 0 0 0 0 0
85 3 0 0 1 0 0 0 0 0 1 1 0 0
90 3 1 1 1 1 1 1 0 0 0 0 0 0
91 2 0 0 0 0 0 1 0 0 0 0 0 0
92 1 0 0 0 0 0 1 0 0 0 0 0 0
95 3 0 0 2 0 0 0 0 0 1 1 0 0
96 6 1 1 1 0 0 1 0 0 0 0 0 0
99 2 0 0 0 0 0 0 0 0 1 1 0 0
107 2 0 0 1 0 0 0 0 0 0 0 0 0
fn=_dl_debug_state
116 2 1 1 0 0 0 0 0 0 0 0 0 0
117 2 0 0 2 0 0 0 0 0 0 0 0 0
fn=_dl_debug_update
38 6 0 0 0 0 0 0 0 0 0 0 0 0
40 12 0 0 0 0 0 0 0 0 6 6 0 0
41 6 0 0 0 0 0 0 0 0 0 0 0 0
44 12 1 1 6 1 0 0 0 0 6 0 0 0
48 6 0 0 6 0 0 0 0 0 0 0 0 0
fl=./elf/./elf/dl-deps.c
fn=_dl_map_object_deps
128 3 0 0 0 0 0 2 1 1 0 0 0 0
129 5 1 1 0 0 0 2 0 0 0 0 0 0
130 6 0 0 0 0 0 1 0 0 0 0 0 0
132 3 0 0 0 0 0 1 0 0 0 0 0 0
136 8 1 1 2 0 0 2 0 0 0 0 0 0
143 13 1 1 0 0 0 8 1 1 0 0 0 0
144 20 2 2 1 1 1 0 0 0 2 2 0 0
160 9 1 1 0 0 0 0 0 0 2 0 0 0
161 1 0 0 1 0 0 0 0 0 0 0 0 0
164 1 1 1 0 0 0 1 0 0 0 0 0 0
182 1 0 0 1 0 0 0 0 0 0 0 0 0
183 6 0 0 4 0 0 0 0 0 0 0 0 0
184 1 0 0 0 0 0 1 0 0 0 0 0 0
188 15 0 0 7 0 0 1 0 0 0 0 0 0
190 27 1 1 0 0 0 15 1 1 0 0 0 0
193 7 0 0 0 0 0 7 0 0 0 0 0 0
197 21 1 1 7 1 0 0 0 0 7 6 0 0
198 46 1 1 20 0 0 0 0 0 20 2 0 0
201 20 0 0 5 0 0 0 0 0 5 0 0 0
205 10 0 0 5 0 0 0 0 0 0 0 0 0
208 22 0 0 11 1 1 0 0 0 11 4 0 0
210 20 1 1 15 0 0 0 0 0 5 3 0 0
215 5 1 1 0 0 0 5 0 0 0 0 0 0
216 5 0 0 0 0 0 5 0 0 0 0 0 0
217 10 0 0 5 0 0 5 0 0 0 0 0 0
218 10 0 0 5 0 0 5 0 0 0 0 0 0
219 5 0 0 0 0 0 5 0 0 0 0 0 0
221 635 0 0 170 0 0 0 0 0 155 18 0 0
222 300 0 0 0 0 0 0 0 0 150 10 0 0
228 122 1 1 26 0 0 17 0 0 13 10 0 0
230 13 0 0 0 0 0 13 0 0 0 0 0 0
232 52 1 1 0 0 0 13 0 0 0 0 0 0
233 26 0 0 13 0 0 0 0 0 13 0 0 0
242 13 0 0 13 0 0 0 0 0 0 0 0 0
244 26 1 1 13 0 0 0 0 0 13 5 0 0
249 35 1 1 5 0 0 0 0 0 5 5 0 0
252 5 0 0 0 0 0 5 0 0 0 0 0 0
253 5 0 0 0 0 0 5 0 0 0 0 0 0
254 5 0 0 0 0 0 5 0 0 0 0 0 0
255 10 0 0 5 0 0 5 0 0 0 0 0 0
256 5 0 0 0 0 0 5 0 0 0 0 0 0
257 5 0 0 5 0 0 0 0 0 0 0 0 0
259 20 0 0 5 0 0 5 0 0 0 0 0 0
263 39 0 0 13 0 0 0 0 0 13 2 0 0
264 27 0 0 0 0 0 9 0 0 0 0 0 0
266 411 1 1 0 0 0 0 0 0 137 7 0 0
417 14 1 1 0 0 0 0 0 0 7 2 0 0
419 25 0 0 0 0 0 15 1 1 0 0 0 0
422 10 0 0 0 0 0 0 0 0 0 0 0 0
423 20 1 1 10 0 0 0 0 0 5 0 0 0
429 5 0 0 0 0 0 5 0 0 0 0 0 0
430 25 0 0 0 0 0 10 0 0 0 0 0 0
431 25 0 0 0 0 0 5 0 0 0 0 0 0
434 5 0 0 0 0 0 5 0 0 0 0 0 0
435 10 0 0 10 0 0 0 0 0 0 0 0 0
439 21 1 1 7 0 0 0 0 0 7 6 0 0
441 7 0 0 7 0 0 0 0 0 0 0 0 0
442 32 0 0 6 0 0 0 0 0 13 11 0 0
448 5 1 1 1 0 0 0 0 0 1 0 0 0
449 1 0 0 0 0 0 1 0 0 0 0 0 0
452 4 0 0 1 0 0 1 0 0 1 1 0 0
463 5 1 1 1 0 0 2 0 0 0 0 0 0
465 4 0 0 2 0 0 0 0 0 1 0 0 0
470 5 1 1 2 0 0 1 0 0 0 0 0 0
471 1 0 0 0 0 0 1 0 0 0 0 0 0
472 2 0 0 0 0 0 0 0 0 0 0 0 0
474 25 0 0 7 0 0 0 0 0 8 2 0 0
478 7 1 1 7 0 0 0 0 0 0 0 0 0
483 14 0 0 0 0 0 0 0 0 7 6 0 0
485 21 0 0 0 0 0 7 1 1 0 0 0 0
490 7 0 0 7 0 0 0 0 0 0 0 0 0
494 2 1 1 0 0 0 0 0 0 0 0 0 0
495 3 0 0 1 0 0 0 0 0 1 1 0 0
532 2 1 1 0 0 0 0 0 0 1 0 0 0
533 2 0 0 0 0 0 0 0 0 1 1 0 0
547 9 1 1 2 0 0 3 0 0 0 0 0 0
552 9 1 1 1 0 0 2 0 0 0 0 0 0
553 5 1 1 2 0 0 1 0 0 0 0 0 0
557 1 0 0 0 0 0 1 0 0 0 0 0 0
559 2 0 0 1 0 0 1 0 0 0 0 0 0
560 1 0 0 1 0 0 0 0 0 0 0 0 0
561 3 0 0 1 0 0 0 0 0 1 1 0 0
568 3 1 1 1 0 0 0 0 0 1 1 0 0
571 2 0 0 0 0 0 0 0 0 1 0 0 0
574 8 0 0 7 0 0 0 0 0 0 0 0 0
fn=openaux
61 78 0 0 0 0 0 26 0 0 0 0 0 0
64 143 0 0 52 0 0 26 0 0 0 0 0 0
65 13 0 0 13 0 0 0 0 0 0 0 0 0
68 13 1 1 13 0 0 0 0 0 0 0 0 0
69 39 0 0 39 0 0 0 0 0 0 0 0 0
fl=./elf/./elf/dl-environ.c
fn=_dl_next_ld_env_entry
28 3 1 1 0 0 0 0 0 0 0 0 0 0
29 3 0 0 3 0 0 0 0 0 0 0 0 0
32 115 0 0 39 0 0 0 0 0 38 2 0 0
34 74 0 0 37 0 0 0 0 0 37 15 0 0
35 16 0 0 8 0 0 0 0 0 8 5 0 0
37 2 0 0 0 0 0 0 0 0 0 0 0 0
40 4 0 0 0 0 0 2 0 0 0 0 0 0
42 2 0 0 2 0 0 0 0 0 0 0 0 0
45 35 0 0 0 0 0 0 0 0 0 0 0 0
fl=./elf/./elf/dl-find_object.c
fn=_dl_find_object_init
561 5 1 1 0 0 0 3 0 0 0 0 0 0
564 1 0 0 1 1 0 0 0 0 0 0 0 0
566 2 0 0 1 0 0 0 0 0 1 1 0 0
567 3 1 1 0 0 0 1 0 0 0 0 0 0
579 2 1 1 0 0 0 1 0 0 0 0 0 0
580 3 0 0 1 0 0 1 0 0 0 0 0 0
582 2 0 0 0 0 0 0 0 0 1 0 0 0
585 2 0 0 0 0 0 0 0 0 1 0 0 0
590 1 1 1 0 0 0 1 0 0 0 0 0 0
591 1 0 0 0 0 0 1 0 0 0 0 0 0
594 3 0 0 1 0 0 0 0 0 1 1 0 0
596 2 1 1 0 0 0 1 0 0 0 0 0 0
599 6 1 1 3 0 0 1 0 0 0 0 0 0
601 1 0 0 0 0 0 0 0 0 0 0 0 0
604 4 0 0 4 0 0 0 0 0 0 0 0 0
fn=_dlfo_process_initial
474 8 0 0 0 0 0 4 0 0 0 0 0 0
475 2 0 0 2 0 0 0 0 0 0 0 0 0
477 2 0 0 0 0 0 0 0 0 0 0 0 0
478 4 1 1 2 0 0 0 0 0 2 0 0 0
504 24 1 1 4 1 0 0 0 0 4 1 0 0
505 34 0 0 2 0 0 0 0 0 16 4 0 0
506 14 0 0 14 0 0 0 0 0 0 0 0 0
508 52 1 1 12 1 0 0 0 0 26 2 0 0
511 48 0 0 12 0 0 0 0 0 12 4 0 0
513 36 1 1 12 1 1 0 0 0 12 3 0 0
515 12 0 0 0 0 0 6 0 0 0 0 0 0
516 12 0 0 0 0 0 0 0 0 0 0 0 0
517 24 0 0 0 0 0 0 0 0 0 0 0 0
529 2 0 0 0 0 0 2 0 0 0 0 0 0
531 8 0 0 6 0 0 0 0 0 0 0 0 0
fn=_dlfo_sort_mappings
536 1 1 1 0 0 0 0 0 0 0 0 0 0
537 2 0 0 0 0 0 0 0 0 1 0 0 0
540 24 1 1 5 0 0 0 0 0 5 2 0 0
544 10 0 0 5 0 0 0 0 0 0 0 0 0
545 70 1 1 0 0 0 0 0 0 20 9 0 0
546 75 0 0 15 0 0 0 0 0 15 10 0 0
548 5 0 0 0 0 0 0 0 0 0 0 0 0
549 5 0 0 0 0 0 0 0 0 0 0 0 0
553 20 0 0 10 0 0 0 0 0 0 0 0 0
554 25 0 0 10 0 0 10 0 0 0 0 0 0
555 10 0 0 0 0 0 10 0 0 0 0 0 0
557 1 0 0 1 0 0 0 0 0 0 0 0 0
fl=./elf/./elf/dl-fini.c
fn=_dl_fini
26 11 1 1 0 0 0 7 0 0 0 0 0 0
43 1 0 0 0 0 0 0 0 0 0 0 0 0
46 13 1 1 1 1 0 0 0 0 2 1 0 0
49 2 0 0 1 1 0 1 0 0 0 0 1 1
51 1 1 1 1 1 0 0 0 0 0 0 0 0
54 2 0 0 0 0 0 0 0 0 1 0 0 0
56 5 0 0 2 0 0 0 0 0 1 0 0 0
61 1 0 0 0 0 0 1 0 0 0 0 0 0
63 4 0 0 0 0 0 2 0 0 0 0 0 0
68 18 3 3 2 0 0 0 0 0 2 1 0 0
73 25 0 0 8 1 0 0 0 0 8 4 0 0
75 14 0 0 7 1 0 0 0 0 7 0 0 0
77 14 0 0 0 0 0 0 0 0 7 0 0 0
79 14 0 0 0 0 0 7 0 0 0 0 0 0
80 7 0 0 0 0 0 7 5 0 0 0 0 0
81 7 0 0 0 0 0 0 0 0 0 0 0 0
85 7 1 1 7 1 0 0 0 0 0 0 0 0
87 6 0 0 0 0 0 0 0 0 1 0 0 0
88 6 0 0 0 0 0 0 0 0 1 1 0 0
94 6 1 1 0 0 0 2 0 0 0 0 0 0
103 2 0 0 1 0 0 1 0 0 0 0 1 1
108 41 1 1 15 0 0 0 0 0 8 3 0 0
110 7 0 0 7 0 0 0 0 0 0 0 0 0
112 14 0 0 7 0 0 0 0 0 7 4 0 0
114 28 1 1 0 0 0 21 0 0 0 0 0 0
117 14 0 0 0 0 0 7 0 0 0 0 0 0
122 7 0 0 7 0 0 0 0 0 0 0 0 0
126 5 0 0 1 0 0 1 0 0 0 0 0 0
132 6 0 0 2 0 0 1 0 0 2 1 0 0
134 1 0 0 0 0 0 0 0 0 0 0 0 0
138 2 0 0 1 0 0 0 0 0 1 0 0 0
145 8 0 0 7 0 0 0 0 0 0 0 0 0
fl=./elf/./elf/dl-hwcaps.c
fn=_dl_important_hwcaps
52 16 1 1 0 0 0 4 0 0 4 2 0 0
54 2 0 0 0 0 0 0 0 0 0 0 0 0
55 4 0 0 2 0 0 0 0 0 0 0 0 0
56 2 0 0 0 0 0 0 0 0 0 0 0 0
57 2 0 0 0 0 0 0 0 0 0 0 0 0
77 16 2 2 0 0 0 4 0 0 4 2 0 0
80 16 0 0 4 0 0 6 1 1 0 0 0 0
84 2 0 0 0 0 0 2 0 0 0 0 0 0
86 6 0 0 2 0 0 2 0 0 0 0 0 0
87 2 0 0 0 0 0 0 0 0 0 0 0 0
88 2 0 0 0 0 0 0 0 0 0 0 0 0
100 5 0 0 0 0 0 3 1 1 0 0 0 0
102 3 1 1 1 0 0 0 0 0 1 0 0 0
105 1 0 0 0 0 0 1 0 0 0 0 0 0
108 1 0 0 0 0 0 0 0 0 0 0 0 0
112 5 1 1 0 0 0 2 0 0 1 0 0 0
125 12 0 0 0 0 0 3 0 0 3 2 0 0
127 10 0 0 4 0 0 2 1 1 0 0 0 0
128 4 0 0 2 0 0 2 0 0 0 0 0 0
129 4 0 0 0 0 0 2 0 0 0 0 0 0
130 2 0 0 0 0 0 0 0 0 0 0 0 0
133 3 1 1 1 0 0 0 0 0 1 0 0 0
142 13 0 0 7 0 0 1 0 0 2 0 0 0
143 11 0 0 0 0 0 1 0 0 1 1 0 0
145 8 1 1 1 0 0 5 0 0 0 0 0 0
151 5 1 1 2 0 0 0 0 0 0 0 0 0
155 4 1 1 2 0 0 1 0 0 0 0 0 0
156 3 0 0 1 0 0 0 0 0 1 1 0 0
157 3 0 0 0 0 0 0 0 0 1 0 0 0
161 1 0 0 1 0 0 0 0 0 0 0 0 0
162 2 0 0 1 0 0 1 0 0 0 0 0 0
163 2 0 0 0 0 0 2 0 0 0 0 0 0
172 14 2 2 0 0 0 9 1 1 0 0 0 0
174 2 0 0 0 0 0 2 1 1 0 0 0 0
175 3 0 0 0 0 0 0 0 0 0 0 0 0
185 2 1 1 0 0 0 1 0 0 0 0 0 0
186 3 0 0 0 0 0 0 0 0 0 0 0 0
189 3 0 0 1 0 0 1 1 1 0 0 0 0
193 2 0 0 1 0 0 0 0 0 0 0 0 0
194 2 0 0 0 0 0 0 0 0 1 0 0 0
201 1 0 0 0 0 0 0 0 0 0 0 0 0
202 5 0 0 2 0 0 1 0 0 0 0 0 0
208 2 0 0 1 0 0 1 0 0 0 0 0 0
209 1 0 0 0 0 0 1 0 0 0 0 0 0
213 3 1 1 2 0 0 1 0 0 0 0 0 0
216 9 0 0 7 0 0 0 0 0 0 0 0 0
fl=./elf/./elf/dl-hwcaps_split.c
fn=_dl_hwcaps_split
25 5 1 1 0 0 0 3 0 0 0 0 0 0
26 3 0 0 1 0 0 0 0 0 1 1 0 0
27 1 0 0 0 0 0 0 0 0 0 0 0 0
47 4 1 1 4 0 0 0 0 0 0 0 0 0
fn=_dl_hwcaps_split_masked
26 44 1 1 11 0 0 0 0 0 11 9 0 0
30 24 1 1 12 0 0 12 0 0 0 0 0 0
34 78 1 1 18 1 1 0 0 0 18 6 0 0
35 12 0 0 0 0 0 6 0 0 0 0 0 0
36 24 0 0 0 0 0 0 0 0 12 3 0 0
41 36 0 0 0 0 0 9 0 0 0 0 0 0
42 18 0 0 0 0 0 0 0 0 9 2 0 0
43 12 1 1 0 0 0 3 0 0 0 0 0 0
45 6 0 0 0 0 0 0 0 0 0 0 0 0
51 110 1 1 0 0 0 66 1 1 0 0 0 0
55 5 0 0 0 0 0 0 0 0 0 0 0 0
56 18 0 0 9 0 0 9 0 0 0 0 0 0
57 27 0 0 0 0 0 9 0 0 0 0 0 0
58 24 0 0 6 0 0 0 0 0 9 3 0 0
60 6 0 0 0 0 0 0 0 0 0 0 0 0
62 88 1 1 77 0 0 0 0 0 0 0 0 0
67 12 0 0 0 0 0 0 0 0 6 4 0 0
fl=./elf/./elf/dl-init.c
fn=_dl_init
29 16 1 1 8 0 0 0 0 0 8 1 0 0
35 40 1 1 8 0 0 0 0 0 8 0 0 0
37 41 1 1 1 0 0 2 1 0 8 2 0 0
81 13 1 1 0 0 0 6 0 0 0 0 0 0
82 1 0 0 1 1 0 0 0 0 0 0 0 0
83 1 0 0 1 0 0 0 0 0 0 0 0 0
86 3 0 0 1 0 0 0 0 0 1 1 0 0
89 2 0 0 0 0 0 1 0 0 0 0 0 0
94 4 1 1 0 0 0 0 0 0 1 0 0 0
119 1 0 0 1 0 0 0 0 0 0 0 0 0
120 32 1 0 0 0 0 6 0 0 8 6 0 0
121 14 1 0 14 3 0 0 0 0 0 0 0 0
127 8 0 0 7 2 0 0 0 0 0 0 0 0
fn=call_init.part.0
26 84 4 2 0 0 0 42 0 0 0 0 0 0
43 21 0 0 7 0 0 7 0 0 0 0 0 0
46 21 0 0 14 8 0 0 0 0 7 2 0 0
47 2 1 1 0 0 0 0 0 0 1 1 0 0
51 12 0 0 6 0 0 0 0 0 6 0 0 0
59 18 1 1 6 6 0 0 0 0 6 1 0 0
60 24 0 0 8 4 0 4 0 0 0 0 4 4
63 6 0 0 6 5 0 0 0 0 0 0 0 0
64 12 0 0 0 0 0 0 0 0 6 1 0 0
70 15 0 0 10 4 0 0 0 0 0 0 0 0
72 10 0 0 10 0 0 0 0 0 0 0 0 0
73 117 2 1 0 0 0 0 0 0 28 12 0 0
74 92 0 0 23 6 0 23 0 0 0 0 23 23
76 56 0 0 49 1 0 0 0 0 0 0 0 0
fl=./elf/./elf/dl-load.c
fn=_dl_dst_count
238 117 1 1 0 0 0 78 1 1 0 0 0 0
241 26 0 0 0 0 0 13 0 0 0 0 0 0
244 26 0 0 0 0 0 0 0 0 13 0 0 0
245 13 0 0 0 0 0 0 0 0 0 0 0 0
264 117 1 1 91 0 0 0 0 0 0 0 0 0
fn=_dl_init_paths
706 13 2 2 0 0 0 8 0 0 0 0 0 0
720 4 0 0 0 0 0 2 1 1 0 0 0 0
725 1 0 0 0 0 0 1 0 0 0 0 0 0
727 3 1 1 0 0 0 0 0 0 1 0 0 0
734 3 0 0 0 0 0 0 0 0 0 0 0 0
735 2 0 0 1 0 0 0 0 0 0 0 0 0
739 4 0 0 0 0 0 1 1 1 0 0 0 0
741 4 1 1 2 0 0 0 0 0 1 0 0 0
747 1 0 0 0 0 0 1 0 0 0 0 0 0
748 1 0 0 0 0 0 1 0 0 0 0 0 0
756 8 1 1 0 0 0 4 0 0 0 0 0 0
758 8 0 0 0 0 0 4 2 2 0 0 0 0
759 4 0 0 0 0 0 4 0 0 0 0 0 0
761 5 0 0 0 0 0 4 1 1 0 0 0 0
762 7 0 0 3 1 1 4 1 1 0 0 0 0
763 4 0 0 0 0 0 0 0 0 0 0 0 0
766 13 0 0 3 1 1 0 0 0 3 0 0 0
767 10 1 1 1 0 0 1 0 0 4 3 0 0
768 18 0 0 4 0 0 5 0 0 0 0 0 0
770 32 2 2 6 0 0 5 0 0 4 1 0 0
776 1 0 0 0 0 0 1 0 0 0 0 0 0
777 1 0 0 0 0 0 1 0 0 0 0 0 0
782 1 0 0 1 0 0 0 0 0 0 0 0 0
785 3 0 0 0 0 0 0 0 0 0 0 0 0
787 4 1 1 1 0 0 0 0 0 1 0 0 0
789 3 0 0 1 0 0 0 0 0 1 1 0 0
806 1 0 0 0 0 0 1 0 0 0 0 0 0
808 3 1 1 1 0 0 0 0 0 1 1 0 0
822 2 1 1 0 0 0 1 0 0 0 0 0 0
825 5 1 1 2 0 0 0 0 0 2 1 0 0
827 23 4 4 2 0 0 2 0 0 2 2 0 0
831 2 0 0 0 0 0 0 0 0 0 0 0 0
832 60 1 1 15 0 0 0 0 0 15 10 0 0
833 14 0 0 0 0 0 0 0 0 0 0 0 0
834 28 0 0 0 0 0 0 0 0 0 0 0 0
836 1 0 0 0 0 0 1 0 0 0 0 0 0
837 1 0 0 0 0 0 0 0 0 0 0 0 0
838 2 0 0 0 0 0 0 0 0 1 0 0 0
844 6 0 0 1 0 0 1 0 0 0 0 0 0
847 3 0 0 2 0 0 0 0 0 1 0 0 0
853 1 0 0 0 0 0 1 0 0 0 0 0 0
857 8 0 0 7 0 0 0 0 0 0 0 0 0
fn=_dl_map_object
682 40 3 3 12 0 0 0 0 0 12 6 0 0
696 20 1 1 0 0 0 12 0 0 0 0 0 0
1967 168 2 2 0 0 0 126 5 5 0 0 0 0
1969 5 0 0 0 0 0 5 0 0 0 0 0 0
1975 28 0 0 0 0 0 0 0 0 14 0 0 0
1976 56 0 0 14 1 1 0 0 0 14 0 0 0
1979 307 1 1 65 0 0 28 0 0 65 5 0 0
1984 420 1 1 120 0 0 0 0 0 60 0 0 0
1986 300 0 0 0 0 0 60 2 2 60 6 0 0
1990 102 0 0 51 0 0 0 0 0 51 0 0 0
1991 153 0 0 51 0 0 0 0 0 51 17 0 0
1994 140 0 0 84 0 0 0 0 0 28 4 0 0
1995 84 1 1 28 0 0 0 0 0 0 0 0 0
1996 140 0 0 0 0 0 28 0 0 28 7 0 0
2010 20 1 1 5 0 0 0 0 0 5 0 0 0
2011 15 0 0 5 0 0 5 0 0 0 0 0 0
2019 15 0 0 5 0 0 0 0 0 5 0 0 0
2034 5 0 0 0 0 0 5 0 0 0 0 0 0
2036 25 0 0 0 0 0 5 0 0 5 3 0 0
2040 16 2 2 0 0 0 8 0 0 0 0 0 0
2042 8 0 0 4 0 0 0 0 0 4 0 0 0
2049 16 0 0 4 0 0 0 0 0 8 2 0 0
2053 4 1 1 4 0 0 0 0 0 0 0 0 0
2054 4 0 0 0 0 0 4 0 0 0 0 0 0
2058 12 1 1 4 0 0 0 0 0 4 2 0 0
2059 4 0 0 0 0 0 0 0 0 0 0 0 0
2073 20 2 2 16 0 0 0 0 0 4 0 0 0
2074 28 2 2 8 0 0 0 0 0 8 2 0 0
2075 4 0 0 0 0 0 0 0 0 0 0 0 0
2084 8 1 1 0 0 0 0 0 0 4 2 0 0
2099 8 1 1 4 0 0 0 0 0 4 0 0 0
2100 64 1 1 8 0 0 16 0 0 4 2 0 0
2106 12 1 1 0 0 0 0 0 0 4 2 0 0
2107 4 0 0 0 0 0 0 0 0 0 0 0 0
2115 4 1 1 0 0 0 4 0 0 0 0 0 0
2129 8 0 0 4 0 0 0 0 0 4 0 0 0
2131 12 0 0 4 0 0 0 0 0 4 4 0 0
2135 12 1 1 0 0 0 4 0 0 0 0 0 0
2137 8 0 0 0 0 0 0 0 0 4 0 0 0
2141 8 0 0 0 0 0 0 0 0 4 0 0 0
2149 8 0 0 4 0 0 0 0 0 4 0 0 0
2172 36 1 1 0 0 0 8 0 0 0 0 0 0
2176 12 0 0 4 0 0 0 0 0 4 0 0 0
2177 4 0 0 0 0 0 4 0 0 0 0 0 0
2194 8 0 0 4 0 0 0 0 0 4 3 0 0
2200 1 0 0 0 0 0 1 0 0 0 0 0 0
2201 4 0 0 0 0 0 1 0 0 0 0 0 0
2202 2 1 1 0 0 0 0 0 0 1 0 0 0
2203 2 0 0 0 0 0 0 0 0 1 0 0 0
2207 9 1 1 0 0 0 2 0 0 0 0 0 0
2210 3 0 0 1 0 0 0 0 0 1 0 0 0
2222 20 0 0 5 0 0 0 0 0 0 0 0 0
2267 10 0 0 5 0 0 5 0 0 0 0 0 0
2268 88 1 1 19 0 0 25 0 0 0 0 0 0
2270 131 1 1 103 0 0 0 0 0 0 0 0 0
fn=_dl_map_object_from_fd
944 70 2 2 0 0 0 50 2 2 0 0 0 0
959 20 0 0 5 0 0 5 0 0 5 4 0 0
989 95 1 1 30 0 0 0 0 0 25 9 0 0
990 40 1 1 20 0 0 0 0 0 20 0 0 0
1008 10 1 1 5 0 0 0 0 0 5 3 0 0
1036 20 1 1 5 0 0 5 0 0 5 0 0 0
1046 10 0 0 5 0 0 0 0 0 5 0 0 0
1053 40 1 1 25 0 0 5 0 0 0 0 0 0
1054 10 0 0 0 0 0 0 0 0 5 0 0 0
1065 10 0 0 5 0 0 5 5 5 0 0 0 0
1066 15 0 0 5 0 0 5 0 0 0 0 0 0
1067 10 0 0 5 0 0 5 0 0 0 0 0 0
1069 15 0 0 0 0 0 0 0 0 0 0 0 0
1070 20 1 1 10 0 0 0 0 0 5 1 0 0
1071 8 0 0 0 0 0 4 0 0 0 0 0 0
1074 17 2 2 1 0 0 1 0 0 2 2 0 0
1075 6 0 0 1 0 0 1 1 1 1 1 0 0
1086 5 0 0 0 0 0 5 0 0 0 0 0 0
1088 5 0 0 0 0 0 5 0 0 0 0 0 0
1090 110 2 2 10 0 0 5 0 0 10 3 0 0
1091 5 0 0 0 0 0 0 0 0 0 0 0 0
1092 5 0 0 0 0 0 5 0 0 0 0 0 0
1093 5 0 0 0 0 0 5 0 0 0 0 0 0
1094 5 0 0 0 0 0 0 0 0 0 0 0 0
1100 210 0 0 10 0 0 0 0 0 65 0 0 0
1101 507 3 3 60 12 12 0 0 0 252 57 0 0
1107 10 1 1 5 2 2 0 0 0 5 0 0 0
1114 13 0 0 8 0 0 5 0 0 0 0 0 0
1115 15 0 0 5 0 0 5 0 0 0 0 0 0
1116 50 1 1 10 0 0 5 0 0 0 0 0 0
1121 2 0 0 1 0 0 1 0 0 0 0 0 0
1122 1 0 0 0 0 0 0 0 0 0 0 0 0
1127 155 0 0 65 2 2 5 0 0 20 0 0 0
1135 100 1 1 20 0 0 0 0 0 0 0 0 0
1136 130 1 1 0 0 0 20 4 4 0 0 0 0
1137 100 1 1 20 0 0 20 0 0 0 0 0 0
1138 20 0 0 0 0 0 20 0 0 0 0 0 0
1139 40 0 0 20 1 1 20 4 4 0 0 0 0
1141 140 0 0 20 1 1 0 0 0 0 0 0 0
1143 40 0 0 0 0 0 20 4 4 0 0 0 0
1156 40 0 0 0 0 0 0 0 0 20 5 0 0
1157 75 0 0 30 0 0 15 0 0 0 0 0 0
1162 20 0 0 0 0 0 0 0 0 0 0 0 0
1163 205 0 0 40 0 0 40 0 0 0 0 0 0
1176 9 1 1 3 0 0 0 0 0 3 0 0 0
1180 12 0 0 0 0 0 3 3 3 0 0 0 0
1181 3 0 0 3 1 1 0 0 0 0 0 0 0
1185 15 0 0 0 0 0 3 3 3 0 0 0 0
1186 6 1 1 3 0 0 3 0 0 0 0 0 0
1189 3 0 0 0 0 0 3 0 0 0 0 0 0
1194 12 0 0 3 0 0 0 0 0 3 2 0 0
1209 10 1 1 5 0 0 5 0 0 0 0 0 0
1210 5 0 0 0 0 0 0 0 0 0 0 0 0
1213 15 0 0 10 1 1 5 2 2 0 0 0 0
1218 35 1 1 25 0 0 0 0 0 5 0 0 0
1228 95 1 1 0 0 0 0 0 0 20 9 0 0
1229 40 0 0 0 0 0 20 0 0 0 0 0 0
1235 10 0 0 0 0 0 0 0 0 5 0 0 0
1245 20 0 0 10 0 0 0 0 0 10 0 0 0
1252 35 1 1 15 0 0 5 0 0 0 0 0 0
1264 5 1 1 0 0 0 0 0 0 0 0 0 0
1268 20 1 1 10 0 0 0 0 0 5 0 0 0
1269 15 0 0 5 0 0 5 0 0 0 0 0 0
1275 14 1 1 2 0 0 0 0 0 0 0 0 0
1276 10 1 1 0 0 0 0 0 0 5 5 0 0
1278 10 0 0 0 0 0 0 0 0 5 5 0 0
1288 15 0 0 5 0 0 0 0 0 5 0 0 0
1307 15 0 0 5 0 0 5 0 0 0 0 0 0
1309 30 1 1 10 0 0 0 0 0 5 0 0 0
1361 15 0 0 5 2 2 0 0 0 5 2 0 0
1362 6 0 0 3 0 0 3 0 0 0 0 0 0
1368 170 1 1 15 0 0 0 0 0 65 5 0 0
1369 280 1 1 60 50 50 0 0 0 110 37 0 0
1375 80 0 0 0 0 0 5 0 0 0 0 0 0
1380 20 1 1 5 0 0 5 0 0 5 0 0 0
1393 10 1 1 5 0 0 0 0 0 5 0 0 0
1395 20 0 0 10 0 0 5 0 0 0 0 0 0
1397 10 0 0 5 0 0 0 0 0 5 0 0 0
1413 10 0 0 0 0 0 5 0 0 0 0 0 0
1417 10 0 0 5 0 0 0 0 0 5 0 0 0
1418 10 1 1 5 0 0 0 0 0 5 5 0 0
1435 10 0 0 5 0 0 0 0 0 5 2 0 0
1436 1 0 0 0 0 0 1 0 0 0 0 0 0
1439 10 0 0 5 0 0 5 0 0 0 0 0 0
1444 10 0 0 5 0 0 0 0 0 5 0 0 0
1449 10 0 0 5 0 0 0 0 0 5 0 0 0
1461 40 1 1 15 0 0 0 0 0 5 2 0 0
1462 15 1 1 5 0 0 0 0 0 5 1 0 0
1463 36 0 0 12 0 0 4 0 0 8 5 0 0
1464 12 0 0 4 0 0 0 0 0 0 0 0 0
1465 5 0 0 1 0 0 1 0 0 0 0 0 0
1471 10 0 0 5 0 0 0 0 0 5 2 0 0
1472 12 0 0 3 0 0 0 0 0 3 1 0 0
1477 6 0 0 0 0 0 3 0 0 0 0 0 0
1484 15 1 1 5 0 0 5 0 0 0 0 0 0
1487 10 0 0 5 0 0 0 0 0 5 0 0 0
1491 15 0 0 5 0 0 5 0 0 0 0 0 0
1492 15 0 0 5 0 0 0 0 0 5 4 0 0
1510 10 1 1 0 0 0 0 0 0 5 3 0 0
1514 35 1 1 15 0 0 0 0 0 5 0 0 0
1515 20 1 1 5 0 0 5 0 0 0 0 0 0
1519 45 1 1 35 0 0 0 0 0 0 0 0 0
fn=_dl_process_pt_gnu_property
868 18 1 1 0 0 0 0 0 0 0 0 0 0
869 12 0 0 12 0 0 0 0 0 0 0 0 0
870 6 0 0 6 0 0 0 0 0 0 0 0 0
876 12 0 0 6 0 0 0 0 0 6 0 0 0
882 30 0 0 0 0 0 0 0 0 6 0 0 0
885 18 1 1 6 5 5 0 0 0 6 0 0 0
886 12 0 0 6 1 1 0 0 0 6 0 0 0
887 12 0 0 6 0 0 0 0 0 6 0 0 0
890 18 0 0 6 0 0 0 0 0 6 0 0 0
891 18 1 1 0 0 0 0 0 0 6 0 0 0
895 6 0 0 0 0 0 0 0 0 0 0 0 0
896 12 0 0 0 0 0 0 0 0 0 0 0 0
900 18 1 1 9 0 0 0 0 0 0 0 0 0
901 9 0 0 9 0 0 0 0 0 0 0 0 0
904 18 0 0 0 0 0 0 0 0 9 0 0 0
907 9 0 0 0 0 0 0 0 0 0 0 0 0
908 36 0 0 0 0 0 0 0 0 9 0 0 0
918 18 0 0 0 0 0 0 0 0 0 0 0 0
920 24 0 0 0 0 0 0 0 0 6 5 0 0
fn=expand_dynamic_string_token
241 6 0 0 0 0 0 2 0 0 0 0 0 0
244 4 0 0 0 0 0 0 0 0 2 1 0 0
385 20 1 1 0 0 0 12 0 0 0 0 0 0
399 4 0 0 0 0 0 0 0 0 0 0 0 0
410 14 1 1 12 0 0 0 0 0 0 0 0 0
fn=fillin_rpath.isra.0
468 17 2 2 0 0 0 12 0 0 0 0 0 0
472 1 0 0 0 0 0 0 0 0 0 0 0 0
474 12 1 1 4 0 0 2 0 0 2 1 0 0
481 2 0 0 1 0 0 0 0 0 1 0 0 0
483 6 0 0 1 0 0 2 0 0 0 0 0 0
487 2 0 0 0 0 0 0 0 0 1 0 0 0
492 3 0 0 0 0 0 1 0 0 0 0 0 0
493 2 0 0 0 0 0 0 0 0 1 1 0 0
500 5 1 1 1 0 0 0 0 0 2 2 0 0
505 2 1 1 0 0 0 1 0 0 0 0 0 0
509 15 0 0 5 0 0 0 0 0 5 2 0 0
510 8 1 1 4 0 0 0 0 0 4 4 0 0
528 4 1 1 1 0 0 1 0 0 1 1 0 0
532 4 0 0 2 0 0 0 0 0 0 0 0 0
534 2 1 1 0 0 0 0 0 0 1 0 0 0
538 1 0 0 0 0 0 1 0 0 0 0 0 0
539 2 0 0 1 0 0 0 0 0 0 0 0 0
540 4 0 0 0 0 0 2 0 0 0 0 0 0
541 1 0 0 0 0 0 1 0 0 0 0 0 0
543 2 0 0 1 0 0 0 0 0 1 1 0 0
549 4 0 0 1 0 0 0 0 0 0 0 0 0
550 14 1 1 1 0 0 0 0 0 4 1 0 0
551 4 1 1 0 0 0 3 0 0 0 0 0 0
553 2 0 0 1 0 0 1 0 0 0 0 0 0
554 3 1 1 1 0 0 0 0 0 1 1 0 0
555 1 0 0 0 0 0 1 0 0 0 0 0 0
561 2 0 0 1 0 0 1 0 0 0 0 0 0
562 1 0 0 0 0 0 1 0 0 0 0 0 0
565 3 0 0 0 0 0 1 0 0 0 0 0 0
571 1 0 0 0 0 0 1 0 0 0 0 0 0
574 8 0 0 7 0 0 0 0 0 0 0 0 0
fn=open_path
1812 44 2 2 0 0 0 36 2 2 0 0 0 0
1813 8 0 0 4 0 0 4 1 1 0 0 0 0
1816 4 0 0 0 0 0 4 0 0 0 0 0 0
1817 4 0 0 0 0 0 4 0 0 0 0 0 0
1819 8 0 0 0 0 0 0 0 0 4 0 0 0
1822 8 0 0 0 0 0 0 0 0 0 0 0 0
1824 88 2 2 12 1 1 8 0 0 8 4 0 0
1827 8 0 0 8 0 0 0 0 0 0 0 0 0
1831 4 0 0 0 0 0 0 0 0 0 0 0 0
1835 24 0 0 4 0 0 4 0 0 4 0 0 0
1842 24 1 1 12 0 0 8 1 1 0 0 0 0
1843 88 1 1 24 0 0 8 0 0 20 3 0 0
1846 24 0 0 12 0 0 0 0 0 12 4 0 0
1851 66 1 1 36 0 0 12 0 0 0 0 0 0
1854 12 0 0 0 0 0 0 0 0 0 0 0 0
1860 18 0 0 6 0 0 0 0 0 6 0 0 0
1863 48 1 1 18 0 0 6 0 0 0 0 0 0
1865 18 0 0 6 0 0 0 0 0 6 2 0 0
1867 6 0 0 0 0 0 0 0 0 3 2 0 0
1872 6 1 1 0 0 0 0 0 0 3 0 0 0
1873 21 0 0 9 0 0 0 0 0 3 2 0 0
1879 9 1 1 3 0 0 3 0 0 0 0 0 0
1881 26 0 0 3 0 0 7 0 0 3 2 0 0
1882 2 0 0 1 0 0 0 0 0 0 0 0 0
1884 3 0 0 0 0 0 0 0 0 0 0 0 0
1891 38 3 3 8 0 0 12 0 0 0 0 0 0
1893 13 0 0 4 0 0 0 0 0 3 1 0 0
1937 32 1 1 8 0 0 4 2 2 12 0 0 0
1941 4 0 0 4 0 0 0 0 0 0 0 0 0
1943 16 0 0 12 0 0 0 0 0 4 0 0 0
1946 12 0 0 8 0 0 0 0 0 4 0 0 0
1960 36 1 1 28 0 0 0 0 0 0 0 0 0
fn=open_verify.constprop.0
1572 132 1 1 0 0 0 88 1 1 0 0 0 0
1604 33 0 0 11 0 0 0 0 0 11 0 0 0
1609 12 1 1 0 0 0 0 0 0 0 0 0 0
1623 55 0 0 0 0 0 11 0 0 0 0 0 0
1625 22 1 1 0 0 0 0 0 0 11 2 0 0
1633 5 0 0 0 0 0 5 0 0 0 0 0 0
1634 15 0 0 0 0 0 5 2 2 0 0 0 0
1639 30 0 0 0 0 0 5 0 0 0 0 0 0
1641 10 1 1 0 0 0 0 0 0 5 1 0 0
1643 10 0 0 5 0 0 5 0 0 0 0 0 0
1645 10 0 0 0 0 0 0 0 0 5 0 0 0
1651 10 0 0 0 0 0 0 0 0 5 0 0 0
1668 74 4 4 23 0 0 0 0 0 23 10 0 0
1749 10 0 0 5 0 0 0 0 0 5 2 0 0
1754 10 1 1 5 0 0 0 0 0 5 0 0 0
1760 20 0 0 5 0 0 0 0 0 5 2 0 0
1766 10 0 0 5 1 1 0 0 0 5 0 0 0
1772 20 0 0 5 1 1 0 0 0 0 0 0 0
1773 20 1 1 5 0 0 0 0 0 5 1 0 0
1777 16 3 3 1 0 0 0 0 0 2 2 0 0
1778 5 0 0 0 0 0 1 0 0 1 1 0 0
1799 99 0 0 77 0 0 0 0 0 0 0 0 0
fl=./elf/./elf/dl-lookup-direct.c
fn=_dl_lookup_direct
32 15 0 0 9 0 0 0 0 0 3 3 0 0
33 9 1 1 0 0 0 0 0 0 0 0 0 0
35 6 0 0 3 3 3 0 0 0 0 0 0 0
36 6 0 0 3 0 0 0 0 0 3 0 0 0
48 9 0 0 3 0 0 3 0 0 3 0 0 0
51 6 0 0 6 0 0 0 0 0 0 0 0 0
53 21 1 1 6 0 0 6 0 0 3 0 0 0
57 9 0 0 9 2 0 0 0 0 0 0 0 0
58 21 0 0 9 1 0 0 0 0 3 0 0 0
59 15 0 0 6 0 0 3 0 0 3 0 0 0
74 39 2 2 0 0 0 27 0 0 0 0 0 0
76 6 0 0 3 0 0 0 0 0 3 1 0 0
78 21 0 0 9 2 0 0 0 0 0 0 0 0
79 6 0 0 0 0 0 0 0 0 3 1 0 0
81 12 1 1 3 0 0 3 0 0 0 0 0 0
84 25 0 0 5 3 1 0 0 0 5 2 0 0
86 12 0 0 3 0 0 0 0 0 0 0 0 0
93 6 2 2 0 0 0 0 0 0 2 2 0 0
115 3 0 0 0 0 0 0 0 0 0 0 0 0
116 27 0 0 21 0 0 0 0 0 0 0 0 0
fl=./elf/./elf/dl-lookup.c
fn=_dl_lookup_symbol_x
772 25701 9 2 0 0 0 17793 20 7 0 0 0 0
774 3954 0 0 0 0 0 1977 1 0 0 0 0 0
775 7908 0 0 0 0 0 1977 0 0 0 0 0 0
778 1977 0 0 1977 4 0 0 0 0 0 0 0 0
782 7870 0 0 1958 0 0 0 0 0 3935 28 0 0
785 3954 6 1 1977 0 0 0 0 0 1977 0 0 0
787 3954 0 0 3954 7 0 0 0 0 0 0 0 0
791 27758 0 0 16 0 0 5931 0 0 1993 2 0 0
792 33609 12 2 13839 0 0 13839 9 4 1977 3 0 0
797 9885 0 0 3954 0 0 0 0 0 1977 2 0 0
799 96 1 1 16 0 0 0 0 0 32 2 0 0
816 1977 0 0 0 0 0 1977 0 0 0 0 0 0
817 48 1 1 0 0 0 0 0 0 0 0 0 0
820 3954 0 0 1977 0 0 0 0 0 0 0 0 0
821 13711 0 0 1957 0 0 0 0 0 3918 679 0 0
828 2025 1 1 1961 0 0 0 0 0 0 0 0 0
856 7844 6 1 1961 0 0 0 0 0 1961 0 0 0
870 5883 0 0 1961 18 1 0 0 0 1961 1 0 0
871 2 1 1 0 0 0 1 0 0 0 0 0 0
873 3922 0 0 1961 0 0 0 0 0 1961 0 0 0
890 7844 0 0 1961 0 0 0 0 0 0 0 0 0
892 17793 7 1 13839 0 0 0 0 0 0 0 0 0
fn=check_match
70 29535 5 1 3938 141 75 11814 20 8 0 0 0 0
73 15752 6 1 3938 257 191 0 0 0 1974 7 0 0
78 18 0 0 0 0 0 0 0 0 0 0 0 0
86 9820 0 0 0 0 0 0 0 0 1964 0 0 0
89 4834 1 0 302 0 0 151 0 0 2115 68 0 0
93 1964 5 1 1964 9 0 0 0 0 0 0 0 0
94 3928 0 0 0 0 0 0 0 0 1964 3 0 0
96 3922 0 0 0 0 0 0 0 0 1961 1 0 0
115 3922 0 0 3922 112 18 0 0 0 0 0 0 0
116 15688 5 1 5883 34 0 0 0 0 1961 15 0 0
117 9785 11 2 3914 11 0 1957 0 0 1957 12 0 0
118 8 0 0 4 0 0 0 0 0 0 0 0 0
119 8 0 0 0 0 0 0 0 0 4 3 0 0
144 6 0 0 0 0 0 0 0 0 3 0 0 0
146 18 0 0 6 3 1 0 0 0 3 2 0 0
147 12 0 0 0 0 0 0 0 0 0 0 0 0
150 2 0 0 0 0 0 0 0 0 1 0 0 0
151 7 0 0 3 0 0 1 0 0 1 0 0 0
153 3 0 0 1 0 0 1 0 0 0 0 0 0
161 1960 0 0 0 0 0 0 0 0 0 0 0 0
162 15752 0 0 13783 0 0 0 0 0 0 0 0 0
fn=do_lookup_x
170 300 1 1 2 0 0 0 0 0 0 0 0 0
171 307 1 1 76 0 0 2 0 0 0 0 0 0
172 940 1 1 250 47 47 0 0 0 250 70 0 0
174 98 0 0 0 0 0 0 0 0 0 0 0 0
175 294 0 0 0 0 0 0 0 0 98 41 0 0
176 530 2 2 2 0 0 0 0 0 0 0 0 0
179 152 0 0 0 0 0 152 0 0 0 0 0 0
180 152 0 0 0 0 0 152 0 0 0 0 0 0
181 82 0 0 0 0 0 82 16 11 0 0 0 0
182 152 0 0 0 0 0 152 24 24 0 0 0 0
183 70 0 0 0 0 0 0 0 0 0 0 0 0
222 492 1 1 164 0 0 328 0 0 0 0 0 0
224 738 0 0 82 2 0 246 0 0 0 0 82 1
226 164 0 0 82 2 1 0 0 0 0 0 0 0
227 82 0 0 82 0 0 0 0 0 0 0 0 0
228 328 0 0 164 0 0 0 0 0 82 1 0 0
230 2694 1 1 127 0 0 405 0 0 0 0 0 0
231 486 1 1 0 0 0 0 0 0 0 0 0 0
234 352 0 0 176 0 0 0 0 0 176 22 0 0
235 176 1 1 176 55 25 0 0 0 0 0 0 0
254 352 0 0 0 0 0 0 0 0 176 84 0 0
257 95 0 0 0 0 0 0 0 0 0 0 0 0
258 285 0 0 0 0 0 0 0 0 95 44 0 0
259 322 1 1 0 0 0 0 0 0 0 0 0 0
262 1377 2 2 648 0 0 0 0 0 81 14 0 0
269 12 1 1 0 0 0 8 0 0 0 0 0 0
272 4 0 0 0 0 0 0 0 0 2 0 0 0
279 298 1 1 6 0 0 2 0 0 94 2 0 0
280 276 0 0 92 4 1 0 0 0 92 28 0 0
281 350 1 1 210 3 0 0 0 0 0 0 0 0
285 20 1 1 6 0 0 6 0 0 0 0 2 1
286 2 0 0 0 0 0 2 0 0 0 0 0 0
287 2 0 0 0 0 0 0 0 0 0 0 0 0
288 4 1 1 2 0 0 2 0 0 0 0 0 0
289 8 0 0 6 0 0 2 0 0 0 0 0 0
300 3 0 0 2 0 0 0 0 0 0 0 0 0
302 2 1 1 0 0 0 0 0 0 1 0 0 0
305 1 0 0 0 0 0 1 0 0 0 0 0 0
306 1 0 0 0 0 0 1 0 0 0 0 0 0
307 2 0 0 1 0 0 1 0 0 0 0 0 0
310 164 0 0 0 0 0 0 0 0 82 13 0 0
311 492 0 0 164 0 0 0 0 0 0 0 0 0
318 328 0 0 82 0 0 0 0 0 82 10 0 0
329 574 1 1 246 0 0 82 0 0 0 0 0 0
331 164 0 0 164 0 0 82 0 0 0 0 82 1
333 246 0 0 164 0 0 82 0 0 0 0 0 0
334 164 0 0 0 0 0 82 0 0 0 0 0 0
347 27678 11 2 3954 0 0 19770 16 7 0 0 0 0
348 1977 0 0 1977 4 0 0 0 0 0 0 0 0
353 1977 0 0 0 0 0 0 0 0 0 0 0 0
354 1977 0 0 1977 0 0 0 0 0 0 0 0 0
358 12888 5 1 12888 27 0 0 0 0 0 0 0 0
361 12888 0 0 0 0 0 0 0 0 6444 0 0 0
365 16878 0 0 1995 0 0 0 0 0 6462 385 0 0
386 12878 5 1 6439 25 0 0 0 0 6439 18 0 0
390 12878 0 0 6439 4 0 0 0 0 6439 17 0 0
396 19317 0 0 6439 23 0 0 0 0 6439 2 0 0
400 6439 0 0 0 0 0 6439 0 0 0 0 0 0
401 6439 0 0 0 0 0 6439 0 0 0 0 0 0
404 32195 0 0 19317 50 0 0 0 0 6439 6 0 0
405 19317 6 1 12878 0 0 0 0 0 0 0 0 0
408 6439 0 0 6439 0 0 0 0 0 0 0 0 0
409 12878 0 0 0 0 0 0 0 0 6439 0 0 0
411 6439 0 0 6439 706 139 0 0 0 0 0 0 0
412 5931 0 0 0 0 0 1977 0 0 0 0 0 0
413 12878 0 0 12878 0 0 0 0 0 0 0 0 0
415 13839 6 1 1977 0 0 3954 0 0 0 0 0 0
416 25756 0 0 12878 0 0 0 0 0 0 0 0 0
419 45073 0 0 6439 0 0 0 0 0 6439 2223 0 0
422 4154 0 0 4154 965 195 0 0 0 0 0 0 0
423 6231 6 1 2077 0 0 0 0 0 0 0 0 0
424 4154 0 0 0 0 0 0 0 0 2077 24 0 0
426 4118 0 0 2059 0 0 0 0 0 0 0 0 0
429 25620 7 1 5124 1616 480 0 0 0 5124 2218 0 0
431 5907 0 0 1969 0 0 0 0 0 0 0 0 0
432 50215 13 2 13873 0 0 26227 25 9 0 0 0 0
433 3938 0 0 0 0 0 0 0 0 0 0 0 0
436 5907 0 0 0 0 0 0 0 0 1969 12 0 0
439 9510 0 0 9 0 0 0 0 0 3164 99 0 0
461 15680 7 1 11760 0 0 0 0 0 0 0 0 0
470 793 5 2 694 0 0 0 0 0 99 2 0 0
472 2 0 0 0 0 0 0 0 0 1 1 0 0
476 3922 7 1 0 0 0 0 0 0 1961 0 0 0
483 10440 0 0 1961 0 0 0 0 0 3259 415 0 0
487 3813 5 1 1271 3 0 0 0 0 1271 5 0 0
491 1 1 1 0 0 0 1 0 0 0 0 0 0
499 3758 0 0 1879 0 0 1879 0 0 0 0 0 0
500 1879 0 0 0 0 0 1879 0 0 0 0 0 0
501 1961 0 0 0 0 0 0 0 0 0 0 0 0
518 13449 0 0 0 0 0 0 0 0 4483 16 0 0
521 16 0 0 0 0 0 0 0 0 0 0 0 0
522 15816 1 1 13839 0 0 0 0 0 0 0 0 0
fl=./elf/./elf/dl-minimal-malloc.c
fn=__minimal_calloc
80 85 1 1 0 0 0 0 0 0 0 0 0 0
84 17 0 0 0 0 0 0 0 0 0 0 0 0
87 17 0 0 0 0 0 0 0 0 0 0 0 0
88 51 0 0 0 0 0 0 0 0 17 11 0 0
fn=__minimal_free
97 3 2 1 0 0 0 0 0 0 0 0 0 0
99 12 0 0 6 0 0 0 0 0 3 0 0 0
fn=__minimal_malloc
36 336 2 2 0 0 0 168 1 1 0 0 0 0
37 126 0 0 42 4 1 0 0 0 42 1 0 0
42 3 1 1 0 0 0 1 0 0 0 0 0 0
43 2 1 1 1 0 0 0 0 0 0 0 0 0
44 2 0 0 0 0 0 0 0 0 0 0 0 0
48 167 0 0 41 0 0 42 0 0 0 0 0 0
51 282 0 0 0 0 0 0 0 0 81 5 0 0
56 12 0 0 3 0 0 0 0 0 0 0 0 0
57 12 0 0 0 0 0 0 0 0 3 0 0 0
59 3 1 1 0 0 0 0 0 0 0 0 0 0
60 24 0 0 0 0 0 3 2 2 0 0 0 0
62 6 0 0 0 0 0 0 0 0 3 0 0 0
64 12 0 0 0 0 0 3 0 0 0 0 0 0
65 9 0 0 3 0 0 0 0 0 3 1 0 0
67 8 0 0 0 0 0 3 0 0 0 0 0 0
70 43 2 1 1 0 0 42 0 0 0 0 0 0
71 46 0 0 0 0 0 42 0 0 0 0 0 0
73 252 0 0 210 0 0 0 0 0 0 0 0 0
fl=./elf/./elf/dl-minimal.c
fn=__rtld_malloc_init_real
76 10 1 1 0 0 0 6 0 0 0 0 0 0
86 2 1 1 0 0 0 1 0 0 0 0 0 0
87 1 0 0 0 0 0 1 0 0 0 0 0 0
89 1 0 0 0 0 0 1 0 0 0 0 0 0
91 6 1 1 0 0 0 1 0 0 0 0 0 0
92 5 0 0 0 0 0 1 0 0 0 0 0 0
93 5 0 0 0 0 0 1 0 0 0 0 0 0
94 4 1 1 0 0 0 1 0 0 0 0 0 0
99 1 0 0 0 0 0 1 0 0 0 0 0 0
100 1 0 0 0 0 0 1 0 0 0 0 0 0
101 1 0 0 0 0 0 1 0 0 0 0 0 0
102 1 0 0 0 0 0 1 0 0 0 0 0 0
103 8 0 0 7 0 0 0 0 0 0 0 0 0
fn=__rtld_malloc_init_stubs
42 1 1 1 0 0 0 0 0 0 0 0 0 0
43 2 1 1 0 0 0 1 1 1 0 0 0 0
44 2 0 0 0 0 0 1 0 0 0 0 0 0
45 2 0 0 0 0 0 1 0 0 0 0 0 0
46 2 0 0 0 0 0 1 0 0 0 0 0 0
47 1 0 0 1 0 0 0 0 0 0 0 0 0
fn=lookup_malloc_symbol
61 36 1 1 0 0 0 16 0 0 0 0 0 0
63 4 0 0 0 0 0 4 0 0 0 0 0 0
64 28 0 0 4 0 0 12 0 0 0 0 0 0
68 28 1 1 16 0 0 0 0 0 4 0 0 0
69 28 0 0 12 0 0 0 0 0 4 0 0 0
71 4 0 0 0 0 0 4 0 0 0 0 0 0
72 24 0 0 20 0 0 0 0 0 0 0 0 0
fn=strsep
239 2 1 1 0 0 0 0 0 0 0 0 0 0
242 4 0 0 2 1 1 0 0 0 2 0 0 0
244 2 0 0 2 0 0 0 0 0 0 0 0 0
245 4 0 0 0 0 0 0 0 0 2 1 0 0
247 2 0 0 0 0 0 0 0 0 0 0 0 0
249 47 1 1 15 0 0 0 0 0 15 4 0 0
251 28 0 0 0 0 0 0 0 0 0 0 0 0
254 56 0 0 28 0 0 0 0 0 28 6 0 0
256 84 0 0 28 0 0 0 0 0 28 3 0 0
264 14 0 0 0 0 0 0 0 0 0 0 0 0
267 1 0 0 0 0 0 1 0 0 0 0 0 0
271 4 0 0 2 0 0 0 0 0 0 0 0 0
fl=./elf/./elf/dl-misc.c
fn=_dl_higher_prime_number
87 2 0 0 0 0 0 0 0 0 0 0 0 0
124 2 0 0 0 0 0 0 0 0 0 0 0 0
125 2 0 0 0 0 0 0 0 0 0 0 0 0
127 26 1 1 0 0 0 0 0 0 12 11 0 0
129 80 0 0 0 0 0 0 0 0 0 0 0 0
130 30 0 0 10 4 2 0 0 0 10 3 0 0
131 6 0 0 0 0 0 0 0 0 0 0 0 0
133 7 0 0 0 0 0 0 0 0 0 0 0 0
145 2 0 0 2 0 0 0 0 0 0 0 0 0
146 2 0 0 2 0 0 0 0 0 0 0 0 0
fn=_dl_name_match_p
68 931 1 1 0 0 0 399 1 1 0 0 0 0
69 532 0 0 133 0 0 133 1 1 133 0 0 0
70 22 0 0 0 0 0 0 0 0 0 0 0 0
72 133 0 0 133 0 0 0 0 0 0 0 0 0
74 524 0 0 0 0 0 0 0 0 262 41 0 0
75 755 1 1 151 0 0 151 0 0 151 26 0 0
80 129 0 0 129 0 0 0 0 0 0 0 0 0
82 111 0 0 0 0 0 0 0 0 0 0 0 0
83 532 0 0 532 0 0 0 0 0 0 0 0 0
fn=_dl_sysdep_read_whole_file
36 11 1 1 0 0 0 5 0 0 0 0 0 0
39 3 0 0 0 0 0 1 0 0 0 0 0 0
40 2 1 1 0 0 0 0 0 0 1 1 0 0
42 6 0 0 0 0 0 1 0 0 1 0 0 0
44 2 0 0 1 0 0 1 0 0 0 0 0 0
47 2 1 1 0 0 0 0 0 0 1 1 0 0
49 8 0 0 0 0 0 1 0 0 0 0 0 0
60 3 0 0 0 0 0 1 0 0 0 0 0 0
63 8 0 0 6 0 0 0 0 0 0 0 0 0
fl=./elf/./elf/dl-object.c
fn=_dl_add_to_namespace_list
31 54 1 1 0 0 0 24 0 0 0 0 0 0
33 18 0 0 6 0 0 6 0 0 0 0 6 1
35 53 1 1 6 0 0 0 0 0 6 1 0 0
38 80 0 0 20 0 0 0 0 0 20 15 0 0
40 5 0 0 0 0 0 5 0 0 0 0 0 0
42 5 0 0 0 0 0 5 0 0 0 0 0 0
45 2 1 1 0 0 0 1 0 0 0 0 0 0
46 18 0 0 6 0 0 0 0 0 0 0 0 0
47 12 0 0 6 0 0 6 0 0 0 0 0 0
48 12 0 0 0 0 0 6 0 0 0 0 0 0
50 12 0 0 6 0 0 0 0 0 0 0 6 1
51 30 0 0 24 0 0 0 0 0 0 0 0 0
fn=_dl_new_object
59 90 1 1 0 0 0 60 3 3 0 0 0 0
62 12 0 0 0 0 0 0 0 0 6 1 0 0
64 2 1 1 0 0 0 0 0 0 1 1 0 0
66 3 1 1 1 0 0 0 0 0 1 0 0 0
67 2 0 0 0 0 0 0 0 0 1 0 0 0
71 6 0 0 0 0 0 2 0 0 0 0 0 0
77 2 1 1 0 0 0 0 0 0 0 0 0 0
80 10 0 0 5 0 0 0 0 0 0 0 0 0
83 26 1 1 0 0 0 16 1 1 0 0 0 0
87 10 0 0 0 0 0 0 0 0 0 0 0 0
92 5 0 0 0 0 0 0 0 0 0 0 0 0
95 12 0 0 0 0 0 0 0 0 6 0 0 0
98 6 0 0 0 0 0 6 6 6 0 0 0 0
99 6 0 0 0 0 0 6 6 6 0 0 0 0
100 12 0 0 6 0 0 0 0 0 0 0 0 0
103 12 0 0 0 0 0 6 0 0 0 0 0 0
104 42 1 1 18 0 0 18 0 0 0 0 0 0
106 6 1 1 0 0 0 6 0 0 0 0 0 0
119 28 0 0 17 0 0 0 0 0 11 6 0 0
123 5 0 0 0 0 0 0 0 0 0 0 0 0
125 1 0 0 0 0 0 0 0 0 0 0 0 0
127 42 0 0 12 6 6 12 0 0 0 0 0 0
130 12 0 0 6 0 0 0 0 0 6 3 0 0
131 12 1 1 0 0 0 6 6 6 0 0 0 0
132 6 1 1 0 0 0 6 0 0 0 0 0 0
136 6 0 0 0 0 0 6 0 0 0 0 0 0
139 40 0 0 0 0 0 0 0 0 15 10 0 0
141 20 1 1 0 0 0 16 4 4 1 1 0 0
149 12 1 1 0 0 0 6 0 0 0 0 0 0
150 6 0 0 0 0 0 6 6 6 0 0 0 0
153 1 0 0 0 0 0 0 0 0 0 0 0 0
155 36 0 0 6 1 1 0 0 0 6 1 0 0
157 20 0 0 0 0 0 5 5 5 0 0 0 0
160 14 1 1 0 0 0 0 0 0 6 0 0 0
164 20 0 0 5 0 0 0 0 0 5 0 0 0
168 35 1 1 5 0 0 0 0 0 10 3 0 0
176 1 1 1 0 0 0 1 0 0 0 0 0 0
179 12 0 0 0 0 0 6 0 0 0 0 0 0
189 24 0 0 12 0 0 0 0 0 6 1 0 0
191 20 0 0 0 0 0 10 0 0 0 0 0 0
195 15 0 0 0 0 0 0 0 0 5 0 0 0
199 10 0 0 0 0 0 0 0 0 0 0 0 0
200 10 0 0 0 0 0 0 0 0 5 0 0 0
208 5 0 0 0 0 0 0 0 0 0 0 0 0
212 5 1 1 0 0 0 0 0 0 0 0 0 0
245 20 1 0 10 0 0 5 0 0 0 0 0 0
250 168 0 0 0 0 0 0 0 0 0 0 0 0
251 168 0 0 84 0 0 0 0 0 84 24 0 0
255 10 0 0 0 0 0 0 0 0 0 0 0 0
256 5 0 0 0 0 0 5 0 0 0 0 0 0
259 5 0 0 0 0 0 5 0 0 0 0 0 0
263 54 1 1 42 0 0 0 0 0 0 0 0 0
fl=./elf/./elf/dl-reloc.c
fn=_dl_relocate_object
170 14284 1 1 3571 1709 1358 0 0 0 3571 31 0 0
171 6972 1 1 0 0 0 0 0 0 3486 3 0 0
174 23703 1 1 3486 6 0 0 0 0 5348 818 0 0
175 19480 2 2 1624 0 0 0 0 0 8116 5 0 0
177 1624 0 0 1624 0 0 0 0 0 0 0 0 0
178 6494 1 1 1624 0 0 1624 0 0 0 0 0 0
182 3724 0 0 0 0 0 0 0 0 1862 0 0 0
183 1862 0 0 0 0 0 1862 0 0 0 0 0 0
184 1862 0 0 0 0 0 1862 0 0 0 0 0 0
186 14902 2 2 7448 0 0 6 0 0 1862 68 0 0
187 9280 1 1 1856 55 0 1856 0 0 0 0 0 0
188 3712 0 0 0 0 0 0 0 0 1856 0 0 0
190 13131 2 2 3724 0 0 5631 1 0 6 0 0 0
193 1862 0 0 1862 0 0 0 0 0 0 0 0 0
194 13034 1 1 5586 0 0 1862 1 0 0 0 0 0
196 1624 1 1 1624 0 0 0 0 0 0 0 0 0
207 88 1 1 0 0 0 64 0 0 0 0 0 0
208 16 0 0 8 0 0 0 0 0 8 1 0 0
220 14 0 0 0 0 0 0 0 0 0 0 0 0
221 21 0 0 0 0 0 7 0 0 0 0 0 0
224 28 1 1 0 0 0 7 0 0 0 0 0 0
226 21 0 0 0 0 0 0 0 0 7 0 0 0
228 7 0 0 7 0 0 0 0 0 0 0 0 0
229 21 0 0 7 1 0 0 0 0 7 5 0 0
251 35 2 2 14 0 0 0 0 0 7 5 0 0
252 14 1 1 7 6 0 0 0 0 7 4 0 0
253 3 0 0 0 0 0 0 0 0 0 0 0 0
255 14 0 0 0 0 0 0 0 0 7 0 0 0
262 21 1 1 7 4 0 0 0 0 7 0 0 0
301 10279 9 9 1220 234 203 51 0 0 3530 433 0 0
304 35 0 0 14 0 0 0 0 0 14 0 0 0
328 7 0 0 7 0 0 0 0 0 0 0 0 0
331 14 0 0 0 0 0 0 0 0 7 0 0 0
348 21 0 0 7 5 0 0 0 0 7 6 0 0
350 64 0 0 56 2 0 0 0 0 0 0 0 0
356 42 1 1 21 0 0 0 0 0 0 0 0 0
359 14 0 0 0 0 0 0 0 0 0 0 0 0
363 14 1 1 0 0 0 0 0 0 7 0 0 0
364 42 0 0 0 0 0 7 0 0 7 4 0 0
fl=./elf/./elf/dl-runtime.c
fn=_dl_fixup
46 1221 10 2 0 0 0 666 0 0 0 0 0 0
48 555 0 0 444 12 0 0 0 0 111 56 0 0
49 333 6 1 222 0 0 0 0 0 0 0 0 0
54 111 0 0 111 4 0 0 0 0 0 0 0 0
55 444 0 0 111 4 0 0 0 0 0 0 0 0
56 777 0 0 111 105 0 111 6 2 0 0 0 0
58 222 0 0 111 10 0 0 0 0 0 0 0 0
63 222 0 0 0 0 0 0 0 0 111 3 0 0
67 222 0 0 111 108 64 0 0 0 111 2 0 0
69 111 0 0 0 0 0 0 0 0 0 0 0 0
71 333 5 1 111 4 0 0 0 0 111 4 0 0
75 333 0 0 222 92 1 0 0 0 0 0 0 0
76 444 0 0 111 3 0 0 0 0 0 0 0 0
77 333 0 0 111 22 0 0 0 0 111 18 0 0
84 111 5 1 0 0 0 0 0 0 0 0 0 0
85 333 0 0 111 0 0 0 0 0 111 10 0 0
95 1221 0 0 222 4 0 333 0 0 0 0 0 0
99 555 5 1 333 0 0 0 0 0 111 2 0 0
109 1110 0 0 444 0 0 111 0 0 222 3 0 0
124 444 5 1 111 0 0 0 0 0 111 5 0 0
125 8 0 0 0 0 0 4 0 0 0 0 0 0
133 333 0 0 111 0 0 0 0 0 111 8 0 0
159 333 0 0 111 0 0 0 0 0 111 0 0 0
163 888 4 1 777 0 0 0 0 0 0 0 0 0
fl=./elf/./elf/dl-setup_hash.c
fn=_dl_setup_hash
25 14 1 1 0 0 0 0 0 0 0 0 0 0
28 21 1 1 7 0 0 0 0 0 7 0 0 0
31 21 0 0 14 0 0 0 0 0 7 0 0 0
32 14 0 0 7 6 6 7 1 1 0 0 0 0
33 7 0 0 7 0 0 0 0 0 0 0 0 0
34 7 0 0 7 0 0 0 0 0 0 0 0 0
36 21 0 0 0 0 0 0 0 0 7 0 0 0
37 7 0 0 0 0 0 7 0 0 0 0 0 0
38 21 1 1 7 0 0 7 0 0 0 0 0 0
40 7 0 0 0 0 0 7 0 0 0 0 0 0
41 14 0 0 0 0 0 0 0 0 0 0 0 0
43 7 0 0 0 0 0 7 0 0 0 0 0 0
45 21 0 0 0 0 0 7 0 0 0 0 0 0
50 7 0 0 7 0 0 0 0 0 0 0 0 0
fl=./elf/./elf/dl-sort-maps.c
fn=_dl_sort_maps
140 70 0 0 14 0 0 14 0 0 14 0 0 0
181 2 0 0 0 0 0 2 0 0 0 0 0 0
182 4 0 0 2 0 0 0 0 0 0 0 0 0
183 52 0 0 0 0 0 0 0 0 16 12 0 0
184 28 2 1 28 0 0 0 0 0 0 0 0 0
211 34 4 2 2 0 0 0 0 0 4 3 0 0
216 4 0 0 0 0 0 2 0 0 0 0 0 0
218 2 0 0 0 0 0 2 0 0 0 0 0 0
219 10 0 0 0 0 0 0 0 0 0 0 0 0
221 44 2 1 0 0 0 0 0 0 12 0 0 0
223 14 0 0 14 0 0 0 0 0 0 0 0 0
226 42 0 0 14 0 0 0 0 0 14 10 0 0
244 8 2 1 2 0 0 0 0 0 2 2 0 0
263 8 2 1 0 0 0 2 0 0 0 0 0 0
276 8 2 1 2 0 0 0 0 0 4 3 0 0
283 2 2 1 0 0 0 0 0 0 0 0 0 0
298 26 1 0 0 0 0 14 0 0 0 0 0 0
306 6 2 1 2 1 0 0 0 0 2 2 0 0
310 18 4 2 14 0 0 0 0 0 0 0 0 0
fn=_dl_sort_maps_init
289 4 2 2 0 0 0 1 0 0 0 0 0 0
290 4 0 0 0 0 0 1 0 0 0 0 0 0
291 1 0 0 0 0 0 1 0 0 0 0 0 0
292 3 0 0 1 0 0 0 0 0 0 0 0 0
293 2 0 0 2 0 0 0 0 0 0 0 0 0
fn=dfs_traversal.part.0
135 126 2 1 0 0 0 70 0 0 0 0 0 0
140 70 0 0 35 0 0 0 0 0 35 2 0 0
143 14 0 0 14 0 0 0 0 0 0 0 0 0
145 42 0 0 14 2 0 0 0 0 14 3 0 0
147 184 0 0 46 6 0 0 0 0 46 16 0 0
156 49 3 2 7 0 0 0 0 0 21 9 0 0
171 42 0 0 14 0 0 14 0 0 0 0 0 0
172 14 0 0 0 0 0 14 0 0 0 0 0 0
173 84 0 0 84 0 0 0 0 0 0 0 0 0
fl=./elf/./elf/dl-tunables.c
fn=__GI___tunable_set_val
72 50 1 1 5 0 0 0 0 0 10 0 0 0
82 5 0 0 5 0 0 0 0 0 0 0 0 0
93 40 1 1 10 0 0 0 0 0 5 0 0 0
94 25 0 0 10 0 0 0 0 0 5 0 0 0
97 10 0 0 0 0 0 0 0 0 5 2 0 0
100 35 0 0 0 0 0 0 0 0 0 0 0 0
104 10 0 0 0 0 0 0 0 0 5 2 0 0
111 10 0 0 0 0 0 0 0 0 5 0 0 0
112 10 0 0 0 0 0 0 0 0 5 2 0 0
115 25 1 1 0 0 0 5 0 0 0 0 0 0
116 5 0 0 0 0 0 5 0 0 0 0 0 0
117 5 0 0 0 0 0 5 0 0 0 0 0 0
118 5 0 0 0 0 0 5 0 0 0 0 0 0
153 30 1 1 0 0 0 10 0 0 0 0 0 0
157 15 0 0 15 0 0 0 0 0 0 0 0 0
fn=__GI___tunables_init
42 190 1 1 38 0 0 0 0 0 76 1 0 0
45 37 0 0 0 0 0 0 0 0 0 0 0 0
48 3696 0 0 528 23 23 0 0 0 1056 49 0 0
52 74 0 0 0 0 0 0 0 0 37 0 0 0
56 148 1 1 0 0 0 0 0 0 0 0 0 0
128 1 0 0 0 0 0 0 0 0 0 0 0 0
261 10 2 2 0 0 0 6 0 0 0 0 0 0
267 4 0 0 1 0 0 0 0 0 1 0 0 0
281 6068 0 0 0 0 0 0 0 0 1517 37 0 0
283 2 0 0 0 0 0 0 0 0 0 0 0 0
287 10989 1 1 3034 41 41 0 0 0 3034 413 0 0
304 8 1 1 7 0 0 0 0 0 0 0 0 0
fn=__tunable_get_val
387 80 2 1 0 0 0 0 0 0 0 0 0 0
390 474 3 1 40 36 31 0 0 0 77 18 0 0
399 52 0 0 37 14 0 15 0 0 0 0 0 0
400 15 0 0 0 0 0 0 0 0 0 0 0 0
409 31 1 1 0 0 0 25 0 0 0 0 0 0
416 240 0 0 40 4 0 0 0 0 40 32 0 0
418 40 0 0 40 0 0 0 0 0 0 0 0 0
fl=./elf/./elf/dl-tunables.h
fn=__GI___tunable_set_val
141 10 0 0 0 0 0 0 0 0 5 3 0 0
142 10 1 1 0 0 0 0 0 0 0 0 0 0
151 5 0 0 0 0 0 0 0 0 0 0 0 0
fn=__GI___tunables_init
160 722 1 1 475 1 1 0 0 0 34 8 0 0
161 1733 0 0 0 0 0 0 0 0 444 40 0 0
fl=./elf/./elf/dl-version.c
fn=_dl_check_all_versions
392 7 1 1 0 0 0 5 0 0 0 0 0 0
394 1 0 0 0 0 0 0 0 0 0 0 0 0
396 26 0 0 7 0 0 0 0 0 8 6 0 0
397 7 0 0 0 0 0 0 0 0 0 0 0 0
398 63 1 1 7 0 0 7 0 0 7 7 0 0
401 7 0 0 6 0 0 0 0 0 0 0 0 0
fn=_dl_check_map_versions
36 224 0 0 26 0 0 0 0 0 73 9 0 0
37 60 0 0 60 0 0 0 0 0 0 0 0 0
38 378 1 1 0 0 0 73 0 0 73 6 0 0
56 236 0 0 177 0 0 0 0 0 59 21 0 0
64 177 0 0 59 0 0 0 0 0 59 0 0 0
70 177 1 1 59 0 0 0 0 0 59 0 0 0
86 59 0 0 59 1 0 0 0 0 0 0 0 0
87 118 0 0 0 0 0 0 0 0 59 0 0 0
89 59 0 0 59 0 0 0 0 0 0 0 0 0
94 2387 0 0 1046 36 36 177 0 0 1046 5 0 0
108 2092 0 0 1046 14 14 0 0 0 1046 62 0 0
110 59 1 1 59 1 1 0 0 0 0 0 0 0
113 472 1 1 177 0 0 118 0 0 59 0 0 0
120 2961 1 1 987 14 14 0 0 0 987 0 0 0
124 987 0 0 0 0 0 0 0 0 0 0 0 0
155 70 0 0 0 0 0 42 0 0 0 0 0 0
156 7 0 0 0 0 0 7 0 0 0 0 0 0
164 12 1 1 0 0 0 7 0 0 0 0 0 0
170 21 0 0 7 0 0 0 0 0 7 0 0 0
172 35 1 1 14 0 0 0 0 0 7 0 0 0
174 7 0 0 7 1 0 0 0 0 0 0 0 0
175 7 0 0 7 0 0 0 0 0 0 0 0 0
177 14 0 0 0 0 0 0 0 0 7 2 0 0
180 15 1 1 10 0 0 0 0 0 0 0 0 0
184 40 0 0 5 5 5 25 0 0 5 0 0 0
198 8 0 0 0 0 0 0 0 0 0 0 0 0
200 39 1 1 26 0 0 0 0 0 0 0 0 0
208 39 0 0 13 0 0 0 0 0 13 0 0 0
213 39 0 0 13 3 3 0 0 0 0 0 0 0
215 46 0 0 0 0 0 0 0 0 0 0 0 0
217 236 1 1 118 15 15 59 0 0 0 0 0 0
218 454 1 1 335 0 0 0 0 0 59 13 0 0
221 118 0 0 59 0 0 59 0 0 0 0 0 0
224 177 0 0 118 0 0 0 0 0 59 7 0 0
225 5 0 0 1 0 0 1 0 0 1 0 0 0
228 28 1 1 14 0 0 13 0 0 0 0 0 0
231 236 0 0 59 0 0 0 0 0 0 0 0 0
234 177 0 0 59 0 0 0 0 0 59 16 0 0
239 46 0 0 0 0 0 0 0 0 0 0 0 0
243 39 0 0 13 0 0 0 0 0 13 5 0 0
248 8 0 0 0 0 0 0 0 0 0 0 0 0
257 30 2 2 15 0 0 0 0 0 7 2 0 0
260 10 0 0 10 0 0 0 0 0 0 0 0 0
263 551 0 0 139 6 6 5 0 0 0 0 0 0
266 412 0 0 134 2 2 5 0 0 134 25 0 0
270 129 0 0 0 0 0 0 0 0 0 0 0 0
274 18 1 1 6 0 0 0 0 0 6 1 0 0
279 6 0 0 0 0 0 6 1 0 0 0 0 0
280 24 1 1 6 0 0 6 0 0 0 0 0 0
281 18 0 0 6 0 0 0 0 0 6 0 0 0
291 6 0 0 0 0 0 6 0 0 0 0 0 0
294 32 0 0 19 2 0 6 0 0 6 0 0 0
296 12 0 0 0 0 0 0 0 0 6 1 0 0
299 20 1 1 10 0 0 0 0 0 0 0 0 0
301 8 0 0 0 0 0 0 0 0 0 0 0 0
303 39 0 0 13 0 0 0 0 0 0 0 0 0
306 177 1 1 59 0 0 0 0 0 0 0 0 0
308 236 0 0 0 0 0 0 0 0 59 18 0 0
310 295 0 0 59 0 0 59 0 0 0 0 0 0
311 118 0 0 0 0 0 59 21 21 0 0 0 0
312 177 0 0 59 0 0 59 4 4 0 0 0 0
313 177 0 0 59 0 0 59 1 1 0 0 0 0
316 177 0 0 59 0 0 0 0 0 59 17 0 0
321 46 0 0 0 0 0 0 0 0 0 0 0 0
324 39 0 0 13 0 0 0 0 0 13 3 0 0
329 8 1 1 0 0 0 0 0 0 0 0 0 0
334 12 0 0 0 0 0 0 0 0 6 1 0 0
337 10 0 0 5 0 0 0 0 0 0 0 0 0
341 129 0 0 129 0 0 0 0 0 0 0 0 0
343 268 0 0 134 0 0 0 0 0 134 12 0 0
347 129 0 0 129 0 0 0 0 0 0 0 0 0
348 645 0 0 129 0 0 129 33 33 0 0 0 0
349 387 0 0 129 0 0 129 0 0 0 0 0 0
350 129 0 0 0 0 0 129 17 17 0 0 0 0
353 402 0 0 134 0 0 0 0 0 134 8 0 0
357 129 0 0 0 0 0 0 0 0 0 0 0 0
365 10 0 0 0 0 0 0 0 0 5 1 0 0
366 10 1 1 5 0 0 0 0 0 5 0 0 0
367 10 0 0 5 0 0 0 0 0 5 3 0 0
368 4 0 0 2 0 0 0 0 0 2 1 0 0
370 4 1 1 3 0 0 0 0 0 1 1 0 0
372 124 0 0 32 0 0 0 0 0 31 1 0 0
373 60 1 1 0 0 0 0 0 0 30 3 0 0
375 2 0 0 1 0 0 0 0 0 0 0 0 0
376 7 0 0 0 0 0 1 0 0 1 1 0 0
387 63 1 1 56 0 0 0 0 0 0 0 0 0
fl=./elf/./elf/do-rel.h
fn=_dl_relocate_object
49 42 1 1 14 1 0 0 0 0 0 0 0 0
50 42 0 0 14 0 0 14 0 0 0 0 0 0
51 7 0 0 7 0 0 0 0 0 0 0 0 0
53 70 0 0 28 1 0 0 0 0 0 0 0 0
72 8 0 0 0 0 0 0 0 0 0 0 0 0
73 9 1 1 0 0 0 7 0 0 0 0 0 0
80 42 0 0 14 0 0 0 0 0 14 12 0 0
83 3352 1 1 0 0 0 2 0 0 1114 2 0 0
85 4448 1 1 1112 418 418 0 0 0 1112 2 0 0
96 12 0 0 2 0 0 0 0 0 0 0 0 0
97 4 0 0 0 0 0 0 0 0 2 2 0 0
114 36 1 1 0 0 0 0 0 0 0 0 0 0
123 3139 0 0 0 0 0 0 0 0 1049 24 0 0
124 2074 0 0 1037 134 132 0 0 0 0 0 0 0
126 36 1 1 12 8 0 0 0 0 12 1 0 0
129 40 0 0 20 3 0 10 0 0 10 1 0 0
131 14314 1 1 3593 0 0 0 0 0 3575 38 0 0
133 17825 0 0 10695 1975 1221 0 0 0 0 0 0 0
134 14260 0 0 3565 0 0 3565 0 0 0 0 0 0
135 10695 0 0 7130 1 0 3565 0 0 0 0 0 0
136 14260 0 0 3565 1 0 0 0 0 0 0 0 0
138 10695 1 1 0 0 0 0 0 0 3565 8 0 0
141 272 0 0 68 0 0 68 0 0 0 0 0 0
142 68 1 1 0 0 0 68 0 0 0 0 0 0
143 68 0 0 0 0 0 0 0 0 0 0 0 0
147 3497 0 0 0 0 0 3497 0 0 0 0 0 0
150 10514 1 1 3497 0 0 0 0 0 3497 20 0 0
151 249 2 2 83 1 0 0 0 0 83 9 0 0
164 24 1 1 12 0 0 0 0 0 6 3 0 0
165 285 0 0 9 0 0 6 0 0 87 29 0 0
166 252 1 1 84 0 0 0 0 0 84 9 0 0
169 204 0 0 136 0 0 0 0 0 0 0 0 0
171 272 0 0 68 0 0 68 0 0 0 0 0 0
172 68 0 0 68 0 0 0 0 0 0 0 0 0
173 136 0 0 68 0 0 0 0 0 0 0 0 0
180 31 1 1 9 0 0 0 0 0 8 6 0 0
182 42 1 1 12 2 2 6 0 0 0 0 0 0
183 12 0 0 12 0 0 0 0 0 0 0 0 0
185 18 0 0 0 0 0 0 0 0 6 0 0 0
193 6 0 0 0 0 0 6 0 0 0 0 0 0
196 18 0 0 6 0 0 0 0 0 6 0 0 0
211 7 1 1 4 0 0 0 0 0 1 1 0 0
fn=_dl_start
49 6 0 0 2 0 0 0 0 0 0 0 0 0
50 4 0 0 2 0 0 0 0 0 0 0 0 0
51 1 0 0 1 0 0 0 0 0 0 0 0 0
53 10 1 1 4 0 0 0 0 0 0 0 0 0
56 4 0 0 0 0 0 0 0 0 2 2 0 0
61 13 1 1 0 0 0 0 0 0 5 3 0 0
63 9 1 1 3 1 1 0 0 0 0 0 0 0
64 6 0 0 0 0 0 0 0 0 0 0 0 0
65 3 0 0 3 0 0 0 0 0 0 0 0 0
fl=./elf/./elf/get-dynamic-info.h
fn=_dl_map_object_from_fd
39 10 0 0 0 0 0 0 0 0 5 0 0 0
43 5 0 0 0 0 0 0 0 0 0 0 0 0
45 567 0 0 143 39 39 0 0 0 143 10 0 0
49 276 0 0 0 0 0 0 0 0 138 40 0 0
51 74 1 1 0 0 0 0 0 0 37 4 0 0
52 37 0 0 0 0 0 0 0 0 0 0 0 0
53 6 0 0 0 0 0 0 0 0 0 0 0 0
54 129 1 1 0 0 0 0 0 0 31 5 0 0
55 109 0 0 0 0 0 0 0 0 0 0 0 0
56 25 1 1 0 0 0 0 0 0 5 2 0 0
59 20 1 1 0 0 0 0 0 0 5 0 0 0
62 20 0 0 0 0 0 0 0 0 5 0 0 0
64 20 0 0 0 0 0 0 0 0 0 0 0 0
68 138 0 0 0 0 0 138 33 33 0 0 0 0
72 20 0 0 5 0 0 0 0 0 10 0 0 0
84 17 1 1 7 0 0 0 0 0 5 2 0 0
85 20 0 0 10 0 0 0 0 0 5 0 0 0
86 20 0 0 10 0 0 0 0 0 5 0 0 0
87 20 0 0 10 0 0 0 0 0 5 0 0 0
88 17 0 0 7 3 3 0 0 0 5 2 0 0
89 19 1 1 9 1 1 0 0 0 5 1 0 0
90 19 0 0 9 1 1 0 0 0 5 1 0 0
91 20 0 0 10 0 0 0 0 0 5 0 0 0
103 40 1 1 10 0 0 5 0 0 10 0 0 0
110 16 0 0 5 0 0 0 0 0 5 4 0 0
115 8 0 0 4 0 0 0 0 0 4 0 0 0
122 8 0 0 4 0 0 0 0 0 4 0 0 0
123 15 1 1 10 0 0 0 0 0 5 0 0 0
129 15 0 0 5 0 0 0 0 0 5 3 0 0
130 6 0 0 4 0 0 0 0 0 2 0 0 0
147 15 0 0 5 0 0 0 0 0 5 3 0 0
152 4 0 0 2 0 0 2 0 0 0 0 0 0
154 4 0 0 0 0 0 0 0 0 2 2 0 0
156 4 0 0 0 0 0 0 0 0 2 2 0 0
158 4 0 0 0 0 0 0 0 0 2 2 0 0
159 4 0 0 0 0 0 2 0 0 0 0 0 0
162 15 1 1 5 0 0 0 0 0 5 2 0 0
164 9 1 1 3 0 0 3 0 0 0 0 0 0
165 6 0 0 0 0 0 0 0 0 3 0 0 0
174 6 0 0 3 0 0 0 0 0 0 0 0 0
175 9 1 1 0 0 0 0 0 0 3 3 0 0
180 6 0 0 0 0 0 0 0 0 3 2 0 0
181 6 0 0 2 0 0 2 0 0 0 0 0 0
184 10 0 0 5 0 0 0 0 0 5 5 0 0
fl=./elf/./elf/libc-dl-profstub.c
fn=_dl_mcount_wrapper_check
36 128 1 1 0 0 0 0 0 0 0 0 0 0
37 384 0 0 256 0 0 0 0 0 128 2 0 0
38 128 0 0 128 0 0 0 0 0 0 0 0 0
fl=./elf/./elf/libc_early_init.c
fn=__libc_early_init
33 9 1 1 1 0 0 3 0 0 0 0 0 0
35 1 1 1 0 0 0 1 0 0 0 0 0 0
38 2 0 0 1 1 0 1 1 0 0 0 0 0
41 2 0 0 0 0 0 2 2 1 0 0 0 0
47 4 0 0 2 0 0 0 0 0 1 0 0 0
49 2 0 0 2 0 0 0 0 0 0 0 0 0
fl=./elf/./elf/rtld.c
fn=_dl_start
85 8 0 0 0 0 0 2 1 1 0 0 0 0
458 2 0 0 0 0 0 1 0 0 0 0 0 0
476 3 0 0 0 0 0 1 0 0 0 0 0 0
477 1 0 0 0 0 0 1 0 0 0 0 0 0
478 2 0 0 1 0 0 1 1 1 0 0 0 0
488 1 0 0 0 0 0 1 0 0 0 0 0 0
494 4 2 1 1 0 0 1 0 0 0 0 0 0
496 2 0 0 1 0 0 0 0 0 1 0 0 0
517 16 2 2 0 0 0 8 3 3 0 0 0 0
543 1 0 0 0 0 0 1 1 1 0 0 0 0
546 2 1 1 0 0 0 1 1 1 0 0 0 0
547 4 0 0 1 1 1 0 0 0 0 0 0 0
563 190 5 5 24 5 5 5 0 0 57 24 0 0
565 1 0 0 1 0 0 0 0 0 0 0 0 0
578 1 1 1 0 0 0 1 0 0 0 0 0 0
585 9 1 1 7 2 0 0 0 0 0 0 0 0
fn=dl_main
85 17 2 2 0 0 0 1 0 0 0 0 0 0
92 12 1 1 0 0 0 0 0 0 0 0 0 0
93 2 0 0 0 0 0 1 1 0 0 0 0 0
101 9 0 0 4 0 0 0 0 0 0 0 0 0
197 2 0 0 0 0 0 1 0 0 0 0 0 0
199 1 0 0 0 0 0 1 0 0 0 0 0 0
224 3 0 0 3 0 0 0 0 0 0 0 0 0
225 5 0 0 3 0 0 0 0 0 1 1 0 0
226 4 1 1 0 0 0 0 0 0 2 1 0 0
296 3 1 1 0 0 0 3 0 0 0 0 0 0
302 1 0 0 0 0 0 1 0 0 0 0 0 0
303 1 0 0 0 0 0 1 0 0 0 0 0 0
837 1 0 0 1 0 0 0 0 0 0 0 0 0
839 1 0 0 0 0 0 1 0 0 0 0 0 0
848 1 1 1 0 0 0 1 0 0 0 0 0 0
850 1 0 0 0 0 0 1 0 0 0 0 0 0
855 1 0 0 0 0 0 1 0 0 0 0 0 0
1115 1 0 0 1 0 0 0 0 0 0 0 0 0
1116 1 1 1 1 0 0 0 0 0 0 0 0 0
1118 1 0 0 0 0 0 1 0 0 0 0 0 0
1122 3 0 0 2 1 1 1 1 1 0 0 0 0
1124 1 0 0 1 0 0 0 0 0 0 0 0 0
1125 1 0 0 1 0 0 0 0 0 0 0 0 0
1140 1 0 0 0 0 0 0 0 0 0 0 0 0
1143 46 4 4 0 0 0 0 0 0 14 11 0 0
1144 117 1 1 22 6 6 0 0 0 29 7 9 5
1148 3 1 1 1 0 0 1 0 0 0 0 0 0
1153 3 0 0 2 0 0 1 0 0 0 0 0 0
1154 9 1 1 2 0 0 1 0 0 0 0 0 0
1163 2 0 0 0 0 0 1 0 0 0 0 0 0
1164 2 0 0 2 1 1 0 0 0 0 0 0 0
1166 1 0 0 0 0 0 1 0 0 0 0 0 0
1173 3 1 1 1 0 0 0 0 0 1 0 0 0
1191 2 0 0 0 0 0 1 0 0 0 0 0 0
1199 8 0 0 4 0 0 0 0 0 0 0 0 0
1200 17 0 0 5 1 1 0 0 0 0 0 0 0
1201 8 0 0 4 0 0 0 0 0 4 3 0 0
1202 1 0 0 0 0 0 1 0 0 0 0 0 0
1204 12 0 0 4 0 0 0 0 0 0 0 0 0
1205 14 0 0 0 0 0 0 0 0 7 3 0 0
1209 8 0 0 4 3 3 0 0 0 0 0 0 0
1210 8 0 0 4 0 0 0 0 0 4 0 0 0
1211 4 0 0 0 0 0 4 0 0 0 0 0 0
1215 12 0 0 0 0 0 0 0 0 0 0 0 0
1243 2 1 1 1 0 0 1 1 1 0 0 0 0
1247 3 0 0 2 1 1 1 0 0 0 0 0 0
1253 28 0 0 1 0 0 0 0 0 13 1 0 0
1254 61 0 0 13 0 0 0 0 0 24 13 0 0
1260 17 0 0 0 0 0 1 0 0 0 0 0 0
1266 4 0 0 2 1 1 0 0 0 1 1 0 0
1269 3 1 1 2 0 0 0 0 0 1 1 0 0
1271 3 0 0 1 0 0 0 0 0 1 0 0 0
1346 13 2 2 0 0 0 9 0 0 0 0 0 0
1351 1 0 0 0 0 0 0 0 0 0 0 0 0
1352 1 0 0 0 0 0 1 0 0 0 0 0 0
1357 1 0 0 0 0 0 1 1 1 0 0 0 0
1373 3 0 0 2 0 0 1 0 0 0 0 0 0
1374 4 1 1 2 0 0 0 0 0 1 1 0 0
1637 10 1 1 0 0 0 3 0 0 0 0 0 0
1639 2 0 0 0 0 0 0 0 0 1 0 0 0
1640 3 1 1 0 0 0 1 0 0 0 0 0 0
1641 2 0 0 1 0 0 1 0 0 0 0 0 0
1642 3 0 0 2 0 0 1 0 0 0 0 0 0
1646 2 0 0 0 0 0 1 0 0 0 0 0 0
1647 2 0 0 1 0 0 0 0 0 1 0 0 0
1672 3 1 1 1 0 0 0 0 0 1 0 0 0
1673 5 0 0 1 0 0 1 0 0 1 0 0 0
1674 3 0 0 2 0 0 0 0 0 0 0 0 0
1675 3 0 0 3 0 0 0 0 0 0 0 0 0
1678 1 0 0 0 0 0 1 0 0 0 0 0 0
1680 1 1 1 0 0 0 1 1 1 0 0 0 0
1681 1 0 0 0 0 0 1 0 0 0 0 0 0
1683 2 0 0 1 0 0 0 0 0 1 0 0 0
1684 2 0 0 0 0 0 1 0 0 0 0 0 0
1688 2 0 0 1 0 0 0 0 0 1 0 0 0
1690 2 1 1 0 0 0 0 0 0 1 0 0 0
1698 4 0 0 2 0 0 0 0 0 1 1 0 0
1705 2 1 1 1 0 0 1 0 0 0 0 0 0
1708 2 1 1 1 0 0 0 0 0 1 0 0 0
1733 4 1 1 1 0 0 1 0 0 0 0 0 0
1735 1 0 0 0 0 0 1 0 0 0 0 0 0
1740 2 0 0 1 0 0 0 0 0 1 1 0 0
1743 4 1 1 2 0 0 1 0 0 0 0 0 0
1744 4 0 0 1 0 0 1 0 0 0 0 0 0
1745 3 1 1 2 0 0 1 0 0 0 0 0 0
1746 1 0 0 0 0 0 1 0 0 0 0 0 0
1747 1 0 0 1 0 0 0 0 0 0 0 0 0
1748 1 0 0 1 0 0 0 0 0 0 0 0 0
1759 2 0 0 1 1 1 0 0 0 1 0 0 0
1760 2 0 0 1 0 0 0 0 0 1 0 0 0
1762 2 1 1 1 0 0 0 0 0 0 0 0 0
1764 1 0 0 0 0 0 1 0 0 0 0 0 0
1765 3 0 0 1 0 0 1 0 0 0 0 0 0
1770 5 1 1 0 0 0 0 0 0 1 1 0 0
1771 5 0 0 1 1 1 0 0 0 1 1 0 0
1773 3 2 2 2 1 1 1 1 1 0 0 0 0
1779 2 0 0 1 1 1 0 0 0 1 1 0 0
1788 2 1 1 1 0 0 0 0 0 1 0 0 0
1792 1 0 0 0 0 0 0 0 0 0 0 0 0
1793 2 0 0 1 0 0 0 0 0 1 0 0 0
1817 2 1 1 0 0 0 2 0 0 0 0 0 0
1823 1 0 0 0 0 0 1 0 0 0 0 0 0
1824 1 0 0 0 0 0 1 0 0 0 0 0 0
1825 1 0 0 0 0 0 0 0 0 0 0 0 0
1829 3 0 0 1 0 0 1 0 0 0 0 0 0
1834 3 1 1 2 0 0 0 0 0 1 0 0 0
1836 1 0 0 0 0 0 0 0 0 0 0 0 0
1838 2 0 0 1 0 0 0 0 0 1 1 0 0
1842 5 1 1 2 0 0 1 0 0 0 0 0 0
1847 2 0 0 1 0 0 0 0 0 1 0 0 0
1863 6 1 1 0 0 0 1 0 0 1 0 0 0
1939 4 0 0 2 0 0 0 0 0 1 1 0 0
1943 19 2 2 1 0 0 0 0 0 2 1 0 0
1944 1 0 0 0 0 0 0 0 0 0 0 0 0
1947 3 0 0 0 0 0 1 0 0 0 0 0 0
1948 1 1 1 1 0 0 0 0 0 0 0 0 0
1949 2 0 0 0 0 0 0 0 0 1 0 0 0
1950 2 0 0 0 0 0 0 0 0 1 0 0 0
1955 3 0 0 1 0 0 0 0 0 1 1 0 0
1965 9 1 1 2 0 0 1 0 0 0 0 0 0
1971 31 1 1 1 0 0 0 0 0 8 6 0 0
1972 18 0 0 15 0 0 0 0 0 0 0 0 0
1975 3 0 0 2 0 0 1 0 0 0 0 0 0
1976 2 1 1 0 0 0 0 0 0 1 0 0 0
1977 1 0 0 0 0 0 1 0 0 0 0 0 0
1979 26 0 0 1 0 0 0 0 0 6 0 0 0
1980 12 0 0 6 0 0 0 0 0 6 5 0 0
1984 2 1 1 0 0 0 0 0 0 1 0 0 0
1990 1 1 1 0 0 0 1 0 0 0 0 0 0
1992 3 0 0 1 0 0 1 0 0 0 0 0 0
1993 2 0 0 0 0 0 0 0 0 1 0 0 0
1995 2 0 0 0 0 0 1 0 0 0 0 0 0
1997 3 0 0 0 0 0 0 0 0 1 1 0 0
1999 3 1 1 1 0 0 0 0 0 0 0 0 0
2000 1 0 0 1 0 0 0 0 0 0 0 0 0
2001 2 0 0 0 0 0 0 0 0 1 1 0 0
2013 2 0 0 0 0 0 0 0 0 1 0 0 0
2014 2 0 0 1 0 0 1 0 0 0 0 0 0
2015 3 0 0 1 0 0 0 0 0 1 1 0 0
2026 5 0 0 1 0 0 1 0 0 0 0 0 0
2027 4 0 0 0 0 0 1 0 0 0 0 0 0
2028 5 1 1 0 0 0 1 0 0 0 0 0 0
2038 2 0 0 1 0 0 1 0 0 0 0 0 0
2039 2 0 0 1 0 0 0 0 0 1 1 0 0
2040 4 1 1 0 0 0 2 0 0 0 0 0 0
2042 2 0 0 0 0 0 0 0 0 1 0 0 0
2047 3 0 0 1 0 0 0 0 0 1 0 0 0
2246 3 0 0 1 0 0 1 0 0 0 0 0 0
2250 3 0 0 1 0 0 2 0 0 0 0 0 0
2256 2 1 1 1 0 0 1 0 0 0 0 0 0
2259 2 0 0 1 0 0 0 0 0 1 0 0 0
2267 2 0 0 2 0 0 0 0 0 0 0 0 0
2279 3 1 1 1 0 0 0 0 0 0 0 0 0
2282 3 0 0 1 0 0 1 0 0 0 0 0 0
2284 3 0 0 1 0 0 0 0 0 1 1 0 0
2285 6 0 0 1 0 0 1 0 0 0 0 0 0
2292 2 0 0 2 1 0 0 0 0 0 0 0 0
2293 30 0 0 3 1 0 1 0 0 8 3 0 0
2295 14 1 1 14 2 0 0 0 0 0 0 0 0
2300 14 0 0 14 7 0 0 0 0 0 0 0 0
2302 16 0 0 0 0 0 0 0 0 8 3 0 0
2304 1 1 1 0 0 0 1 0 0 0 0 0 0
2305 1 0 0 1 0 0 0 0 0 0 0 0 0
2308 7 0 0 7 0 0 0 0 0 0 0 0 0
2310 14 0 0 0 0 0 0 0 0 7 1 0 0
2311 48 0 0 12 6 0 6 0 0 0 0 0 0
2315 20 1 1 10 4 0 0 0 0 10 4 0 0
2316 9 0 0 0 0 0 3 0 0 0 0 0 0
2325 2 0 0 1 0 0 0 0 0 1 0 0 0
2329 4 0 0 2 1 0 0 0 0 2 0 0 0
2331 1 0 0 1 1 0 0 0 0 0 0 0 0
2338 4 1 1 1 0 0 1 0 0 0 0 0 0
2341 2 0 0 1 0 0 0 0 0 1 1 0 0
2345 3 1 1 2 1 0 0 0 0 1 0 0 0
2347 2 0 0 1 0 0 0 0 0 1 1 0 0
2357 1 1 1 0 0 0 1 0 0 0 0 0 0
2362 3 0 0 1 0 0 1 0 0 0 0 0 0
2365 1 0 0 0 0 0 1 0 0 0 0 0 0
2371 1 0 0 1 0 0 0 0 0 0 0 0 0
2372 5 1 1 2 0 0 1 0 0 0 0 0 0
2380 3 0 0 1 0 0 1 0 0 0 0 0 0
2387 1 0 0 0 0 0 1 0 0 0 0 0 0
2390 3 0 0 0 0 0 1 0 0 0 0 0 0
2394 3 0 0 0 0 0 1 0 0 0 0 0 0
2395 1 0 0 0 0 0 1 1 0 0 0 0 0
2396 1 0 0 0 0 0 1 0 0 0 0 0 0
2397 1 0 0 0 0 0 0 0 0 0 0 0 0
2401 1 0 0 0 0 0 1 0 0 0 0 0 0
2406 8 0 0 7 2 0 0 0 0 0 0 0 0
2538 1 0 0 1 0 0 0 0 0 0 0 0 0
2598 1 0 0 0 0 0 1 0 0 0 0 0 0
2600 2 0 0 0 0 0 0 0 0 0 0 0 0
2602 15 1 1 0 0 0 3 0 0 3 1 0 0
2604 2 0 0 0 0 0 0 0 0 0 0 0 0
2606 107 0 0 21 0 0 0 0 0 40 10 0 0
2607 19 0 0 0 0 0 0 0 0 0 0 0 0
2615 13 1 1 2 2 2 0 0 0 2 0 2 2
2640 2 1 1 1 0 0 0 0 0 1 0 0 0
2650 4 1 1 2 0 0 0 0 0 2 1 0 0
2652 2 0 0 0 0 0 1 0 0 0 0 0 0
2653 1 0 0 0 0 0 0 0 0 0 0 0 0
2687 5 2 2 2 0 0 0 0 0 2 1 0 0
2689 2 0 0 0 0 0 1 0 0 0 0 0 0
2690 2 0 0 0 0 0 1 0 0 0 0 0 0
2691 1 0 0 0 0 0 0 0 0 0 0 0 0
2727 5 0 0 1 0 0 0 0 0 1 0 0 0
2749 3 0 0 1 0 0 0 0 0 1 0 0 0
fn=handle_preload_list
183 3 0 0 1 0 0 0 0 0 1 0 0 0
806 1 0 0 0 0 0 1 0 0 0 0 0 0
810 2 0 0 0 0 0 1 0 0 0 0 0 0
811 2 0 0 1 0 0 1 0 0 0 0 0 0
812 1 0 0 0 0 0 1 0 0 0 0 0 0
814 1 0 0 1 0 0 0 0 0 0 0 0 0
816 6 1 1 0 0 0 1 0 0 0 0 0 0
817 3 0 0 1 0 0 0 0 0 1 0 0 0
825 3 0 0 1 0 0 0 0 0 0 0 0 0
869 13 2 2 1 1 1 8 1 1 0 0 0 0
870 3 0 0 0 0 0 0 0 0 0 0 0 0
874 5 0 0 2 1 1 0 0 0 2 0 0 0
877 4 1 1 0 0 0 1 1 1 0 0 0 0
878 3 0 0 0 0 0 0 0 0 1 1 0 0
880 4 1 1 0 0 0 1 0 0 0 0 0 0
881 2 0 0 0 0 0 1 0 0 0 0 0 0
887 1 0 0 0 0 0 0 0 0 0 0 0 0
889 2 0 0 1 0 0 0 0 0 0 0 0 0
891 2 1 1 1 0 0 0 0 0 1 0 0 0
892 1 0 0 0 0 0 0 0 0 0 0 0 0
895 9 0 0 7 0 0 0 0 0 0 0 0 0
fn=init_tls
734 4 1 1 0 0 0 3 0 0 0 0 0 0
736 2 0 0 1 0 0 1 0 0 0 0 0 0
740 3 0 0 1 1 0 0 0 0 1 0 0 0
746 2 0 0 0 0 0 1 1 1 0 0 0 0
749 1 0 0 0 0 0 1 0 0 0 0 0 0
750 1 0 0 0 0 0 0 0 0 0 0 0 0
751 1 0 0 0 0 0 0 0 0 0 0 0 0
755 1 0 0 0 0 0 0 0 0 0 0 0 0
757 1 0 0 0 0 0 1 0 0 0 0 0 0
761 2 1 1 1 1 1 0 0 0 1 0 0 0
762 2 0 0 0 0 0 0 0 0 0 0 0 0
763 18 0 0 1 0 0 0 0 0 8 6 0 0
764 7 1 1 7 0 0 0 0 0 0 0 0 0
765 14 1 1 7 1 0 0 0 0 7 5 0 0
769 9 0 0 0 0 0 3 0 0 0 0 0 0
771 3 0 0 0 0 0 0 0 0 0 0 0 0
773 3 0 0 1 0 0 0 0 0 1 0 0 0
776 2 0 0 0 0 0 1 0 0 0 0 0 0
779 1 0 0 0 0 0 1 0 0 0 0 0 0
786 2 1 1 0 0 0 1 0 0 0 0 0 0
787 2 0 0 0 0 0 0 0 0 1 0 0 0
793 2 0 0 1 0 0 1 0 0 0 0 0 0
797 1 0 0 0 0 0 1 0 0 0 0 0 0
800 5 0 0 4 0 0 0 0 0 0 0 0 0
fn=map_doit
641 6 1 1 0 0 0 2 0 0 0 0 0 0
643 4 0 0 1 0 0 0 0 0 0 0 0 0
644 6 0 0 2 0 0 2 0 0 0 0 0 0
646 3 0 0 3 0 0 0 0 0 0 0 0 0
fn=version_check_doit
674 6 2 2 0 0 0 2 0 0 0 0 0 0
676 6 0 0 2 0 0 1 0 0 1 1 0 0
680 3 0 0 3 0 0 0 0 0 0 0 0 0
fl=./elf/./get-dynamic-info.h
fn=_dl_start
45 75 0 0 19 5 5 0 0 0 19 2 0 0
49 36 0 0 0 0 0 0 0 0 18 12 0 0
51 10 0 0 0 0 0 0 0 0 5 0 0 0
52 5 1 1 0 0 0 0 0 0 0 0 0 0
54 20 0 0 0 0 0 0 0 0 5 1 0 0
55 16 0 0 0 0 0 0 0 0 0 0 0 0
56 5 0 0 0 0 0 0 0 0 1 1 0 0
59 4 1 1 0 0 0 0 0 0 1 1 0 0
62 4 1 1 0 0 0 0 0 0 1 0 0 0
64 4 0 0 0 0 0 0 0 0 0 0 0 0
68 18 0 0 0 0 0 18 7 7 0 0 0 0
72 3 0 0 0 0 0 0 0 0 1 0 0 0
84 4 0 0 2 0 0 0 0 0 1 0 0 0
85 3 0 0 1 0 0 0 0 0 1 1 0 0
86 4 1 1 2 0 0 0 0 0 1 0 0 0
87 4 0 0 2 0 0 0 0 0 1 0 0 0
88 5 0 0 2 0 0 0 0 0 1 0 0 0
89 3 1 1 1 0 0 0 0 0 1 1 0 0
90 4 0 0 2 0 0 0 0 0 1 0 0 0
91 4 0 0 2 0 0 0 0 0 1 0 0 0
103 10 2 2 2 0 0 1 0 0 2 1 0 0
110 3 0 0 1 1 1 0 0 0 1 1 0 0
123 3 2 2 2 0 0 0 0 0 1 0 0 0
129 3 0 0 1 0 0 0 0 0 1 0 0 0
130 3 0 0 2 0 0 0 0 0 1 0 0 0
133 2 0 0 1 0 0 0 0 0 1 0 0 0
134 3 0 0 1 0 0 0 0 0 1 0 0 0
139 5 1 1 2 0 0 0 0 0 2 0 0 0
142 5 0 0 2 0 0 0 0 0 2 0 0 0
fn=dl_main
39 4 0 0 2 0 0 0 0 0 1 0 0 0
43 1 0 0 0 0 0 0 0 0 0 0 0 0
45 119 0 0 30 9 9 0 0 0 30 2 0 0
49 58 1 1 0 0 0 0 0 0 29 9 0 0
51 12 0 0 0 0 0 0 0 0 6 0 0 0
52 6 0 0 0 0 0 0 0 0 0 0 0 0
54 25 0 0 0 0 0 0 0 0 6 1 0 0
55 21 0 0 0 0 0 0 0 0 0 0 0 0
56 5 1 1 0 0 0 0 0 0 1 0 0 0
59 4 0 0 0 0 0 0 0 0 1 1 0 0
62 4 1 1 0 0 0 0 0 0 1 0 0 0
64 4 0 0 0 0 0 0 0 0 0 0 0 0
68 29 0 0 0 0 0 29 8 8 0 0 0 0
72 7 1 1 4 0 0 0 0 0 2 1 0 0
84 3 0 0 1 0 0 0 0 0 1 1 0 0
85 5 1 1 3 0 0 0 0 0 1 0 0 0
86 5 0 0 3 0 0 0 0 0 1 0 0 0
87 5 0 0 3 0 0 0 0 0 1 0 0 0
88 4 0 0 2 0 0 0 0 0 1 1 0 0
89 5 1 1 3 0 0 0 0 0 1 0 0 0
90 5 0 0 3 0 0 0 0 0 1 0 0 0
91 5 1 1 3 0 0 0 0 0 1 0 0 0
103 9 0 0 3 0 0 1 0 0 2 0 0 0
110 3 0 0 1 0 0 0 0 0 1 1 0 0
115 2 1 1 1 0 0 0 0 0 1 0 0 0
122 3 0 0 2 0 0 0 0 0 1 0 0 0
123 4 1 1 3 0 0 0 0 0 1 0 0 0
129 3 0 0 1 0 0 0 0 0 1 1 0 0
147 4 0 0 2 0 0 0 0 0 1 0 0 0
152 2 1 1 1 0 0 1 1 1 0 0 0 0
154 2 0 0 0 0 0 0 0 0 1 1 0 0
156 2 0 0 0 0 0 0 0 0 1 1 0 0
158 2 0 0 0 0 0 0 0 0 1 0 0 0
159 2 0 0 1 0 0 1 0 0 0 0 0 0
162 4 1 1 2 0 0 0 0 0 1 0 0 0
164 3 0 0 1 0 0 1 0 0 0 0 0 0
165 2 0 0 0 0 0 0 0 0 1 1 0 0
174 2 0 0 1 0 0 0 0 0 0 0 0 0
175 3 1 1 0 0 0 0 0 0 1 1 0 0
180 2 0 0 0 0 0 0 0 0 1 0 0 0
181 3 1 1 2 0 0 1 0 0 0 0 0 0
184 3 0 0 2 0 0 0 0 0 1 1 0 0
fl=./elf/./setup-vdso.h
fn=dl_main
24 2 0 0 1 0 0 0 0 0 1 1 0 0
fl=./iconv/./iconv/gconv_simple.c
fn=__gconv_btwoc_ascii
49 128 1 1 0 0 0 0 0 0 0 0 0 0
51 512 0 0 0 0 0 0 0 0 0 0 0 0
54 128 0 0 128 0 0 0 0 0 0 0 0 0
fl=./io/../sysdeps/unix/sysv/linux/access.c
fn=access
25 1 0 0 0 0 0 0 0 0 0 0 0 0
27 7 0 0 0 0 0 1 0 0 1 1 0 0
31 1 0 0 1 0 0 0 0 0 0 0 0 0
fl=./io/../sysdeps/unix/sysv/linux/close_nocancel.c
fn=__GI___close_nocancel
25 6 1 1 0 0 0 0 0 0 0 0 0 0
26 24 0 0 0 0 0 0 0 0 6 0 0 0
27 6 0 0 6 0 0 0 0 0 0 0 0 0
fn=__close_nocancel
25 3 3 1 0 0 0 0 0 0 0 0 0 0
26 12 3 1 0 0 0 0 0 0 3 0 0 0
27 3 0 0 3 0 0 0 0 0 0 0 0 0
fl=./io/../sysdeps/unix/sysv/linux/fstat64.c
fn=fstat
30 7 2 2 0 0 0 0 0 0 0 0 0 0
39 28 2 2 0 0 0 0 0 0 7 0 0 0
72 7 0 0 7 0 0 0 0 0 0 0 0 0
fl=./io/../sysdeps/unix/sysv/linux/fstatat64.c
fn=fstatat
91 6 0 0 0 0 0 0 0 0 0 0 0 0
146 6 0 0 0 0 0 0 0 0 0 0 0 0
160 4 1 1 0 0 0 2 0 0 0 0 0 0
161 11 0 0 2 0 0 0 0 0 3 3 0 0
162 1 0 0 1 0 0 0 0 0 0 0 0 0
fl=./io/../sysdeps/unix/sysv/linux/open64.c
fn=open
30 36 3 1 3 0 0 15 2 0 0 0 0 0
33 17 2 1 0 0 0 0 0 0 5 1 0 0
36 5 1 0 0 0 0 3 0 0 0 0 0 0
37 1 0 0 1 0 0 0 0 0 0 0 0 0
41 27 1 0 3 0 0 0 0 0 6 1 0 0
43 24 2 1 18 0 0 0 0 0 3 0 0 0
fl=./io/../sysdeps/unix/sysv/linux/open64_nocancel.c
fn=__open_nocancel
28 48 1 1 0 0 0 24 3 3 0 0 0 0
31 84 0 0 0 0 0 0 0 0 24 0 0 0
39 102 1 1 0 0 0 6 0 0 12 4 0 0
41 24 0 0 24 0 0 0 0 0 0 0 0 0
fl=./io/../sysdeps/unix/sysv/linux/pread64_nocancel.c
fn=__pread64_nocancel
25 4 0 0 0 0 0 0 0 0 0 0 0 0
26 8 0 0 0 0 0 0 0 0 2 0 0 0
27 2 0 0 2 0 0 0 0 0 0 0 0 0
fl=./io/../sysdeps/unix/sysv/linux/read.c
fn=read
25 4 2 1 0 0 0 0 0 0 0 0 0 0
26 24 0 0 4 0 0 0 0 0 8 0 0 0
27 4 0 0 4 0 0 0 0 0 0 0 0 0
fl=./io/../sysdeps/unix/sysv/linux/read_nocancel.c
fn=__read_nocancel
25 5 1 1 0 0 0 0 0 0 0 0 0 0
26 20 0 0 0 0 0 0 0 0 5 0 0 0
27 5 0 0 5 0 0 0 0 0 0 0 0 0
fl=./io/../sysdeps/unix/sysv/linux/stat64.c
fn=stat
28 6 0 0 0 0 0 0 0 0 0 0 0 0
29 12 0 0 0 0 0 0 0 0 0 0 0 0
fl=./io/../sysdeps/unix/sysv/linux/write.c
fn=write
25 5063 1 1 0 0 0 0 0 0 0 0 0 0
26 30378 0 0 5063 0 0 0 0 0 10126 0 0 0
27 5063 0 0 5063 0 0 0 0 0 0 0 0 0
fl=./libio/../include/sys/sysmacros.h
fn=_IO_file_doallocate
47 6 0 0 0 0 0 0 0 0 0 0 0 0
fl=./libio/./libio/filedoalloc.c
fn=_IO_file_doallocate
78 11 2 2 1 0 0 5 0 0 0 0 0 0
84 9 1 1 3 2 0 1 0 0 2 0 1 1
86 4 0 0 1 0 0 0 0 0 1 1 0 0
89 2 1 1 0 0 0 0 0 0 1 0 0 0
91 2 1 1 1 0 0 0 0 0 0 0 0 0
94 2 0 0 1 0 0 0 0 0 0 0 0 0
97 4 0 0 1 0 0 0 0 0 1 1 0 0
101 3 0 0 0 0 0 1 0 0 0 0 0 0
102 2 0 0 0 0 0 0 0 0 1 0 0 0
104 4 1 1 0 0 0 1 0 0 0 0 0 0
105 1 0 0 0 0 0 0 0 0 0 0 0 0
106 9 0 0 7 0 0 0 0 0 1 0 0 0
fl=./libio/./libio/fileno.c
fn=fileno
32 2663 3 1 0 0 0 0 0 0 0 0 0 0
35 13315 0 0 5326 0 0 0 0 0 5326 3 0 0
42 2663 0 0 2663 0 0 0 0 0 0 0 0 0
fl=./libio/./libio/fileops.c
fn=_IO_do_write@@GLIBC_2.2.5
424 5074 1 1 0 0 0 6 0 0 0 0 0 0
426 15193 0 0 0 0 0 0 0 0 5063 1 0 0
427 5070 0 0 5069 0 0 0 0 0 0 0 0 0
434 2 1 1 1 0 0 0 0 0 1 0 0 0
441 4 0 0 2 0 0 0 0 0 1 1 0 0
444 1 0 0 1 0 0 0 0 0 0 0 0 0
449 5 0 0 1 0 0 1 0 0 0 0 1 1
450 5 1 1 1 0 0 0 0 0 1 0 0 0
452 3 0 0 1 0 0 2 0 0 0 0 0 0
453 2 0 0 0 0 0 1 0 0 0 0 0 0
454 1 0 0 0 0 0 1 0 0 0 0 0 0
455 2 1 1 1 0 0 0 0 0 1 1 0 0
456 4 0 0 1 0 0 0 0 0 1 1 0 0
fn=_IO_file_close
1165 3 3 1 0 0 0 0 0 0 0 0 0 0
1168 6 0 0 3 0 0 0 0 0 0 0 0 0
fn=_IO_file_close_it@@GLIBC_2.2.5
128 21 3 1 0 0 0 12 0 0 0 0 0 0
130 9 0 0 3 0 0 0 0 0 3 0 0 0
133 6 3 1 0 0 0 0 0 0 3 0 0 0
134 9 0 0 3 0 0 0 0 0 0 0 0 0
137 3 0 0 0 0 0 0 0 0 0 0 0 0
139 6 0 0 0 0 0 3 0 0 0 0 0 0
142 21 3 1 9 2 0 3 0 0 3 1 3 1
145 9 0 0 3 1 0 0 0 0 3 2 0 0
153 15 3 1 0 0 0 3 0 0 0 0 0 0
154 12 0 0 0 0 0 9 0 0 0 0 0 0
157 6 0 0 0 0 0 3 0 0 0 0 0 0
158 3 0 0 0 0 0 3 0 0 0 0 0 0
159 3 0 0 0 0 0 3 0 0 0 0 0 0
160 3 0 0 0 0 0 3 0 0 0 0 0 0
162 6 3 1 0 0 0 0 0 0 0 0 0 0
163 21 0 0 15 0 0 0 0 0 0 0 0 0
fn=_IO_file_finish@@GLIBC_2.2.5
168 18 2 1 0 0 0 9 0 0 0 0 0 0
169 6 0 0 3 0 0 0 0 0 3 1 0 0
175 9 3 1 0 0 0 0 0 0 0 0 0 0
176 9 0 0 9 0 0 0 0 0 0 0 0 0
fn=_IO_file_fopen@@GLIBC_2.2.5
213 36 3 1 3 0 0 21 0 0 0 0 0 0
214 2 2 1 0 0 0 0 0 0 0 0 0 0
222 6 0 0 3 0 0 0 0 0 3 0 0 0
224 24 4 1 3 2 2 0 0 0 4 4 0 0
227 2 0 0 0 0 0 0 0 0 0 0 0 0
228 4 0 0 0 0 0 0 0 0 0 0 0 0
247 36 6 2 3 0 0 0 0 0 12 6 0 0
281 15 3 1 0 0 0 3 0 0 0 0 0 0
284 6 0 0 0 0 0 0 0 0 3 0 0 0
287 12 0 0 0 0 0 3 0 0 0 0 0 0
288 6 0 0 0 0 0 0 0 0 3 2 0 0
357 36 2 1 27 0 0 0 0 0 3 0 0 0
fn=_IO_file_open
182 36 3 1 0 0 0 12 0 0 0 0 0 0
184 6 3 1 3 0 0 0 0 0 3 0 0 0
185 3 0 0 0 0 0 0 0 0 0 0 0 0
188 6 0 0 0 0 0 3 0 0 0 0 0 0
189 6 0 0 0 0 0 0 0 0 3 2 0 0
191 3 0 0 0 0 0 3 0 0 0 0 0 0
192 18 0 0 3 0 0 3 0 0 0 0 0 0
195 9 0 0 0 0 0 0 0 0 3 1 0 0
205 6 3 1 0 0 0 3 0 0 0 0 0 0
206 3 0 0 0 0 0 0 0 0 0 0 0 0
207 18 3 1 15 0 0 0 0 0 0 0 0 0
fn=_IO_file_overflow@@GLIBC_2.2.5
732 40712 2 2 0 0 0 20356 0 0 0 0 0 0
733 20356 0 0 5089 0 0 0 0 0 5089 0 0 0
740 25441 0 0 5089 0 0 0 0 0 10176 24 0 0
743 4 1 1 0 0 0 0 0 0 2 2 0 0
745 4 1 1 0 0 0 2 0 0 0 0 0 0
746 12 0 0 2 0 0 4 0 0 0 0 0 0
755 6 1 1 2 0 0 0 0 0 2 0 0 0
764 6 0 0 2 0 0 0 0 0 2 0 0 0
765 2 0 0 0 0 0 0 0 0 0 0 0 0
766 2 0 0 0 0 0 2 0 0 0 0 0 0
767 2 0 0 0 0 0 2 0 0 0 0 0 0
768 2 0 0 0 0 0 2 0 0 0 0 0 0
769 6 0 0 2 0 0 4 0 0 0 0 0 0
771 6 0 0 0 0 0 2 0 0 0 0 0 0
772 10 1 1 2 0 0 0 0 0 2 0 0 0
773 4 0 0 0 0 0 2 0 0 0 0 0 0
775 10178 1 1 0 0 0 0 0 0 5089 1 0 0
776 10124 0 0 0 0 0 0 0 0 0 0 0 0
777 10149 0 0 5087 0 0 0 0 0 0 0 0 0
778 54 0 0 27 0 0 0 0 0 27 1 0 0
781 81 0 0 0 0 0 54 0 0 0 0 0 0
782 81 0 0 27 0 0 0 0 0 27 0 0 0
783 108 0 0 0 0 0 0 0 0 27 1 0 0
784 4 0 0 0 0 0 1 0 0 1 1 0 0
785 3 0 0 2 0 0 0 0 0 0 0 0 0
787 27 0 0 0 0 0 0 0 0 0 0 0 0
788 25472 0 0 20383 0 0 0 0 0 0 0 0 0
fn=_IO_file_setbuf@@GLIBC_2.2.5
382 6 1 1 0 0 0 2 0 0 0 0 0 0
383 3 0 0 0 0 0 1 0 0 1 0 0 0
386 1 0 0 1 0 0 0 0 0 0 0 0 0
388 3 0 0 0 0 0 3 0 0 0 0 0 0
390 2 0 0 0 0 0 0 0 0 0 0 0 0
391 3 0 0 3 0 0 0 0 0 0 0 0 0
fn=_IO_file_stat
1147 1 1 1 0 0 0 0 0 0 0 0 0 0
1148 2 0 0 1 0 0 0 0 0 0 0 0 0
fn=_IO_file_sync@@GLIBC_2.2.5
793 92183 1 1 0 0 0 39507 0 0 0 0 0 0
798 52676 0 0 26338 1 0 0 0 0 13169 7 0 0
800 13169 2 1 13169 0 0 0 0 0 0 0 0 0
801 26338 0 0 13169 0 0 0 0 0 13169 4 0 0
812 26338 2 1 0 0 0 13169 0 0 0 0 0 0
816 65845 0 0 52676 0 0 0 0 0 0 0 0 0
fn=_IO_file_write@@GLIBC_2.2.5
1174 40496 1 1 0 0 0 25310 0 0 0 0 0 0
1175 10124 0 0 0 0 0 0 0 0 0 0 0 0
1176 30372 0 0 0 0 0 0 0 0 10124 2 0 0
1180 15186 1 1 5062 0 0 0 0 0 0 0 0 0
1181 15186 0 0 5062 0 0 5062 0 0 5062 2 0 0
1182 10124 0 0 0 0 0 0 0 0 5062 0 0 0
1187 5062 0 0 0 0 0 0 0 0 0 0 0 0
1188 5062 0 0 0 0 0 0 0 0 0 0 0 0
1190 15186 0 0 0 0 0 0 0 0 0 0 0 0
1191 15186 0 0 5062 0 0 0 0 0 5062 2 0 0
1194 30372 0 0 30372 0 0 0 0 0 0 0 0 0
fn=_IO_file_xsputn@@GLIBC_2.2.5
434 10122 0 0 5061 0 0 0 0 0 5061 1 0 0
441 20244 0 0 10122 0 0 0 0 0 5061 3 0 0
444 5061 0 0 5061 0 0 0 0 0 0 0 0 0
446 10122 0 0 0 0 0 0 0 0 0 0 0 0
449 30366 0 0 5061 0 0 10122 0 0 0 0 5061 1
450 30366 0 0 10122 0 0 0 0 0 5061 2 0 0
452 15183 0 0 5061 0 0 10122 0 0 0 0 0 0
453 10122 0 0 0 0 0 5061 0 0 0 0 0 0
454 5061 0 0 0 0 0 5061 0 0 0 0 0 0
455 10122 1 1 5061 0 0 0 0 0 5061 1 0 0
456 20244 1 1 5061 0 0 0 0 0 5061 2 0 0
1198 45558 1 1 0 0 0 30372 0 0 0 0 0 0
1200 5062 1 1 0 0 0 0 0 0 0 0 0 0
1204 20248 1 1 0 0 0 0 0 0 5062 0 0 0
1205 5062 0 0 0 0 0 0 0 0 0 0 0 0
1211 20248 0 0 5062 0 0 0 0 0 5062 0 0 0
1213 10124 0 0 5062 1 1 0 0 0 0 0 0 0
1228 15186 0 0 5062 0 0 0 0 0 5062 2 0 0
1244 30372 0 0 10124 0 0 5062 0 0 5062 0 5062 1
1250 10124 0 0 10124 0 0 0 0 0 0 0 0 0
1251 15188 2 2 0 0 0 0 0 0 5062 3 0 0
1253 10125 1 1 0 0 0 0 0 0 5062 3 0 0
1256 10122 0 0 0 0 0 0 0 0 0 0 0 0
1257 10122 0 0 0 0 0 0 0 0 5061 0 0 0
1264 10124 0 0 0 0 0 0 0 0 5062 3 0 0
1265 4 0 0 0 0 0 1 0 0 0 0 0 0
1267 3 0 0 0 0 0 0 0 0 0 0 0 0
1268 45558 1 1 35434 0 0 0 0 0 0 0 0 0
fn=_IO_new_file_init_internal
106 18 3 1 0 0 0 6 0 0 0 0 0 0
110 3 0 0 0 0 0 3 0 0 0 0 0 0
111 3 0 0 3 0 0 0 0 0 0 0 0 0
113 3 0 0 0 0 0 3 0 0 0 0 0 0
114 3 0 0 0 0 0 3 0 0 0 0 0 0
115 9 0 0 9 0 0 0 0 0 0 0 0 0
fl=./libio/./libio/genops.c
fn=_IO_cleanup
776 6 0 0 0 0 0 3 0 0 0 0 0 0
777 10 2 2 5 0 0 2 0 0 1 1 0 0
780 13 1 1 4 0 0 0 0 0 4 3 0 0
784 3 0 0 0 0 0 3 0 0 0 0 0 0
785 36 2 2 15 0 0 6 0 0 6 3 0 0
792 7 0 0 0 0 0 0 0 0 3 2 0 0
794 6 0 0 2 0 0 0 0 0 2 1 0 0
796 4 1 1 1 0 0 0 0 0 1 0 0 0
798 2 0 0 0 0 0 1 0 0 0 0 0 0
800 3 0 0 2 0 0 1 0 0 0 0 0 0
801 1 0 0 0 0 0 1 0 0 0 0 0 0
805 5 0 0 2 0 0 1 0 0 0 0 1 1
807 3 0 0 1 0 0 0 0 0 1 0 0 0
814 3 0 0 0 0 0 3 0 0 0 0 0 0
816 30 2 2 7 0 0 6 0 0 8 2 0 0
817 3 1 1 0 0 0 3 0 0 0 0 0 0
821 7 0 0 2 0 0 2 0 0 2 0 0 0
822 2 0 0 0 0 0 1 0 0 0 0 0 0
842 12 2 2 1 0 0 7 0 0 0 0 0 0
843 2 0 0 0 0 0 1 0 0 0 0 0 0
855 12 1 1 9 0 0 0 0 0 1 0 0 0
fn=_IO_default_finish
54 6 0 0 3 0 0 0 0 0 3 1 0 0
601 18 3 1 0 0 0 6 0 0 0 0 0 0
603 9 0 0 3 0 0 0 0 0 3 2 0 0
609 9 0 0 3 0 0 0 0 0 3 0 0 0
612 9 3 1 3 0 0 0 0 0 3 2 0 0
624 9 0 0 9 0 0 0 0 0 0 0 0 0
fn=_IO_default_setbuf
330 5 0 0 1 0 0 0 0 0 1 1 0 0
332 1 0 0 0 0 0 1 0 0 0 0 0 0
333 1 0 0 0 0 0 1 0 0 0 0 0 0
337 2 0 0 0 0 0 1 0 0 0 0 0 0
452 10 1 1 0 0 0 5 0 0 0 0 0 0
453 5 1 1 2 0 0 1 0 0 1 0 1 1
455 4 0 0 0 0 0 0 0 0 1 1 0 0
457 3 1 1 1 0 0 1 0 0 0 0 0 0
458 2 1 1 0 0 0 0 0 0 0 0 0 0
462 1 0 0 0 0 0 0 0 0 0 0 0 0
466 4 0 0 0 0 0 3 0 0 0 0 0 0
467 1 0 0 0 0 0 0 0 0 0 0 0 0
468 6 0 0 6 0 0 0 0 0 0 0 0 0
fn=_IO_default_xsputn
371 11 1 1 0 0 0 7 0 0 0 0 0 0
373 2 0 0 0 0 0 0 0 0 0 0 0 0
374 4 0 0 0 0 0 0 0 0 1 1 0 0
375 1 1 1 1 0 0 0 0 0 0 0 0 0
379 108 1 1 54 0 0 0 0 0 27 1 0 0
399 262 1 1 78 0 0 26 0 0 53 1 26 1
401 26 0 0 0 0 0 0 0 0 0 0 0 0
404 8 0 0 7 0 0 0 0 0 0 0 0 0
fn=_IO_doallocbuf
330 1 0 0 0 0 0 0 0 0 0 0 0 0
332 1 0 0 0 0 0 1 0 0 0 0 0 0
333 1 0 0 0 0 0 1 0 0 0 0 0 0
337 2 0 0 0 0 0 1 0 0 0 0 0 0
343 16 1 1 0 0 0 8 0 0 0 0 0 0
344 4 0 0 2 0 0 0 0 0 2 2 0 0
346 9 0 0 3 0 0 0 0 0 3 2 0 0
347 5 1 1 2 0 0 1 0 0 1 1 1 1
349 2 0 0 0 0 0 0 0 0 0 0 0 0
350 12 1 1 10 0 0 0 0 0 0 0 0 0
fn=_IO_flush_all
686 12 1 1 1 0 0 7 0 0 0 0 0 0
687 3 1 1 0 0 0 0 0 0 0 0 0 0
691 6 1 1 0 0 0 3 0 0 0 0 0 0
692 9 2 2 4 0 0 2 0 0 1 1 0 0
695 12 0 0 4 1 0 0 0 0 4 2 0 0
697 3 1 1 0 0 0 3 0 0 0 0 0 0
698 36 1 1 15 2 0 6 0 0 6 5 0 0
700 21 2 2 9 2 1 0 0 0 6 0 0 0
708 33 2 2 12 0 0 6 0 0 9 0 0 0
709 3 0 0 0 0 0 3 0 0 0 0 0 0
713 7 2 2 2 0 0 2 0 0 2 0 0 0
714 2 0 0 0 0 0 1 0 0 0 0 0 0
718 12 0 0 9 0 0 0 0 0 1 0 0 0
fn=_IO_link_in
87 42 3 1 0 0 0 24 1 0 0 0 0 0
88 30 0 0 12 0 0 6 0 0 6 3 0 0
90 6 3 1 0 0 0 3 0 0 0 0 0 0
92 21 0 0 0 0 0 9 1 0 0 0 0 0
93 27 6 2 9 1 0 6 0 0 3 1 0 0
94 3 0 0 0 0 0 3 0 0 0 0 0 0
95 27 6 2 12 0 0 6 0 0 6 3 0 0
97 6 0 0 3 2 0 3 0 0 0 0 0 0
98 3 0 0 0 0 0 3 0 0 0 0 0 0
100 15 0 0 3 0 0 6 0 0 3 0 0 0
101 3 0 0 0 0 0 3 0 0 0 0 0 0
102 18 3 1 3 0 0 6 0 0 3 0 0 0
103 6 3 1 0 0 0 3 0 0 0 0 0 0
106 57 0 0 42 0 0 0 0 0 6 0 0 0
fn=_IO_no_init
563 33 3 1 0 0 0 15 0 0 0 0 0 0
564 3 0 0 0 0 0 3 0 0 0 0 0 0
565 3 3 1 0 0 0 3 2 1 0 0 0 0
566 6 0 0 0 0 0 0 0 0 3 0 0 0
568 3 0 0 0 0 0 3 0 0 0 0 0 0
572 18 0 0 0 0 0 15 0 0 0 0 0 0
579 3 0 0 0 0 0 3 2 1 0 0 0 0
581 3 0 0 0 0 0 3 1 0 0 0 0 0
587 3 3 1 0 0 0 3 0 0 0 0 0 0
588 18 0 0 18 0 0 0 0 0 0 0 0 0
fn=_IO_old_init
531 3 3 1 0 0 0 0 0 0 0 0 0 0
532 6 0 0 0 0 0 3 0 0 0 0 0 0
534 18 3 1 3 2 1 3 0 0 0 0 0 0
539 21 0 0 0 0 0 18 2 1 0 0 0 0
544 3 0 0 0 0 0 3 0 0 0 0 0 0
550 6 0 0 0 0 0 3 0 0 0 0 0 0
555 9 0 0 3 0 0 0 0 0 3 3 0 0
556 6 0 0 0 0 0 6 2 1 0 0 0 0
558 3 0 0 3 0 0 0 0 0 0 0 0 0
fn=_IO_setb
329 44 6 2 0 0 0 20 0 0 0 0 0 0
330 16 0 0 8 0 0 0 0 0 4 3 0 0
332 4 0 0 0 0 0 4 0 0 0 0 0 0
333 4 0 0 0 0 0 4 0 0 0 0 0 0
335 24 0 0 0 0 0 4 0 0 0 0 0 0
338 24 0 0 24 0 0 0 0 0 0 0 0 0
fn=_IO_un_link
53 6 3 1 0 0 0 0 0 0 0 0 0 0
54 12 0 0 6 0 0 0 0 0 6 3 0 0
82 6 0 0 3 0 0 0 0 0 0 0 0 0
fn=_IO_unsave_markers
937 18 3 1 0 0 0 6 0 0 0 0 0 0
939 6 0 0 3 0 0 0 0 0 3 0 0 0
944 9 0 0 3 2 0 0 0 0 3 1 0 0
946 9 3 1 9 0 0 0 0 0 0 0 0 0
fn=__GI__IO_un_link.part.0
52 30 3 1 3 0 0 15 0 0 0 0 0 0
58 18 3 1 0 0 0 9 0 0 0 0 0 0
59 30 6 2 9 1 0 6 0 0 3 3 0 0
60 3 0 0 0 0 0 3 0 0 0 0 0 0
61 39 3 1 12 1 0 6 0 0 6 3 0 0
63 9 3 1 3 1 0 0 0 0 3 3 0 0
65 6 3 1 0 0 0 0 0 0 3 2 0 0
66 9 0 0 3 0 0 3 0 0 0 0 0 0
74 6 0 0 0 0 0 3 0 0 0 0 0 0
76 30 6 2 6 0 0 6 0 0 9 0 0 0
77 3 0 0 0 0 0 3 0 0 0 0 0 0
78 18 0 0 3 0 0 6 0 0 3 0 0 0
79 6 3 1 0 0 0 3 0 0 0 0 0 0
82 27 0 0 21 0 0 0 0 0 3 0 0 0
fn=__overflow
199 5 1 1 0 0 0 2 0 0 0 0 0 0
201 3 0 0 1 0 0 0 0 0 1 1 0 0
203 3 1 1 2 0 0 0 0 0 0 0 1 1
204 2 0 0 2 0 0 0 0 0 0 0 0 0
fl=./libio/./libio/iofclose.c
fn=fclose@@GLIBC_2.2.5
34 24 3 1 0 0 0 12 0 0 0 0 0 0
48 9 0 0 3 0 0 0 0 0 3 3 0 0
49 3 3 1 0 0 0 3 0 0 0 0 0 0
51 39 3 1 15 0 0 6 0 0 6 1 0 0
52 6 3 1 0 0 0 0 0 0 3 0 0 0
53 9 0 0 0 0 0 3 0 0 0 0 0 0
57 12 3 1 6 2 0 3 0 0 0 0 3 1
58 9 0 0 3 0 0 0 0 0 3 1 0 0
71 6 0 0 3 0 0 0 0 0 3 0 0 0
76 21 0 0 15 0 0 0 0 0 0 0 0 0
fl=./libio/./libio/iofflush.c
fn=fflush
32 79008 4 2 0 0 0 39504 0 0 0 0 0 0
33 26336 0 0 0 0 0 0 0 0 13168 1 0 0
39 158016 8 4 65840 8 0 26336 0 0 26336 21 0 0
40 65840 0 0 26336 4 0 13168 0 0 0 0 13168 1
44 65840 0 0 52672 0 0 0 0 0 0 0 0 0
fl=./libio/./libio/iofopen.c
fn=fopen@@GLIBC_2.2.5
37 6 0 0 3 0 0 0 0 0 3 3 0 0
65 6 0 0 0 0 0 3 1 0 0 0 0 0
67 9 3 1 0 0 0 0 0 0 3 0 0 0
70 6 0 0 0 0 0 3 2 1 0 0 0 0
72 21 0 0 0 0 0 3 0 0 0 0 0 0
73 6 0 0 0 0 0 3 0 0 0 0 0 0
74 6 3 1 0 0 0 3 0 0 0 0 0 0
75 21 0 0 0 0 0 3 0 0 3 0 0 0
85 27 3 1 0 0 0 15 0 0 0 0 0 0
87 21 3 1 18 0 0 0 0 0 0 0 0 0
fl=./libio/./libio/iofwrite.c
fn=fwrite
31 45558 1 1 0 0 0 30372 0 0 0 0 0 0
32 10124 0 0 0 0 0 0 0 0 0 0 0 0
35 30372 0 0 0 0 0 0 0 0 5062 2 0 0
37 70868 2 2 30372 5 1 15186 0 0 10124 2 0 0
38 25308 1 1 5062 2 0 2 0 0 10122 8 0 0
39 35434 0 0 15186 1 0 10124 0 0 0 0 5062 1
45 20248 0 0 0 0 0 0 0 0 5062 3 0 0
46 5062 0 0 0 0 0 0 0 0 0 0 0 0
49 45558 0 0 35434 0 0 0 0 0 0 0 0 0
fl=./libio/./libio/libioP.h
fn=_IO_cleanup
1025 3 1 1 0 0 0 0 0 0 0 0 0 0
1026 2 0 0 0 0 0 0 0 0 1 0 0 0
fn=_IO_default_setbuf
1025 3 0 0 0 0 0 0 0 0 0 0 0 0
1026 2 0 0 0 0 0 0 0 0 1 0 0 0
fn=_IO_default_xsputn
1025 53 0 0 0 0 0 0 0 0 0 0 0 0
1026 52 0 0 0 0 0 0 0 0 26 2 0 0
fn=_IO_do_write@@GLIBC_2.2.5
1025 3 1 1 0 0 0 0 0 0 0 0 0 0
1026 2 0 0 0 0 0 0 0 0 1 0 0 0
fn=_IO_doallocbuf
1025 3 0 0 0 0 0 0 0 0 0 0 0 0
1026 2 0 0 0 0 0 0 0 0 1 0 0 0
fn=_IO_file_close_it@@GLIBC_2.2.5
1025 9 0 0 0 0 0 0 0 0 0 0 0 0
1026 6 0 0 0 0 0 0 0 0 3 0 0 0
fn=_IO_file_doallocate
1025 3 0 0 0 0 0 0 0 0 0 0 0 0
1026 2 0 0 0 0 0 0 0 0 1 0 0 0
fn=_IO_file_xsputn@@GLIBC_2.2.5
1025 25308 1 1 0 0 0 0 0 0 0 0 0 0
1026 20246 1 1 0 0 0 0 0 0 10123 1 0 0
fn=_IO_flush_all
1025 2 0 0 0 0 0 0 0 0 0 0 0 0
fn=__overflow
1025 3 0 0 0 0 0 0 0 0 0 0 0 0
1026 2 0 0 0 0 0 0 0 0 1 0 0 0
fn=fclose@@GLIBC_2.2.5
951 12 3 1 6 4 0 0 0 0 0 0 0 0
952 12 0 0 3 2 0 0 0 0 6 0 0 0
958 6 0 0 0 0 0 3 0 0 0 0 0 0
979 12 0 0 3 0 0 0 0 0 3 0 0 0
980 27 0 0 9 0 0 6 0 0 6 0 0 0
1025 9 0 0 0 0 0 0 0 0 0 0 0 0
1026 6 0 0 0 0 0 0 0 0 3 0 0 0
fn=fflush
979 26336 0 0 13168 0 0 0 0 0 13168 0 0 0
980 105344 0 0 39504 0 0 26336 0 0 26336 0 0 0
1025 39504 0 0 0 0 0 0 0 0 0 0 0 0
1026 26336 0 0 0 0 0 0 0 0 13168 2 0 0
fn=fwrite
979 10124 0 0 5062 0 0 0 0 0 5062 2 0 0
980 45558 2 2 15186 0 0 10124 0 0 10124 0 0 0
1025 10124 0 0 0 0 0 0 0 0 0 0 0 0
1026 10124 1 1 0 0 0 0 0 0 5062 0 0 0
fl=./libio/./libio/putc.c
fn=putc
25 9 2 2 0 0 0 4 0 0 0 0 0 0
28 2 0 0 1 0 0 0 0 0 1 1 0 0
29 7 1 1 2 0 0 0 0 0 1 1 0 0
34 5 1 1 4 0 0 0 0 0 0 0 0 0
fl=./libio/./libio/vtables.c
fn=check_stdfiles_vtables
545 1 1 1 0 0 0 0 0 0 0 0 0 0
546 4 0 0 2 2 0 0 0 0 1 1 0 0
547 3 1 1 2 1 0 0 0 0 1 0 0 0
548 3 0 0 2 1 0 0 0 0 1 0 0 0
550 1 0 0 1 0 0 0 0 0 0 0 0 0
fl=./locale/./locale/newlocale.c
fn=newlocale
43 15 2 2 1 0 0 8 0 0 0 0 0 0
55 2 0 0 0 0 0 0 0 0 1 1 0 0
56 1 0 0 0 0 0 1 0 0 0 0 0 0
63 2 1 1 0 0 0 0 0 0 1 0 0 0
66 3 0 0 0 0 0 0 0 0 1 0 0 0
73 4 2 2 2 0 0 0 0 0 2 1 0 0
75 1 0 0 0 0 0 0 0 0 0 0 0 0
277 12 1 1 9 0 0 0 0 0 1 0 0 0
fl=./locale/./locale/uselocale.c
fn=uselocale
30 2 1 1 0 0 0 0 0 0 0 0 0 0
31 6 1 1 4 0 0 0 0 0 0 0 0 0
33 4 0 0 0 0 0 0 0 0 2 0 0 0
36 4 0 0 0 0 0 0 0 0 0 0 0 0
37 2 0 0 0 0 0 2 0 0 0 0 0 0
65 6 0 0 4 1 0 2 0 0 0 0 0 0
66 6 0 0 4 0 0 2 0 0 0 0 0 0
68 6 1 1 4 0 0 2 0 0 0 0 0 0
72 6 0 0 0 0 0 0 0 0 0 0 0 0
73 2 0 0 2 0 0 0 0 0 0 0 0 0
fl=./malloc/../string/bits/string_fortified.h
fn=tcache_init.part.0
59 88 1 1 0 0 0 81 9 9 80 8 0 0
fl=./malloc/../sysdeps/unix/sysv/linux/not-cancel.h
fn=ptmalloc_init.part.0
97 6 1 1 0 0 0 0 0 0 0 0 0 0
fl=./malloc/./malloc/arena.c
fn=free
153 1200 0 0 0 0 0 0 0 0 400 8 0 0
fn=malloc
153 220 0 0 0 0 0 0 0 0 110 8 0 0
264 1 1 1 0 0 0 1 0 0 0 0 0 0
fn=ptmalloc_init.part.0
262 8 1 1 1 0 0 4 0 0 0 0 0 0
267 1 0 0 0 0 0 1 0 0 0 0 0 0
292 2 1 1 1 1 0 0 0 0 1 1 0 0
296 3 0 0 1 1 0 1 1 0 0 0 0 0
300 4 0 0 0 0 0 1 0 0 0 0 0 0
301 4 1 1 0 0 0 1 0 0 0 0 0 0
302 4 0 0 0 0 0 1 0 0 0 0 0 0
303 4 0 0 0 0 0 1 0 0 0 0 0 0
304 4 1 1 0 0 0 1 0 0 0 0 0 0
305 4 0 0 0 0 0 1 0 0 0 0 0 0
306 4 0 0 0 0 0 1 0 0 0 0 0 0
308 4 1 1 0 0 0 1 0 0 0 0 0 0
309 4 0 0 0 0 0 1 0 0 0 0 0 0
310 4 0 0 0 0 0 1 0 0 0 0 0 0
313 4 0 0 0 0 0 1 0 0 0 0 0 0
314 4 1 1 0 0 0 1 0 0 0 0 0 0
316 2 0 0 1 1 1 0 0 0 1 0 0 0
326 8 0 0 6 0 0 0 0 0 1 0 0 0
fl=./malloc/./malloc/malloc.c
fn=_int_free
1792 64 1 0 64 1 0 0 0 0 0 0 0 0
1992 150 6 1 50 0 0 0 0 0 50 0 0 0
3163 672 2 1 336 0 0 336 0 0 0 0 0 0
3165 1344 0 0 336 7 0 336 0 0 0 0 0 0
3166 336 0 0 0 0 0 336 0 0 0 0 0 0
3167 672 0 0 0 0 0 336 0 0 0 0 0 0
4495 2800 3 1 0 0 0 1600 0 0 0 0 0 0
4499 1200 2 1 400 0 0 0 0 0 0 0 0 0
4505 1600 0 0 0 0 0 0 0 0 400 2 0 0
4506 800 0 0 0 0 0 0 0 0 400 0 0 0
4510 2000 0 0 0 0 0 0 0 0 400 0 0 0
4517 800 0 0 0 0 0 0 0 0 0 0 0 0
4518 2400 4 1 1200 1 0 0 0 0 800 7 0 0
4521 397 0 0 0 0 0 0 0 0 0 0 0 0
4527 1191 0 0 794 10 1 0 0 0 397 0 0 0
4547 1985 2 1 794 2 0 0 0 0 397 45 0 0
4550 336 0 0 0 0 0 0 0 0 0 0 0 0
4561 128 0 0 0 0 0 0 0 0 64 7 0 0
4572 200 0 0 50 2 0 0 0 0 50 0 0 0
4574 150 0 0 50 0 0 0 0 0 50 0 0 0
4593 50 0 0 0 0 0 0 0 0 0 0 0 0
4595 50 0 0 0 0 0 50 0 0 0 0 0 0
4596 50 0 0 0 0 0 0 0 0 0 0 0 0
4600 150 0 0 50 0 0 0 0 0 0 0 0 0
4602 100 0 0 50 0 0 0 0 0 50 0 0 0
4606 100 0 0 0 0 0 0 0 0 50 26 0 0
4608 150 0 0 0 0 0 50 0 0 0 0 0 0
4609 50 0 0 0 0 0 50 0 0 0 0 0 0
4628 200 0 0 0 0 0 0 0 0 50 6 0 0
4637 28 1 0 14 0 0 0 0 0 14 0 0 0
4640 28 0 0 14 0 0 0 0 0 0 0 0 0
4643 28 3 1 0 0 0 0 0 0 14 0 0 0
4646 28 0 0 0 0 0 0 0 0 0 0 0 0
4658 2386 1 1 1986 0 0 0 0 0 0 0 0 0
fn=_int_free_maybe_consolidate
4770 154 3 1 14 0 0 98 0 0 0 0 0 0
4776 28 0 0 0 0 0 0 0 0 14 0 0 0
4798 154 3 1 126 0 0 0 0 0 14 2 0 0
fn=_int_free_merge_chunk
1992 42 0 0 14 0 0 0 0 0 14 0 0 0
4665 112 3 1 0 0 0 84 0 0 0 0 0 0
4666 14 0 0 0 0 0 0 0 0 0 0 0 0
4670 84 0 0 14 1 0 0 0 0 14 0 0 0
4673 56 3 1 14 1 0 0 0 0 28 8 0 0
4675 42 3 1 14 0 0 0 0 0 0 0 0 0
4678 42 0 0 14 2 0 0 0 0 14 0 0 0
4681 28 0 0 0 0 0 0 0 0 0 0 0 0
4682 28 0 0 0 0 0 0 0 0 14 0 0 0
4683 28 0 0 14 1 0 0 0 0 14 0 0 0
4689 28 3 1 14 0 0 0 0 0 14 3 0 0
4691 1 0 0 1 0 0 0 0 0 0 0 0 0
4692 1 0 0 0 0 0 0 0 0 0 0 0 0
4693 1 0 0 0 0 0 0 0 0 0 0 0 0
4694 4 0 0 1 0 0 0 0 0 1 0 0 0
4696 2 0 0 0 0 0 1 0 0 0 0 0 0
4701 42 0 0 0 0 0 0 0 0 0 0 0 0
4702 98 0 0 84 0 0 0 0 0 0 0 0 0
4714 28 0 0 14 0 0 0 0 0 14 1 0 0
4720 26 0 0 13 3 0 0 0 0 13 7 0 0
4721 10 0 0 0 0 0 5 0 0 0 0 0 0
4722 10 0 0 0 0 0 0 0 0 0 0 0 0
4724 8 0 0 8 0 0 0 0 0 0 0 0 0
4732 13 0 0 0 0 0 0 0 0 0 0 0 0
4733 52 3 1 13 0 0 0 0 0 0 0 0 0
4734 26 0 0 13 0 0 0 0 0 13 0 0 0
4736 13 0 0 0 0 0 13 0 0 0 0 0 0
4738 26 0 0 0 0 0 0 0 0 13 3 0 0
4740 6 2 1 0 0 0 2 0 0 0 0 0 0
4743 13 0 0 0 0 0 13 0 0 0 0 0 0
4744 13 0 0 0 0 0 13 0 0 0 0 0 0
4746 39 0 0 0 0 0 13 0 0 0 0 0 0
4747 13 0 0 0 0 0 13 0 0 0 0 0 0
4756 1 1 0 0 0 0 0 0 0 0 0 0 0
4757 3 0 0 0 0 0 1 0 0 0 0 0 0
4758 2 1 1 0 0 0 1 0 0 0 0 0 0
fn=_int_malloc
1326 222 0 0 0 0 0 0 0 0 111 0 0 0
1345 666 0 0 0 0 0 0 0 0 111 2 0 0
1794 93 19 1 93 0 0 0 0 0 0 0 0 0
1985 27 1 0 9 0 0 0 0 0 9 4 0 0
2008 8 1 1 2 0 0 0 0 0 2 1 0 0
2017 2 1 1 2 0 0 0 0 0 0 0 0 0
2552 42 2 1 14 11 0 14 0 0 0 0 0 0
2553 1 1 1 0 0 0 1 0 0 0 0 0 0
2564 14 3 1 7 6 0 0 0 0 7 1 0 0
2565 18 0 0 12 0 0 0 0 0 6 0 0 0
2568 24 0 0 6 0 0 0 0 0 6 2 0 0
2576 36 0 0 6 0 0 12 2 0 0 0 0 0
2577 12 2 0 0 0 0 0 0 0 6 0 0 0
2589 4 0 0 1 0 0 1 0 0 0 0 0 0
2590 2 0 0 0 0 0 1 0 0 0 0 0 0
2599 4 1 1 0 0 0 0 0 0 1 1 0 0
2608 3 1 1 0 0 0 0 0 0 1 1 0 0
2669 3 1 1 1 0 0 1 0 0 0 0 0 0
2677 2 0 0 1 0 0 0 0 0 1 0 0 0
2678 3 0 0 1 0 0 1 0 0 0 0 0 0
2691 3 1 1 1 0 0 0 0 0 1 0 0 0
2693 1 0 0 1 0 0 0 0 0 0 0 0 0
2699 5 0 0 1 0 0 1 0 0 0 0 0 0
2707 2 0 0 0 0 0 0 0 0 1 1 0 0
2709 4 2 2 0 0 0 2 0 0 0 0 0 0
2710 3 0 0 1 0 0 0 0 0 1 0 0 0
2711 1 0 0 0 0 0 0 0 0 0 0 0 0
2712 1 0 0 0 0 0 0 0 0 0 0 0 0
2715 2 0 0 0 0 0 0 0 0 1 0 0 0
2744 3 0 0 1 1 1 0 0 0 1 1 0 0
2745 1 1 1 0 0 0 1 0 0 0 0 0 0
2746 2 0 0 0 0 0 1 0 0 0 0 0 0
2752 8 0 0 1 0 0 0 0 0 1 0 0 0
2755 4 1 1 2 0 0 0 0 0 2 2 0 0
2782 2 0 0 0 0 0 0 0 0 0 0 0 0
2783 1 0 0 0 0 0 0 0 0 0 0 0 0
2795 3 1 1 0 0 0 0 0 0 1 1 0 0
2814 2 0 0 1 0 0 0 0 0 0 0 0 0
2817 2 0 0 0 0 0 0 0 0 0 0 0 0
2818 6 1 1 1 0 0 0 0 0 0 0 0 0
2820 1 0 0 0 0 0 0 0 0 1 0 0 0
2821 6 0 0 0 0 0 4 0 0 0 0 0 0
2833 5 0 0 3 0 0 0 0 0 1 0 0 0
2873 1 0 0 0 0 0 0 0 0 0 0 0 0
2875 1 0 0 0 0 0 1 0 0 0 0 0 0
2876 5 0 0 0 0 0 1 1 1 0 0 0 0
2877 1 0 0 1 0 0 0 0 0 0 0 0 0
2888 3 1 1 1 0 0 0 0 0 1 0 0 0
2921 3 1 1 2 0 0 0 0 0 1 0 0 0
2922 1 0 0 0 0 0 1 0 0 0 0 0 0
2926 1 0 0 1 0 0 0 0 0 0 0 0 0
2930 5 1 1 2 0 0 0 0 0 1 0 0 0
2932 1 0 0 0 0 0 0 0 0 0 0 0 0
2933 1 0 0 0 0 0 0 0 0 0 0 0 0
2934 1 0 0 0 0 0 1 0 0 0 0 0 0
2935 7 0 0 0 0 0 1 0 0 0 0 0 0
2936 2 0 0 0 0 0 1 1 1 0 0 0 0
2938 1 0 0 0 0 0 0 0 0 0 0 0 0
3163 20 1 1 10 0 0 10 0 0 0 0 0 0
3165 28 0 0 11 0 0 12 0 0 0 0 0 0
3166 11 0 0 1 0 0 10 0 0 0 0 0 0
3167 20 0 0 0 0 0 10 0 0 0 0 0 0
3178 1 0 0 1 0 0 0 0 0 0 0 0 0
3182 2 0 0 0 0 0 0 0 0 1 0 0 0
3186 4 1 1 1 0 0 1 0 0 0 0 0 0
3190 2 0 0 2 0 0 0 0 0 0 0 0 0
3191 2 0 0 0 0 0 1 0 0 0 0 0 0
3199 1 0 0 1 0 0 0 0 0 0 0 0 0
3846 1221 25 2 111 0 0 777 2 1 0 0 0 0
3882 1 0 0 0 0 0 0 0 0 0 0 0 0
3887 222 3 1 0 0 0 0 0 0 111 0 0 0
3914 276 0 0 18 0 0 0 0 0 111 26 0 0
3916 204 0 0 0 0 0 0 0 0 0 0 0 0
3917 2 0 0 0 0 0 0 0 0 0 0 0 0
3919 87 0 0 69 0 0 0 0 0 0 0 0 0
3921 138 0 0 0 0 0 0 0 0 69 5 0 0
3923 4 0 0 0 0 0 0 0 0 2 0 0 0
3926 4 2 1 2 0 0 0 0 0 2 0 0 0
3927 10 0 0 2 0 0 2 0 0 0 0 0 0
3930 201 3 2 0 0 0 0 0 0 0 0 0 0
3932 4 0 0 2 0 0 0 0 0 0 0 0 0
3933 4 0 0 0 0 0 0 0 0 2 0 0 0
3939 4 0 0 0 0 0 0 0 0 0 0 0 0
3940 12 2 1 6 0 0 0 0 0 4 0 0 0
3945 15 0 0 4 0 0 0 0 0 0 0 0 0
3946 55 2 1 11 0 0 0 0 0 22 6 0 0
3948 18 2 0 0 0 0 0 0 0 9 0 0 0
3950 18 0 0 9 0 0 0 0 0 9 6 0 0
3951 54 0 0 9 0 0 9 0 0 0 0 0 0
3977 84 12 1 0 0 0 0 0 0 42 4 0 0
3979 282 0 0 0 0 0 0 0 0 0 0 0 0
3980 194 7 1 0 0 0 0 0 0 0 0 0 0
3982 291 0 0 97 1 0 0 0 0 97 7 0 0
3984 1 0 0 1 0 0 0 0 0 0 0 0 0
3985 2 0 0 1 0 0 0 0 0 1 0 0 0
3987 1 0 0 1 0 0 0 0 0 0 0 0 0
3988 1 0 0 0 0 0 1 0 0 0 0 0 0
3989 1 0 0 0 0 0 1 0 0 0 0 0 0
3991 3 1 1 0 0 0 0 0 0 1 1 0 0
3997 2 0 0 0 0 0 0 0 0 0 0 0 0
3998 6 1 1 3 0 0 0 0 0 2 0 0 0
4003 5 0 0 2 0 0 0 0 0 0 0 0 0
4004 2 0 0 0 0 0 0 0 0 1 1 0 0
4020 1 0 0 0 0 0 0 0 0 0 0 0 0
4039 222 4 1 0 0 0 0 0 0 36 9 0 0
4040 36 2 0 12 6 0 0 0 0 12 2 0 0
4041 6 2 0 0 0 0 2 0 0 0 0 0 0
4058 322 16 0 107 0 0 0 0 0 0 0 0 0
4059 324 0 0 0 0 0 108 1 0 0 0 0 0
4060 324 7 1 216 0 0 0 0 0 108 2 0 0
4069 18 0 0 0 0 0 9 0 0 0 0 0 0
4070 630 10 3 127 6 0 108 0 0 128 23 0 0
4072 21 0 0 21 0 0 0 0 0 0 0 0 0
4073 42 0 0 21 0 0 0 0 0 0 0 0 0
4074 21 0 0 0 0 0 0 0 0 0 0 0 0
4076 42 0 0 0 0 0 0 0 0 21 2 0 0
4077 63 5 1 21 0 0 0 0 0 21 2 0 0
4079 21 0 0 21 0 0 0 0 0 0 0 0 0
4080 84 0 0 0 0 0 0 0 0 21 0 0 0
4082 84 0 0 21 0 0 0 0 0 21 0 0 0
4084 42 5 1 21 0 0 0 0 0 21 0 0 0
4085 42 0 0 21 0 0 0 0 0 21 0 0 0
4087 42 0 0 0 0 0 0 0 0 21 2 0 0
4098 84 0 0 0 0 0 0 0 0 21 7 0 0
4099 10 2 1 5 0 0 0 0 0 5 1 0 0
4100 8 0 0 0 0 0 0 0 0 4 0 0 0
4101 4 0 0 0 0 0 0 0 0 0 0 0 0
4121 2 0 0 0 0 0 0 0 0 0 0 0 0
4127 21 2 1 0 0 0 21 0 0 0 0 0 0
4128 21 0 0 0 0 0 21 0 0 0 0 0 0
4132 42 0 0 0 0 0 0 0 0 21 5 0 0
4134 4 0 0 0 0 0 2 0 0 0 0 0 0
4135 6 0 0 0 0 0 0 0 0 2 2 0 0
4140 4 0 0 0 0 0 0 0 0 2 1 0 0
4141 6 0 0 4 0 0 0 0 0 1 1 0 0
4161 38 3 1 0 0 0 0 0 0 19 5 0 0
4163 34 2 1 0 0 0 17 0 0 0 0 0 0
4164 68 0 0 0 0 0 0 0 0 0 0 0 0
4165 17 0 0 17 0 0 0 0 0 0 0 0 0
4169 26 1 1 0 0 0 2 0 0 4 0 0 0
4170 6 0 0 0 0 0 0 0 0 0 0 0 0
4171 2 0 0 2 2 0 0 0 0 0 0 0 0
4174 4 0 0 0 0 0 0 0 0 2 2 0 0
4218 8 1 0 0 0 0 2 0 0 0 0 0 0
4221 133 4 1 38 0 0 0 0 0 0 0 0 0
4222 19 0 0 0 0 0 19 0 0 0 0 0 0
4223 19 0 0 0 0 0 19 0 0 0 0 0 0
4224 19 0 0 0 0 0 19 0 0 0 0 0 0
4225 19 0 0 0 0 0 19 0 0 0 0 0 0
4230 38 0 0 38 0 0 0 0 0 0 0 0 0
4231 38 0 0 0 0 0 0 0 0 19 3 0 0
4240 76 4 1 38 0 0 0 0 0 19 5 0 0
4246 14 0 0 0 0 0 0 0 0 7 0 0 0
4248 1 0 0 0 0 0 0 0 0 0 0 0 0
4257 318 2 1 0 0 0 0 0 0 106 14 0 0
4259 44 0 0 0 0 0 0 0 0 0 0 0 0
4262 33 0 0 11 6 0 0 0 0 11 4 0 0
4263 106 3 1 0 0 0 0 0 0 0 0 0 0
4330 106 0 0 0 0 0 0 0 0 0 0 0 0
4331 212 0 0 0 0 0 0 0 0 0 0 0 0
4332 212 0 0 0 0 0 0 0 0 0 0 0 0
4333 212 0 0 106 1 0 0 0 0 0 0 0 0
4334 636 0 0 0 0 0 0 0 0 0 0 0 0
4339 436 8 1 0 0 0 0 0 0 110 7 0 0
4343 1030 9 1 0 0 0 0 0 0 372 19 0 0
4346 1084 6 1 271 0 0 0 0 0 271 3 0 0
4348 4 0 0 0 0 0 0 0 0 0 0 0 0
4349 2 0 0 0 0 0 0 0 0 0 0 0 0
4353 82 0 0 0 0 0 0 0 0 41 25 0 0
4355 32 0 0 0 0 0 0 0 0 0 0 0 0
4357 64 0 0 0 0 0 0 0 0 32 2 0 0
4361 9 0 0 9 0 0 0 0 0 0 0 0 0
4364 18 0 0 0 0 0 0 0 0 9 5 0 0
4366 20 0 0 0 0 0 4 0 0 0 0 0 0
4367 4 0 0 0 0 0 0 0 0 0 0 0 0
4368 4 0 0 0 0 0 0 0 0 0 0 0 0
4373 20 2 1 5 0 0 0 0 0 0 0 0 0
4376 10 0 0 0 0 0 0 0 0 5 0 0 0
4378 15 3 1 0 0 0 5 0 0 0 0 0 0
4381 15 0 0 0 0 0 10 0 0 0 0 0 0
4384 20 0 0 10 0 0 0 0 0 5 0 0 0
4394 5 0 0 0 0 0 0 0 0 0 0 0 0
4399 20 0 0 5 0 0 0 0 0 0 0 0 0
4400 10 3 1 5 0 0 0 0 0 5 0 0 0
4403 5 0 0 0 0 0 5 0 0 0 0 0 0
4404 5 0 0 0 0 0 5 0 0 0 0 0 0
4405 5 0 0 0 0 0 5 0 0 0 0 0 0
4408 10 0 0 0 0 0 0 0 0 5 1 0 0
4409 4 0 0 0 0 0 4 0 0 0 0 0 0
4410 10 0 0 0 0 0 0 0 0 5 3 0 0
4412 2 0 0 0 0 0 1 0 0 0 0 0 0
4415 40 3 1 0 0 0 5 0 0 0 0 0 0
4417 15 0 0 0 0 0 5 0 0 0 0 0 0
4418 5 0 0 0 0 0 5 0 0 0 0 0 0
4421 5 0 0 0 0 0 0 0 0 0 0 0 0
4443 101 12 1 101 0 0 0 0 0 0 0 0 0
4444 202 0 0 101 6 0 0 0 0 0 0 0 0
4446 202 0 0 101 7 0 0 0 0 101 0 0 0
4449 303 0 0 0 0 0 0 0 0 101 7 0 0
4451 94 0 0 0 0 0 0 0 0 0 0 0 0
4452 188 3 0 0 0 0 0 0 0 0 0 0 0
4453 94 0 0 0 0 0 94 0 0 0 0 0 0
4454 752 3 1 0 0 0 94 0 0 0 0 0 0
4456 188 0 0 0 0 0 94 79 79 0 0 0 0
4459 188 0 0 0 0 0 0 0 0 0 0 0 0
4460 303 1 1 0 0 0 101 2 1 0 0 0 0
4461 101 0 0 0 0 0 0 0 0 0 0 0 0
4466 28 0 0 7 0 0 7 0 0 7 4 0 0
4482 13 0 0 0 0 0 0 0 0 6 0 0 0
4487 1332 18 2 999 0 0 0 0 0 111 0 0 0
fn=alloc_perturb
1985 303 11 1 101 0 0 0 0 0 101 0 0 0
1987 101 0 0 101 0 0 0 0 0 0 0 0 0
fn=free
3359 2842 4 2 0 0 0 1624 0 0 0 0 0 0
3363 812 0 0 0 0 0 0 0 0 406 9 0 0
3371 812 0 0 812 2 0 0 0 0 0 0 0 0
3373 406 0 0 0 0 0 0 0 0 0 0 0 0
3375 1218 0 0 406 36 0 0 0 0 406 9 0 0
3379 18 1 1 6 0 0 0 0 0 6 0 0 0
3381 24 0 0 6 1 0 0 0 0 6 0 0 0
3383 12 0 0 0 0 0 6 0 0 0 0 0 0
3384 12 0 0 0 0 0 6 0 0 0 0 0 0
3385 6 0 0 0 0 0 0 0 0 0 0 0 0
3388 12 0 0 0 0 0 6 0 0 0 0 0 0
3392 1200 0 0 800 2 0 0 0 0 400 3 0 0
3398 1200 4 1 0 0 0 400 0 0 0 0 0 0
3401 406 0 0 0 0 0 406 0 0 0 0 0 0
3402 2436 1 1 2030 0 0 0 0 0 0 0 0 0
fn=malloc
1326 816 0 0 0 0 0 0 0 0 408 1 0 0
1345 2015 11 1 0 0 0 0 0 0 408 22 0 0
3178 596 0 0 298 1 0 0 0 0 0 0 0 0
3182 596 0 0 0 0 0 0 0 0 298 0 0 0
3186 1192 1 0 298 1 0 298 0 0 0 0 0 0
3190 596 0 0 0 0 0 298 0 0 0 0 0 0
3191 298 0 0 0 0 0 298 0 0 0 0 0 0
3248 4 1 1 2 0 0 1 0 0 1 0 0 0
3294 3264 10 1 0 0 0 1632 1 0 0 0 0 0
3301 816 0 0 408 7 1 0 0 0 408 4 0 0
3311 766 0 0 0 0 0 0 0 0 0 0 0 0
3313 1632 0 0 816 12 0 0 0 0 408 3 0 0
3316 816 1 1 408 6 0 0 0 0 408 9 0 0
3318 1194 2 0 398 1 0 0 0 0 398 83 0 0
3326 220 11 1 110 5 0 0 0 0 110 12 0 0
3328 440 1 1 0 0 0 110 1 0 0 0 0 0
3329 550 12 1 110 0 0 0 0 0 110 1 0 0
3354 2448 8 0 2040 0 0 0 0 0 0 0 0 0
fn=malloc_consolidate
4811 18 4 2 0 0 0 12 0 0 0 0 0 0
4826 2 0 0 0 0 0 2 0 0 0 0 0 0
4828 4 0 0 0 0 0 2 0 0 0 0 0 0
4839 2 0 0 0 0 0 0 0 0 0 0 0 0
4841 40 0 0 40 0 0 0 0 0 20 0 0 0
4842 40 0 0 0 0 0 0 0 0 20 3 0 0
4845 48 2 1 0 0 0 0 0 0 24 2 0 0
4849 72 0 0 24 0 0 0 0 0 0 0 0 0
4850 96 0 0 0 0 0 0 0 0 24 2 0 0
4855 120 2 1 24 0 0 0 0 0 0 0 0 0
4858 48 0 0 0 0 0 0 0 0 0 0 0 0
4859 24 0 0 0 0 0 0 0 0 0 0 0 0
4860 72 0 0 24 0 0 0 0 0 0 0 0 0
4862 48 0 0 0 0 0 0 0 0 24 7 0 0
4863 4 0 0 4 0 0 0 0 0 0 0 0 0
4864 4 0 0 0 0 0 0 0 0 0 0 0 0
4865 4 0 0 0 0 0 0 0 0 0 0 0 0
4866 16 0 0 4 0 0 0 0 0 4 2 0 0
4868 48 1 0 20 0 0 24 0 0 0 0 0 0
4871 48 1 1 24 0 0 0 0 0 24 7 0 0
4874 48 2 1 24 0 0 0 0 0 24 6 0 0
4875 8 1 1 0 0 0 0 0 0 0 0 0 0
4876 64 0 0 24 0 0 24 0 0 0 0 0 0
4878 32 0 0 0 0 0 16 0 0 0 0 0 0
4880 24 0 0 24 0 0 0 0 0 0 0 0 0
4881 48 0 0 0 0 0 24 0 0 0 0 0 0
4882 48 0 0 24 0 0 24 0 0 0 0 0 0
4884 48 0 0 0 0 0 0 0 0 24 7 0 0
4889 72 0 0 0 0 0 24 0 0 0 0 0 0
4891 24 0 0 0 0 0 24 0 0 0 0 0 0
4892 40 0 0 0 0 0 32 0 0 0 0 0 0
4901 69 0 0 0 0 0 0 0 0 24 3 0 0
4904 60 0 0 20 0 0 0 0 0 20 12 0 0
4905 16 0 0 14 0 0 0 0 0 0 0 0 0
fn=munmap_chunk
3024 12 1 1 0 0 0 6 0 0 0 0 0 0
3025 12 0 0 12 1 0 0 0 0 0 0 0 0
3026 18 0 0 6 0 0 0 0 0 0 0 0 0
3028 12 0 0 0 0 0 0 0 0 6 0 0 0
3030 6 0 0 0 0 0 0 0 0 0 0 0 0
3031 18 0 0 6 0 0 0 0 0 0 0 0 0
3032 6 0 0 0 0 0 0 0 0 0 0 0 0
3038 24 0 0 0 0 0 0 0 0 0 0 0 0
3039 30 1 1 0 0 0 0 0 0 6 0 0 0
3042 6 0 0 12 0 0 0 0 0 6 0 0 0
3043 18 0 0 12 0 0 0 0 0 6 0 0 0
3048 12 0 0 0 0 0 0 0 0 0 0 0 0
3049 6 0 0 6 0 0 0 0 0 0 0 0 0
fn=ptmalloc_init.part.0
1946 385 1 1 0 0 0 0 0 0 127 7 0 0
1949 381 0 0 0 0 0 127 33 32 0 0 0 0
1957 1 0 0 0 0 0 1 0 0 0 0 0 0
1958 1 0 0 0 0 0 1 1 1 0 0 0 0
1960 1 0 0 0 0 0 1 0 0 0 0 0 0
3143 2 0 0 0 0 0 0 0 0 1 1 0 0
fn=sysmalloc_mmap.isra.0
2008 24 0 0 6 0 0 0 0 0 6 0 0 0
2400 36 2 1 0 0 0 24 2 0 0 0 0 0
2413 18 0 0 0 0 0 0 0 0 0 0 0 0
2418 12 0 0 0 0 0 0 0 0 6 1 0 0
2421 60 2 1 0 0 0 6 2 0 0 0 0 0
2424 12 2 1 0 0 0 0 0 0 6 2 0 0
2428 12 0 0 0 0 0 0 0 0 6 2 0 0
2432 24 0 0 0 0 0 6 0 0 0 0 0 0
2448 18 0 0 0 0 0 0 0 0 6 0 0 0
2466 6 0 0 0 0 0 6 6 6 0 0 0 0
2467 18 2 1 0 0 0 6 0 0 0 0 0 0
2471 18 0 0 12 0 0 0 0 0 6 0 0 0
2472 30 0 0 12 0 0 0 0 0 12 0 0 0
2475 18 2 1 12 0 0 0 0 0 6 0 0 0
2476 30 0 0 12 0 0 0 0 0 12 2 0 0
2481 42 0 0 30 0 0 0 0 0 0 0 0 0
fn=tcache_init.part.0
3242 4 1 1 0 0 0 2 0 0 0 0 0 0
3251 8 0 0 3 0 0 0 0 0 2 0 0 0
3252 3 1 1 0 0 0 1 0 0 0 0 0 0
3253 2 0 0 0 0 0 0 0 0 1 1 0 0
3261 4 0 0 2 0 0 0 0 0 2 0 0 0
3270 2 0 0 1 0 0 1 0 0 0 0 0 0
3274 3 0 0 3 0 0 0 0 0 0 0 0 0
fn=unlink_chunk.isra.0
1608 46 4 1 0 0 0 23 0 0 0 0 0 0
1610 115 0 0 46 0 0 0 0 0 23 2 0 0
1613 46 0 0 46 0 0 0 0 0 0 0 0 0
1614 46 0 0 23 0 0 0 0 0 0 0 0 0
1616 92 6 1 46 1 0 0 0 0 46 1 0 0
1619 23 0 0 0 0 0 23 0 0 0 0 0 0
1620 23 0 0 0 0 0 23 0 0 0 0 0 0
1621 49 0 0 1 0 0 0 0 0 24 10 0 0
1623 2 0 0 1 0 0 0 0 0 1 0 0 0
1624 3 0 0 2 0 0 0 0 0 1 0 0 0
1627 2 0 0 1 0 0 0 0 0 1 0 0 0
1641 1 0 0 0 0 0 1 0 0 0 0 0 0
1642 1 1 0 0 0 0 1 0 0 0 0 0 0
1645 46 4 1 46 0 0 0 0 0 0 0 0 0
fl=./malloc/./malloc/morecore.c
fn=__glibc_morecore
25 6 1 1 0 0 0 2 0 0 0 0 0 0
26 4 0 0 2 0 0 0 0 0 2 0 0 0
29 2 0 0 0 0 0 2 0 0 0 0 0 0
30 4 0 0 0 0 0 0 0 0 2 0 0 0
34 4 0 0 4 0 0 0 0 0 0 0 0 0
fl=./malloc/./malloc/scratch_buffer_set_array_size.c
fn=__libc_scratch_buffer_set_array_size
30 65 1 1 0 0 0 20 0 0 0 0 0 0
34 5 0 0 0 0 0 0 0 0 0 0 0 0
35 10 0 0 0 0 0 0 0 0 5 2 0 0
45 10 0 0 5 0 0 0 0 0 5 2 0 0
46 5 0 0 0 0 0 0 0 0 0 0 0 0
63 30 1 1 25 0 0 0 0 0 0 0 0 0
fl=./math/../sysdeps/ieee754/dbl-64/e_pow.c
fn=__ieee754_pow_fma
45 38225334 1 1 0 0 0 0 0 0 0 0 0 0
62 10901334 0 0 0 0 0 0 0 0 0 0 0 0
63 10901334 0 0 0 0 0 0 0 0 0 0 0 0
64 10901334 0 0 0 0 0 0 0 0 0 0 0 0
65 16352001 0 0 0 0 0 0 0 0 0 0 0 0
67 10901334 0 0 0 0 0 0 0 0 0 0 0 0
72 27253335 1 1 0 0 0 0 0 0 0 0 0 0
77 16352001 0 0 10901334 1 0 0 0 0 0 0 0 0
88 10901334 1 1 10901334 166 45 0 0 0 0 0 0 0
89 5450667 0 0 0 0 0 0 0 0 0 0 0 0
90 10901334 0 0 10901334 83 20 0 0 0 0 0 0 0
91 10901334 0 0 0 0 0 0 0 0 0 0 0 0
95 5450667 0 0 5450667 0 0 0 0 0 0 0 0 0
96 5450667 0 0 0 0 0 0 0 0 0 0 0 0
97 5450667 0 0 0 0 0 0 0 0 0 0 0 0
100 5450667 0 0 0 0 0 0 0 0 0 0 0 0
101 5450667 0 0 0 0 0 0 0 0 0 0 0 0
102 10901334 0 0 0 0 0 0 0 0 0 0 0 0
112 43605336 2 2 32704002 1 1 0 0 0 0 0 0 0
113 21802668 0 0 0 0 0 0 0 0 0 0 0 0
114 5450667 0 0 0 0 0 0 0 0 0 0 0 0
115 10901334 0 0 0 0 0 0 0 0 0 0 0 0
193 5450667 1 1 0 0 0 0 0 0 0 0 0 0
194 16352001 0 0 0 0 0 0 0 0 5450667 71 0 0
225 21802668 0 0 10901334 1 1 0 0 0 0 0 0 0
227 5450667 0 0 0 0 0 0 0 0 0 0 0 0
229 10901334 0 0 10901334 0 0 0 0 0 0 0 0 0
231 5450667 0 0 0 0 0 0 0 0 0 0 0 0
233 16352001 0 0 0 0 0 0 0 0 0 0 0 0
234 10901334 0 0 0 0 0 0 0 0 0 0 0 0
237 5450667 0 0 5450667 464 33 0 0 0 0 0 0 0
240 5450667 0 0 0 0 0 0 0 0 0 0 0 0
243 43605336 1 1 27253335 0 0 0 0 0 0 0 0 0
244 10901334 0 0 0 0 0 0 0 0 5450667 0 0 0
249 10901334 0 0 0 0 0 0 0 0 0 0 0 0
273 56532 0 0 0 0 0 0 0 0 0 0 0 0
283 5464800 1 1 0 0 0 0 0 0 0 0 0 0
284 5464800 0 0 0 0 0 0 0 0 0 0 0 0
292 43647735 0 0 0 0 0 0 0 0 10915467 1386685 0 0
299 42399 0 0 0 0 0 0 0 0 14133 0 0 0
314 28266 0 0 0 0 0 0 0 0 14133 2 0 0
316 14133 39 1 0 0 0 0 0 0 0 0 0 0
317 28266 0 0 0 0 0 0 0 0 14133 6812 0 0
322 56532 217 1 0 0 0 0 0 0 28266 2 0 0
369 5450667 0 0 0 0 0 0 0 0 0 0 0 0
370 10901334 0 0 0 0 0 0 0 0 0 0 0 0
380 10929600 1 1 5464800 0 0 0 0 0 0 0 0 0
fl=./math/../sysdeps/ieee754/dbl-64/e_sqrt.c
fn=__sqrt_finite@GLIBC_2.15
52 186866427 11 1 0 0 0 0 0 0 0 0 0 0
54 186866427 0 0 0 0 0 0 0 0 0 0 0 0
146 186866427 0 0 186866427 0 0 0 0 0 0 0 0 0
fl=./math/../sysdeps/ieee754/dbl-64/math_config.h
fn=__ieee754_pow_fma
85 21830934 1 1 0 0 0 0 0 0 0 0 0 0
97 5450667 0 0 0 0 0 0 0 0 0 0 0 0
fl=./math/../sysdeps/ieee754/dbl-64/s_tan.c
fn=__tan_fma
50 9 1 1 1 0 0 4 0 0 0 0 0 0
68 2 1 1 0 0 0 0 0 0 0 0 0 0
69 4 0 0 0 0 0 0 0 0 1 0 0 0
77 4 0 0 1 1 1 0 0 0 0 0 0 0
80 3 0 0 1 1 1 0 0 0 1 1 0 0
88 3 1 1 1 0 0 0 0 0 1 0 0 0
105 3 0 0 1 1 1 0 0 0 1 1 0 0
107 3 2 2 2 2 2 0 0 0 0 0 0 0
108 5 0 0 1 1 1 0 0 0 0 0 0 0
109 1 0 0 0 0 0 0 0 0 0 0 0 0
110 5 0 0 2 2 2 0 0 0 0 0 0 0
111 4 0 0 2 0 0 0 0 0 0 0 0 0
112 1 1 1 1 0 0 0 0 0 0 0 0 0
113 1 0 0 1 0 0 0 0 0 0 0 0 0
114 4 0 0 0 0 0 0 0 0 0 0 0 0
115 1 0 0 0 0 0 0 0 0 0 0 0 0
116 1 0 0 0 0 0 0 0 0 0 0 0 0
118 1 0 0 0 0 0 0 0 0 0 0 0 0
371 8 1 1 6 0 0 0 0 0 1 0 0 0
fl=./math/../sysdeps/x86/fpu/fenv_private.h
fn=__tan_fma
415 1 0 0 0 0 0 1 0 0 0 0 0 0
416 4 0 0 1 0 0 1 0 0 0 0 0 0
419 4 0 0 0 0 0 0 0 0 1 0 0 0
431 2 1 1 0 0 0 0 0 0 1 0 0 0
fl=./math/../sysdeps/x86_64/fpu/e_logl.S
fn=__ieee754_logl
30 501694482 1 1 0 0 0 0 0 0 0 0 0 0
31 501694482 0 0 0 0 0 0 0 0 0 0 0 0
32 501694482 0 0 501694482 0 0 0 0 0 0 0 0 0
33 501694482 0 0 0 0 0 0 0 0 0 0 0 0
34 501694482 0 0 0 0 0 0 0 0 0 0 0 0
35 501694482 0 0 0 0 0 0 0 0 0 0 0 0
36 501694482 0 0 0 0 0 0 0 0 0 0 0 0
37 501694482 0 0 0 0 0 0 0 0 501694482 3 0 0
38 501694482 0 0 501694482 0 0 0 0 0 0 0 0 0
39 501694482 0 0 0 0 0 0 0 0 0 0 0 0
40 501694482 0 0 0 0 0 0 0 0 501694482 0 0 0
41 501694482 0 0 501694482 1 0 0 0 0 0 0 0 0
42 501694482 0 0 0 0 0 0 0 0 0 0 0 0
43 501694482 0 0 0 0 0 0 0 0 0 0 0 0
44 501694482 1 1 501694482 1 1 0 0 0 0 0 0 0
45 501694482 0 0 0 0 0 0 0 0 0 0 0 0
46 501694482 0 0 0 0 0 0 0 0 0 0 0 0
47 501694482 0 0 0 0 0 0 0 0 501694482 3 0 0
58 501694482 0 0 0 0 0 0 0 0 0 0 0 0
59 501694482 0 0 0 0 0 0 0 0 0 0 0 0
60 501694482 0 0 501694482 0 0 0 0 0 0 0 0 0
fl=./math/../sysdeps/x86_64/fpu/multiarch/e_asin.c
fn=__acos_finite@GLIBC_2.15
35 1 1 1 0 0 0 0 0 0 0 0 0 0
fn=__asin_finite@GLIBC_2.15
27 2 1 1 1 0 0 0 0 0 0 0 0 0
fl=./math/../sysdeps/x86_64/fpu/multiarch/e_atan2.c
fn=__atan2_finite@GLIBC_2.15
26 2 1 1 1 0 0 0 0 0 0 0 0 0
fl=./math/../sysdeps/x86_64/fpu/multiarch/e_exp.c
fn=__exp_finite@GLIBC_2.15
27 2 2 2 1 0 0 0 0 0 0 0 0 0
fl=./math/../sysdeps/x86_64/fpu/multiarch/e_exp2f.c
fn=exp2f@@GLIBC_2.27
27 2 1 1 1 0 0 0 0 0 0 0 0 0
fl=./math/../sysdeps/x86_64/fpu/multiarch/e_expf.c
fn=expf@@GLIBC_2.27
27 2 1 1 1 0 0 0 0 0 0 0 0 0
fl=./math/../sysdeps/x86_64/fpu/multiarch/e_log.c
fn=__log_finite@GLIBC_2.15
27 2 2 2 1 0 0 0 0 0 0 0 0 0
fl=./math/../sysdeps/x86_64/fpu/multiarch/e_log2.c
fn=log2@@GLIBC_2.29
27 2 1 1 1 0 0 0 0 0 0 0 0 0
fl=./math/../sysdeps/x86_64/fpu/multiarch/e_log2f.c
fn=log2f@@GLIBC_2.27
27 2 1 1 1 0 0 0 0 0 0 0 0 0
fl=./math/../sysdeps/x86_64/fpu/multiarch/e_logf.c
fn=logf@@GLIBC_2.27
27 2 1 1 1 0 0 0 0 0 0 0 0 0
fl=./math/../sysdeps/x86_64/fpu/multiarch/e_pow.c
fn=__pow_finite@GLIBC_2.15
27 2 1 1 1 0 0 0 0 0 0 0 0 0
fl=./math/../sysdeps/x86_64/fpu/multiarch/e_powf.c
fn=powf@@GLIBC_2.27
30 1 1 1 0 0 0 0 0 0 0 0 0 0
fl=./math/../sysdeps/x86_64/fpu/multiarch/ifunc-avx-fma4.h
fn=__atan2_finite@GLIBC_2.15
32 5 0 0 2 0 0 0 0 0 1 0 0 0
33 2 1 1 1 0 0 0 0 0 1 1 0 0
fn=__exp_finite@GLIBC_2.15
32 5 0 0 2 0 0 0 0 0 1 0 0 0
33 2 0 0 1 0 0 0 0 0 1 1 0 0
fn=__log_finite@GLIBC_2.15
32 5 0 0 2 0 0 0 0 0 1 0 0 0
33 2 0 0 1 0 0 0 0 0 1 1 0 0
fn=cos
32 5 1 1 2 0 0 0 0 0 1 0 0 0
33 2 0 0 1 0 0 0 0 0 1 1 0 0
fn=sin
32 5 0 0 2 0 0 0 0 0 1 0 0 0
33 2 0 0 1 0 0 0 0 0 1 1 0 0
fn=tan
32 5 0 0 2 1 0 0 0 0 1 0 0 0
33 2 0 0 1 0 0 0 0 0 1 1 0 0
fl=./math/../sysdeps/x86_64/fpu/multiarch/ifunc-fma.h
fn=__log1p
29 4 0 0 2 0 0 0 0 0 1 0 0 0
30 3 0 0 1 0 0 0 0 0 0 0 0 0
fn=cosf
29 4 0 0 2 0 0 0 0 0 1 0 0 0
30 3 0 0 1 0 0 0 0 0 0 0 0 0
fn=exp2f@@GLIBC_2.27
29 4 0 0 2 0 0 0 0 0 1 0 0 0
30 3 0 0 1 0 0 0 0 0 0 0 0 0
fn=expf@@GLIBC_2.27
29 4 1 1 2 0 0 0 0 0 1 0 0 0
30 3 0 0 1 0 0 0 0 0 0 0 0 0
fn=expm1
29 4 0 0 2 0 0 0 0 0 1 0 0 0
30 3 1 1 1 0 0 0 0 0 0 0 0 0
fn=log2@@GLIBC_2.29
29 4 0 0 2 0 0 0 0 0 1 0 0 0
30 3 0 0 1 0 0 0 0 0 0 0 0 0
fn=log2f@@GLIBC_2.27
29 4 0 0 2 0 0 0 0 0 1 0 0 0
30 3 1 1 1 0 0 0 0 0 0 0 0 0
fn=logf@@GLIBC_2.27
29 4 0 0 2 0 0 0 0 0 1 0 0 0
30 3 0 0 1 0 0 0 0 0 0 0 0 0
fn=powf@@GLIBC_2.27
29 4 0 0 2 0 0 0 0 0 1 0 0 0
30 4 0 0 2 0 0 0 0 0 0 0 0 0
fn=sincosf
29 4 1 1 2 0 0 0 0 0 1 0 0 0
30 3 0 0 1 0 0 0 0 0 0 0 0 0
fn=sinf
29 4 0 0 2 0 0 0 0 0 1 0 0 0
30 3 0 0 1 0 0 0 0 0 0 0 0 0
fl=./math/../sysdeps/x86_64/fpu/multiarch/ifunc-fma4.h
fn=__acos_finite@GLIBC_2.15
31 4 0 0 2 0 0 0 0 0 1 0 0 0
32 2 1 1 1 0 0 0 0 0 1 1 0 0
35 1 0 0 1 0 0 0 0 0 0 0 0 0
fn=__asin_finite@GLIBC_2.15
31 4 0 0 2 0 0 0 0 0 1 0 0 0
32 2 0 0 1 0 0 0 0 0 1 1 0 0
fn=__pow_finite@GLIBC_2.15
31 4 1 1 2 0 0 0 0 0 1 0 0 0
32 2 0 0 1 0 0 0 0 0 1 1 0 0
fn=sincos
31 4 1 1 2 0 0 0 0 0 1 0 0 0
32 2 0 0 1 0 0 0 0 0 1 1 0 0
fl=./math/../sysdeps/x86_64/fpu/multiarch/s_cosf.c
fn=cosf
26 2 1 1 1 0 0 0 0 0 0 0 0 0
fl=./math/../sysdeps/x86_64/fpu/multiarch/s_expm1.c
fn=expm1
26 2 1 1 1 0 0 0 0 0 0 0 0 0
fl=./math/../sysdeps/x86_64/fpu/multiarch/s_fma.c
fn=fma
49 6 2 2 3 0 0 0 0 0 1 1 0 0
fl=./math/../sysdeps/x86_64/fpu/multiarch/s_log1p.c
fn=__log1p
26 2 1 1 1 0 0 0 0 0 0 0 0 0
fl=./math/../sysdeps/x86_64/fpu/multiarch/s_sin.c
fn=cos
34 2 1 1 1 0 0 0 0 0 0 0 0 0
fn=sin
27 2 1 1 1 0 0 0 0 0 0 0 0 0
fl=./math/../sysdeps/x86_64/fpu/multiarch/s_sincos.c
fn=sincos
26 2 1 1 1 0 0 0 0 0 0 0 0 0
fl=./math/../sysdeps/x86_64/fpu/multiarch/s_sincosf.c
fn=sincosf
26 2 1 1 1 0 0 0 0 0 0 0 0 0
fl=./math/../sysdeps/x86_64/fpu/multiarch/s_sinf.c
fn=sinf
26 2 1 1 1 0 0 0 0 0 0 0 0 0
fl=./math/../sysdeps/x86_64/fpu/multiarch/s_tan.c
fn=tan
26 2 2 2 1 0 0 0 0 0 0 0 0 0
fl=./math/./math/w_logl_compat.c
fn=logl
29 2508472410 1 1 501694482 0 0 501694482 0 0 0 0 0 0
30 2508472410 0 0 0 0 0 0 0 0 501694482 3 0 0
44 1003388964 1 1 0 0 0 501694482 0 0 0 0 0 0
45 501694482 0 0 501694482 0 0 0 0 0 0 0 0 0
fl=./math/./math/w_sqrt_compat.c
fn=sqrt
34 186866427 10 1 0 0 0 0 0 0 0 0 0 0
35 560599281 0 0 0 0 0 0 0 0 186866427 12622217 0 0
38 186866427 0 0 0 0 0 0 0 0 0 0 0 0
fl=./math/./w_pow_template.c
fn=pow@@GLIBC_2.29
31 32788800 2 2 0 0 0 10929600 0 0 0 0 0 0
32 10929600 0 0 0 0 0 10929600 0 0 0 0 0 0
33 38253600 0 0 16394400 1 0 0 0 0 5464800 0 0 0
45 21972264 217 1 0 0 0 0 0 0 10957866 4 0 0
49 16394400 1 1 16394400 0 0 0 0 0 0 0 0 0
fl=./misc/../sysdeps/unix/syscall-template.S
fn=mprotect
117 35 2 2 0 0 0 0 0 0 7 2 0 0
122 7 0 0 7 0 0 0 0 0 0 0 0 0
fn=munmap
117 35 2 2 0 0 0 0 0 0 7 0 0 0
122 7 0 0 7 0 0 0 0 0 0 0 0 0
fl=./misc/../sysdeps/unix/sysv/linux/brk.c
fn=brk
36 2 1 1 0 0 0 0 0 0 0 0 0 0
37 4 0 0 2 0 0 2 0 0 0 0 0 0
38 4 0 0 0 0 0 0 0 0 2 0 0 0
44 2 0 0 0 0 0 0 0 0 0 0 0 0
45 2 0 0 2 0 0 0 0 0 0 0 0 0
fl=./misc/../sysdeps/unix/sysv/linux/brk_call.h
fn=brk
24 4 0 0 0 0 0 0 0 0 0 0 0 0
fl=./misc/../sysdeps/unix/sysv/linux/mmap64.c
fn=mmap
47 224 3 2 0 0 0 96 0 0 0 0 0 0
50 64 0 0 0 0 0 0 0 0 32 0 0 0
53 149 3 2 5 0 0 0 0 0 52 16 0 0
58 192 2 1 0 0 0 0 0 0 32 2 0 0
60 128 0 0 128 0 0 0 0 0 0 0 0 0
fl=./misc/../sysdeps/unix/sysv/linux/setvmaname.c
fn=__set_vma_name
33 54 6 4 0 0 0 28 0 0 0 0 0 0
35 41 0 0 17 6 1 6 2 0 9 2 0 0
40 14 0 0 2 0 0 2 1 1 2 2 0 0
47 2 1 1 0 0 0 2 0 0 0 0 0 0
48 1 0 0 0 0 0 0 0 0 0 0 0 0
49 63 1 1 47 0 0 0 0 0 6 0 0 0
fl=./misc/../sysdeps/unix/sysv/linux/writev.c
fn=writev
25 2658 1 1 0 0 0 0 0 0 0 0 0 0
26 15948 0 0 2658 0 0 0 0 0 5316 3 0 0
27 2658 0 0 2658 0 0 0 0 0 0 0 0 0
fl=./misc/./misc/init-misc.c
fn=__init_misc
30 5 1 1 0 0 0 3 0 0 0 0 0 0
31 6 0 0 1 0 0 0 0 0 2 0 0 0
33 3 1 1 0 0 0 1 0 0 0 0 0 0
37 5 0 0 1 0 0 1 1 0 0 0 0 0
38 3 0 0 2 0 0 1 0 0 0 0 0 0
40 4 0 0 4 0 0 0 0 0 0 0 0 0
fl=./misc/./misc/sbrk.c
fn=sbrk
37 16 1 1 0 0 0 8 0 0 0 0 0 0
40 4 0 0 4 0 0 0 0 0 0 0 0 0
43 4 1 1 2 0 0 0 0 0 2 2 0 0
58 4 0 0 0 0 0 0 0 0 2 1 0 0
59 4 1 1 0 0 0 1 0 0 1 0 0 0
62 4 0 0 0 0 0 0 0 0 2 1 0 0
63 2 0 0 1 0 0 0 0 0 0 0 0 0
66 4 1 1 0 0 0 0 0 0 2 2 0 0
74 3 0 0 0 0 0 1 0 0 1 0 0 0
78 14 0 0 10 0 0 0 0 0 0 0 0 0
fl=./nptl/../sysdeps/nptl/futex-internal.h
fn=__pthread_once_slow
209 8 1 1 0 0 0 0 0 0 1 1 0 0
fl=./nptl/../sysdeps/unix/sysv/linux/x86/elision-conf.c
fn=__lll_elision_init
92 8 1 1 1 0 0 3 0 0 0 0 0 0
96 5 1 1 0 0 0 1 0 0 0 0 0 0
98 4 0 0 0 0 0 1 0 0 0 0 0 0
100 4 0 0 0 0 0 1 0 0 0 0 0 0
102 4 0 0 0 0 0 1 0 0 0 0 0 0
104 4 1 1 0 0 0 1 0 0 0 0 0 0
107 3 0 0 1 1 1 0 0 0 1 0 0 0
108 1 0 0 0 0 0 1 1 1 0 0 0 0
109 6 0 0 5 0 0 0 0 0 1 0 0 0
fl=./nptl/./nptl/cleanup_compat.c
fn=_pthread_cleanup_pop@@GLIBC_2.34
40 1 0 0 0 0 0 0 0 0 0 0 0 0
43 2 0 0 1 0 0 1 0 0 0 0 0 0
47 2 0 0 0 0 0 0 0 0 1 1 0 0
49 1 1 1 1 0 0 0 0 0 0 0 0 0
fn=_pthread_cleanup_push@@GLIBC_2.34
25 1 1 1 0 0 0 0 0 0 0 0 0 0
28 1 0 0 0 0 0 1 0 0 0 0 0 0
29 1 0 0 0 0 0 1 0 0 0 0 0 0
30 2 1 1 1 1 0 1 0 0 0 0 0 0
32 1 0 0 0 0 0 1 0 0 0 0 0 0
33 1 0 0 1 0 0 0 0 0 0 0 0 0
fl=./nptl/./nptl/libc-cleanup.c
fn=__libc_cleanup_pop_restore
54 8 0 0 0 0 0 0 0 0 0 0 0 0
55 8 0 0 8 0 0 0 0 0 0 0 0 0
57 16 0 0 8 0 0 8 0 0 0 0 0 0
59 8 0 0 8 0 0 0 0 0 0 0 0 0
60 24 4 1 8 0 0 0 0 0 8 3 0 0
71 8 0 0 8 0 0 0 0 0 0 0 0 0
fn=__libc_cleanup_push_defer
24 8 4 1 0 0 0 0 0 0 0 0 0 0
25 8 0 0 8 0 0 0 0 0 0 0 0 0
27 16 0 0 8 2 0 8 0 0 0 0 0 0
29 16 0 0 8 2 0 0 0 0 0 0 0 0
32 16 0 0 0 0 0 0 0 0 8 0 0 0
46 24 4 1 0 0 0 8 0 0 0 0 0 0
48 8 0 0 0 0 0 8 0 0 0 0 0 0
49 8 0 0 8 0 0 0 0 0 0 0 0 0
fl=./nptl/./nptl/pthread_mutex_conf.c
fn=__pthread_tunables_init
55 8 1 1 1 0 0 3 0 0 0 0 0 0
56 5 1 1 0 0 0 1 0 0 0 0 0 0
58 4 0 0 0 0 0 1 0 0 0 0 0 0
60 4 0 0 0 0 0 1 0 0 0 0 0 0
62 6 1 1 5 0 0 0 0 0 1 0 0 0
fl=./nptl/./nptl/pthread_mutex_lock.c
fn=pthread_mutex_lock@@GLIBC_2.2.5
44 1 1 1 1 0 0 0 0 0 0 0 0 0
45 7 0 0 2 0 0 0 0 0 3 0 0 0
46 1 0 0 0 0 0 1 0 0 0 0 0 0
77 5 1 1 0 0 0 2 0 0 0 0 0 0
80 3 0 0 1 0 0 0 0 0 0 0 0 0
82 1 0 0 0 0 0 0 0 0 0 0 0 0
84 2 1 1 0 0 0 0 0 0 1 1 0 0
88 2 0 0 0 0 0 0 0 0 1 1 0 0
97 2 1 1 0 0 0 0 0 0 1 0 0 0
108 4 1 1 1 0 0 0 0 0 1 1 0 0
112 1 0 0 1 0 0 0 0 0 0 0 0 0
115 2 0 0 1 0 0 0 0 0 1 1 0 0
124 1 0 0 0 0 0 0 0 0 0 0 0 0
130 3 0 0 1 0 0 0 0 0 1 1 0 0
131 2 1 1 0 0 0 1 0 0 0 0 0 0
179 1 1 1 1 0 0 0 0 0 0 0 0 0
182 1 0 0 0 0 0 1 0 0 0 0 0 0
184 1 0 0 1 0 0 0 0 0 0 0 0 0
187 1 0 0 0 0 0 0 0 0 0 0 0 0
190 3 0 0 3 0 0 0 0 0 0 0 0 0
fl=./nptl/./nptl/pthread_mutex_unlock.c
fn=pthread_mutex_unlock@@GLIBC_2.2.5
39 1 0 0 1 0 0 0 0 0 0 0 0 0
40 4 0 0 1 0 0 0 0 0 2 0 0 0
41 1 0 0 0 0 0 1 0 0 0 0 0 0
51 3 0 0 1 0 0 0 0 0 0 0 0 0
52 2 1 1 0 0 0 0 0 0 1 0 0 0
57 2 0 0 0 0 0 0 0 0 1 1 0 0
62 1 0 0 0 0 0 1 0 0 0 0 0 0
65 1 0 0 1 0 0 0 0 0 0 0 0 0
70 1 0 0 0 0 0 0 0 0 0 0 0 0
72 1 0 0 0 0 0 0 0 0 0 0 0 0
74 2 1 1 0 0 0 0 0 0 1 1 0 0
80 4 1 1 1 0 0 0 0 0 1 0 0 0
84 3 0 0 2 0 0 0 0 0 1 1 0 0
87 2 0 0 1 0 0 0 0 0 1 1 0 0
367 4 1 1 0 0 0 1 0 0 0 0 0 0
369 2 0 0 2 0 0 0 0 0 0 0 0 0
fl=./nptl/./nptl/pthread_once.c
fn=__pthread_once_slow
68 11 2 2 1 0 0 5 0 0 0 0 0 0
76 1 0 0 1 0 0 0 0 0 0 0 0 0
80 2 0 0 0 0 0 0 0 0 1 1 0 0
88 2 0 0 1 1 1 0 0 0 0 0 0 0
92 2 0 0 1 0 0 0 0 0 1 0 0 0
101 4 1 1 0 0 0 0 0 0 1 1 0 0
114 13 2 2 0 0 0 7 0 0 0 0 0 0
116 1 0 0 0 0 0 1 0 0 0 0 1 1
118 3 0 0 0 0 0 1 0 0 0 0 0 0
124 1 0 0 0 0 0 1 0 0 0 0 0 0
132 10 0 0 7 0 0 0 0 0 1 0 0 0
fn=pthread_once@@GLIBC_2.34
136 14 1 1 0 0 0 0 0 0 0 0 0 0
139 14 0 0 14 1 1 0 0 0 0 0 0 0
140 28 0 0 0 0 0 0 0 0 14 1 0 0
143 1 0 0 0 0 0 0 0 0 0 0 0 0
144 26 0 0 13 0 0 0 0 0 0 0 0 0
fl=./posix/../malloc/dynarray-skeleton.c
fn=__unregister_atfork
243 5 0 0 5 1 1 0 0 0 0 0 0 0
fl=./posix/../sysdeps/unix/sysv/linux/_exit.c
fn=_Exit
27 2 1 1 1 0 0 0 0 0 0 0 0 0
30 4 0 0 0 0 0 0 0 0 0 0 0 0
fl=./posix/./posix/register-atfork.c
fn=__unregister_atfork
71 10 1 1 0 0 0 0 0 0 5 3 0 0
82 30 1 1 0 0 0 10 0 0 0 0 0 0
83 20 0 0 5 1 1 0 0 0 5 2 0 0
109 20 1 1 10 0 0 0 0 0 10 0 0 0
110 15 0 0 15 0 0 0 0 0 0 0 0 0
fl=./resource/../sysdeps/unix/sysv/linux/getrlimit64.c
fn=getrlimit
38 2 1 1 0 0 0 0 0 0 0 0 0 0
39 7 0 0 0 0 0 0 0 0 1 0 0 0
40 1 0 0 1 0 0 0 0 0 0 0 0 0
fl=./setjmp/../sysdeps/x86_64/bsd-_setjmp.S
fn=_setjmp
28 1 1 1 0 0 0 0 0 0 0 0 0 0
30 1 0 0 0 0 0 0 0 0 0 0 0 0
32 1 0 0 0 0 0 0 0 0 0 0 0 0
fl=./setjmp/../sysdeps/x86_64/setjmp.S
fn=__sigsetjmp
31 15 2 2 0 0 0 0 0 0 0 0 0 0
33 15 0 0 0 0 0 15 0 0 0 0 0 0
42 15 0 0 0 0 0 0 0 0 0 0 0 0
43 30 0 0 15 0 0 0 0 0 0 0 0 0
44 15 0 0 0 0 0 15 0 0 0 0 0 0
48 15 0 0 0 0 0 15 1 1 0 0 0 0
49 15 0 0 0 0 0 15 0 0 0 0 0 0
50 15 0 0 0 0 0 15 0 0 0 0 0 0
51 15 0 0 0 0 0 15 0 0 0 0 0 0
52 15 0 0 0 0 0 0 0 0 0 0 0 0
54 30 1 1 15 0 0 0 0 0 0 0 0 0
56 15 0 0 0 0 0 15 0 0 0 0 0 0
57 15 1 1 15 0 0 0 0 0 0 0 0 0
58 15 0 0 0 0 0 0 0 0 0 0 0 0
60 30 0 0 15 0 0 0 0 0 0 0 0 0
62 15 0 0 0 0 0 15 0 0 0 0 0 0
67 1 0 0 1 1 0 0 0 0 0 0 0 0
68 1 0 0 0 0 0 0 0 0 1 1 0 0
70 14 0 0 0 0 0 0 0 0 0 0 0 0
73 14 0 0 0 0 0 0 0 0 0 0 0 0
74 14 0 0 0 0 0 14 1 1 0 0 0 0
81 14 0 0 0 0 0 0 0 0 0 0 0 0
82 14 0 0 14 0 0 0 0 0 0 0 0 0
85 1 1 1 0 0 0 0 0 0 0 0 0 0
fl=./setjmp/./setjmp/sigjmp.c
fn=__sigjmp_save
28 6 0 0 0 0 0 2 0 0 0 0 0 0
29 1 0 0 0 0 0 1 0 0 0 0 0 0
30 2 0 0 0 0 0 0 0 0 1 0 0 0
34 4 0 0 3 0 0 0 0 0 0 0 0 0
fl=./stdlib/./stdlib/cxa_atexit.c
fn=__cxa_atexit
41 26 2 1 0 0 0 0 0 0 13 1 0 0
43 104 0 0 13 1 0 0 0 0 13 0 0 0
44 26 0 0 0 0 0 13 0 0 0 0 0 0
46 26 0 0 0 0 0 0 0 0 13 0 0 0
52 39 0 0 13 0 0 0 0 0 0 0 0 0
53 13 0 0 0 0 0 13 0 0 0 0 0 0
54 13 0 0 0 0 0 13 6 6 0 0 0 0
55 13 2 1 0 0 0 13 0 0 0 0 0 0
56 13 0 0 0 0 0 13 0 0 0 0 0 0
57 52 0 0 26 0 0 0 0 0 26 0 0 0
58 13 0 0 0 0 0 0 0 0 0 0 0 0
67 91 2 1 0 0 0 65 0 0 0 0 0 0
69 78 0 0 78 0 0 0 0 0 0 0 0 0
fn=__new_exitfn
80 65 2 1 0 0 0 39 0 0 0 0 0 0
81 13 0 0 0 0 0 0 0 0 0 0 0 0
86 26 0 0 13 2 1 0 0 0 13 0 0 0
91 82 0 0 14 2 0 0 0 0 14 3 0 0
93 52 2 1 13 2 0 0 0 0 13 6 0 0
94 60 0 0 12 0 0 0 0 0 12 5 0 0
101 1 0 0 0 0 0 1 0 0 0 0 0 0
104 24 0 0 0 0 0 0 0 0 12 0 0 0
122 1 0 0 0 0 0 0 0 0 0 0 0 0
123 1 1 1 0 0 0 1 0 0 0 0 0 0
129 36 1 0 0 0 0 0 0 0 0 0 0 0
130 24 0 0 0 0 0 12 0 0 0 0 0 0
134 1 0 0 0 0 0 0 0 0 0 0 0 0
136 13 1 1 0 0 0 13 1 0 0 0 0 0
137 13 0 0 13 0 0 0 0 0 0 0 0 0
141 65 0 0 52 0 0 0 0 0 0 0 0 0
fl=./stdlib/./stdlib/cxa_finalize.c
fn=__cxa_finalize
30 50 1 1 0 0 0 30 0 0 0 0 0 0
33 35 0 0 5 0 0 0 0 0 10 0 0 0
36 35 2 2 10 0 0 0 0 0 10 2 0 0
40 196 0 0 5 0 0 0 0 0 60 13 0 0
41 132 1 1 66 4 0 0 0 0 66 13 0 0
43 22 0 0 11 0 0 11 0 0 0 0 0 0
45 11 0 0 11 0 0 0 0 0 0 0 0 0
76 11 0 0 0 0 0 11 0 0 0 0 0 0
78 33 0 0 22 0 0 0 0 0 0 0 0 0
81 44 0 0 22 0 0 0 0 0 22 0 0 0
82 33 0 0 0 0 0 11 0 0 0 0 11 11
83 44 0 0 11 0 0 0 0 0 11 0 0 0
87 33 0 0 22 0 0 0 0 0 11 2 0 0
93 35 2 2 10 1 0 0 0 0 10 1 0 0
97 30 0 0 5 1 0 0 0 0 5 3 0 0
105 10 0 0 0 0 0 5 0 0 0 0 0 0
106 20 0 0 10 0 0 0 0 0 10 2 0 0
107 40 0 0 35 0 0 0 0 0 0 0 0 0
fl=./stdlib/./stdlib/cxa_thread_atexit_impl.c
fn=__call_tls_dtors
148 5 1 1 0 0 0 3 1 0 0 0 0 0
149 4 1 1 2 0 0 0 0 0 1 1 0 0
165 4 1 1 4 0 0 0 0 0 0 0 0 0
fl=./stdlib/./stdlib/exit.c
fn=__run_exit_handlers
38 12 1 1 0 0 0 8 1 0 0 0 0 0
40 2 0 0 0 0 0 0 0 0 1 1 0 0
41 2 1 1 0 0 0 1 0 0 0 0 0 0
43 5 1 1 1 1 0 0 0 0 1 0 0 0
54 2 0 0 2 1 0 0 0 0 0 0 0 0
56 2 0 0 0 0 0 0 0 0 1 0 0 0
60 1 0 0 0 0 0 1 1 0 0 0 0 0
64 42 0 0 14 1 0 0 0 0 14 1 0 0
66 26 1 1 0 0 0 13 0 0 0 0 0 0
67 13 0 0 13 0 0 0 0 0 0 0 0 0
69 113 0 0 13 2 0 0 0 0 37 7 0 0
94 2 0 0 0 0 0 0 0 0 0 0 0 0
101 2 0 0 0 0 0 2 0 0 0 0 0 0
102 2 1 1 2 0 0 0 0 0 0 0 0 0
103 2 0 0 2 0 0 0 0 0 0 0 0 0
104 6 0 0 2 0 0 0 0 0 0 0 0 0
107 8 0 0 4 0 0 0 0 0 4 0 0 0
108 6 0 0 0 0 0 2 0 0 0 0 2 2
109 8 1 1 2 0 0 0 0 0 2 2 0 0
113 6 1 1 2 0 0 0 0 0 2 2 0 0
119 3 1 1 2 0 0 1 0 0 0 0 0 0
120 2 0 0 0 0 0 0 0 0 1 1 0 0
126 4 1 1 2 0 0 0 0 0 2 0 0 0
128 2 0 0 1 0 0 0 0 0 1 1 0 0
129 2 0 0 0 0 0 1 0 0 0 0 0 0
131 2 0 0 0 0 0 1 0 0 0 0 0 0
fn=exit
137 3 1 1 0 0 0 1 0 0 0 0 0 0
138 4 0 0 0 0 0 1 0 0 0 0 0 0
fl=./stdlib/./stdlib/getenv.c
fn=getenv
24 9 2 2 0 0 0 6 0 0 0 0 0 0
25 8 0 0 3 1 1 0 0 0 2 1 0 0
28 2 0 0 0 0 0 1 0 0 0 0 0 0
29 151 0 0 38 5 0 0 0 0 38 2 0 0
31 74 1 1 37 19 0 0 0 0 37 12 0 0
32 18 0 0 0 0 0 3 0 0 3 2 0 0
37 9 0 0 7 0 0 0 0 0 0 0 0 0
fl=./stdlib/./stdlib/secure-getenv.c
fn=secure_getenv
28 1 1 1 0 0 0 0 0 0 0 0 0 0
29 5 0 0 2 2 0 0 0 0 1 0 0 0
fl=./string/../include/rtld-malloc.h
fn=strdup
56 12 0 0 6 0 0 6 0 0 0 0 6 1
fl=./string/../string/strcspn.c
fn=strcspn
32 6 1 1 0 0 0 2 0 0 0 0 0 0
33 3 0 0 1 1 1 0 0 0 1 0 0 0
34 2 0 0 1 0 0 0 0 0 1 0 0 0
39 6 0 0 0 0 0 4 2 2 0 0 0 0
40 4 1 1 0 0 0 4 1 1 0 0 0 0
41 4 0 0 0 0 0 4 1 1 0 0 0 0
42 4 0 0 0 0 0 4 0 0 0 0 0 0
44 1 0 0 0 0 0 0 0 0 0 0 0 0
47 9 1 1 3 0 0 3 0 0 0 0 0 0
48 6 0 0 0 0 0 0 0 0 3 2 0 0
51 4 0 0 2 0 0 0 0 0 1 0 0 0
52 4 0 0 2 0 0 0 0 0 1 0 0 0
53 4 1 1 2 0 0 0 0 0 1 0 0 0
54 4 0 0 2 0 0 0 0 0 1 0 0 0
56 3 0 0 0 0 0 0 0 0 0 0 0 0
61 12 0 0 0 0 0 0 0 0 0 0 0 0
62 24 0 0 24 0 0 0 0 0 0 0 0 0
63 24 1 1 24 0 0 0 0 0 0 0 0 0
64 24 0 0 24 0 0 0 0 0 0 0 0 0
65 12 0 0 12 0 0 0 0 0 0 0 0 0
67 72 0 0 12 0 0 0 0 0 12 10 0 0
69 1 0 0 0 0 0 0 0 0 0 0 0 0
70 4 0 0 0 0 0 0 0 0 1 1 0 0
71 3 0 0 3 0 0 0 0 0 0 0 0 0
fl=./string/../string/strstr.c
fn=__GI_strstr
77 36 3 1 3 0 0 21 0 0 0 0 0 0
82 9 3 1 3 3 1 0 0 0 3 0 0 0
84 15 0 0 0 0 0 3 1 0 0 0 0 0
85 6 0 0 0 0 0 0 0 0 3 1 0 0
86 6 3 1 0 0 0 0 0 0 0 0 0 0
161 36 0 0 27 0 0 0 0 0 3 0 0 0
fl=./string/../sysdeps/x86/cacheinfo.c
fn=__x86_cacheinfo
86 1 1 1 0 0 0 0 0 0 0 0 0 0
fl=./string/../sysdeps/x86/cacheinfo.h
fn=__x86_cacheinfo
59 1 0 0 1 0 0 0 0 0 0 0 0 0
62 3 1 1 1 1 0 0 0 0 1 0 0 0
64 3 0 0 0 0 0 1 0 0 0 0 0 0
65 1 0 0 0 0 0 1 1 1 0 0 0 0
71 3 0 0 1 0 0 0 0 0 1 0 0 0
73 3 1 1 0 0 0 1 0 0 0 0 0 0
74 1 0 0 0 0 0 1 0 0 0 0 0 0
78 2 0 0 1 0 0 1 1 1 0 0 0 0
80 2 0 0 1 0 0 1 0 0 0 0 0 0
81 2 0 0 1 0 0 1 0 0 0 0 0 0
82 2 0 0 1 0 0 1 0 0 0 0 0 0
84 2 1 1 1 1 0 0 0 0 1 1 0 0
86 2 0 0 1 0 0 0 0 0 0 0 0 0
fl=./string/../sysdeps/x86_64/multiarch/../multiarch/memcmp-sse2.S
fn=bcmp
59 1 1 1 0 0 0 0 0 0 0 0 0 0
71 1 0 0 0 0 0 0 0 0 0 0 0 0
72 1 0 0 0 0 0 0 0 0 1 0 0 0
94 1 0 0 0 0 0 0 0 0 0 0 0 0
95 1 0 0 0 0 0 0 0 0 1 1 0 0
140 1 1 1 1 0 0 0 0 0 0 0 0 0
141 1 0 0 1 0 0 0 0 0 0 0 0 0
143 1 0 0 0 0 0 0 0 0 0 0 0 0
144 1 0 0 0 0 0 0 0 0 1 0 0 0
146 1 0 0 1 0 0 0 0 0 0 0 0 0
147 1 0 0 1 0 0 0 0 0 0 0 0 0
149 1 0 0 0 0 0 0 0 0 0 0 0 0
150 1 0 0 0 0 0 0 0 0 1 1 0 0
197 1 0 0 0 0 0 0 0 0 0 0 0 0
198 1 0 0 0 0 0 0 0 0 0 0 0 0
199 1 0 0 0 0 0 0 0 0 0 0 0 0
200 1 0 0 0 0 0 0 0 0 0 0 0 0
201 1 0 0 0 0 0 0 0 0 0 0 0 0
202 1 0 0 1 0 0 0 0 0 0 0 0 0
fl=./string/../sysdeps/x86_64/multiarch/../multiarch/memset-vec-unaligned-erms.S
fn=memset
132 12 1 1 0 0 0 0 0 0 0 0 0 0
133 60 0 0 0 0 0 0 0 0 0 0 0 0
138 12 0 0 0 0 0 0 0 0 0 0 0 0
139 12 0 0 0 0 0 0 0 0 12 7 0 0
142 5 0 0 0 0 0 0 0 0 0 0 0 0
143 5 0 0 0 0 0 0 0 0 5 3 0 0
145 1 0 0 0 0 0 1 1 1 0 0 0 0
146 1 0 0 0 0 0 1 0 0 0 0 0 0
147 1 0 0 1 0 0 0 0 0 0 0 0 0
244 4 1 1 0 0 0 4 3 3 0 0 0 0
245 4 0 0 0 0 0 4 0 0 0 0 0 0
257 4 0 0 0 0 0 0 0 0 0 0 0 0
260 4 0 0 0 0 0 0 0 0 0 0 0 0
261 4 0 0 0 0 0 0 0 0 4 0 0 0
273 4 0 0 0 0 0 4 2 2 0 0 0 0
274 4 0 0 0 0 0 4 2 2 0 0 0 0
287 4 0 0 0 0 0 0 0 0 0 0 0 0
288 4 0 0 0 0 0 0 0 0 0 0 0 0
290 4 0 0 0 0 0 0 0 0 4 1 0 0
293 3 0 0 0 0 0 0 0 0 0 0 0 0
296 6 0 0 0 0 0 0 0 0 0 0 0 0
299 93 0 0 0 0 0 93 34 34 0 0 0 0
300 93 0 0 0 0 0 93 0 0 0 0 0 0
301 93 0 0 0 0 0 93 52 52 0 0 0 0
302 93 0 0 0 0 0 93 6 6 0 0 0 0
303 93 0 0 0 0 0 0 0 0 0 0 0 0
304 93 0 0 0 0 0 0 0 0 0 0 0 0
305 93 0 0 0 0 0 0 0 0 93 18 0 0
308 4 0 0 0 0 0 4 1 1 0 0 0 0
309 4 0 0 0 0 0 4 0 0 0 0 0 0
310 4 0 0 0 0 0 4 0 0 0 0 0 0
311 4 0 0 0 0 0 4 0 0 0 0 0 0
316 4 0 0 4 0 0 0 0 0 0 0 0 0
350 7 1 1 0 0 0 0 0 0 0 0 0 0
352 7 0 0 0 0 0 0 0 0 0 0 0 0
353 7 0 0 0 0 0 0 0 0 7 6 0 0
392 7 2 1 0 0 0 7 2 2 0 0 0 0
393 7 0 0 0 0 0 7 1 1 0 0 0 0
395 7 0 0 7 0 0 0 0 0 0 0 0 0
fl=./string/../sysdeps/x86_64/multiarch/../multiarch/strchr-sse2.S
fn=index
32 29 1 1 0 0 0 0 0 0 0 0 0 0
33 29 0 0 0 0 0 0 0 0 0 0 0 0
34 29 0 0 0 0 0 0 0 0 0 0 0 0
35 29 0 0 0 0 0 0 0 0 0 0 0 0
36 29 1 1 0 0 0 0 0 0 0 0 0 0
37 29 0 0 0 0 0 0 0 0 0 0 0 0
38 29 0 0 0 0 0 0 0 0 0 0 0 0
39 29 0 0 0 0 0 0 0 0 0 0 0 0
40 29 0 0 0 0 0 0 0 0 29 0 0 0
41 29 0 0 29 4 4 0 0 0 0 0 0 0
42 29 0 0 0 0 0 0 0 0 0 0 0 0
43 29 0 0 0 0 0 0 0 0 0 0 0 0
44 29 0 0 0 0 0 0 0 0 0 0 0 0
45 29 0 0 0 0 0 0 0 0 0 0 0 0
46 29 0 0 0 0 0 0 0 0 0 0 0 0
47 29 0 0 0 0 0 0 0 0 0 0 0 0
48 29 0 0 0 0 0 0 0 0 0 0 0 0
49 29 0 0 0 0 0 0 0 0 29 5 0 0
50 24 0 0 0 0 0 0 0 0 0 0 0 0
54 24 0 0 0 0 0 0 0 0 0 0 0 0
55 24 1 1 0 0 0 0 0 0 0 0 0 0
56 24 0 0 24 0 0 0 0 0 0 0 0 0
57 24 0 0 0 0 0 0 0 0 0 0 0 0
59 24 0 0 24 0 0 0 0 0 0 0 0 0
63 5 0 0 5 0 0 0 0 0 0 0 0 0
64 5 0 0 0 0 0 0 0 0 0 0 0 0
65 5 0 0 0 0 0 0 0 0 0 0 0 0
66 5 0 0 0 0 0 0 0 0 0 0 0 0
67 5 0 0 0 0 0 0 0 0 0 0 0 0
68 5 0 0 0 0 0 0 0 0 0 0 0 0
69 5 0 0 5 1 1 0 0 0 0 0 0 0
70 5 0 0 0 0 0 0 0 0 0 0 0 0
71 5 0 0 0 0 0 0 0 0 0 0 0 0
72 5 0 0 0 0 0 0 0 0 0 0 0 0
73 5 0 0 0 0 0 0 0 0 0 0 0 0
74 5 1 1 0 0 0 0 0 0 0 0 0 0
75 5 0 0 0 0 0 0 0 0 0 0 0 0
76 5 0 0 5 0 0 0 0 0 0 0 0 0
77 5 0 0 0 0 0 0 0 0 0 0 0 0
78 5 0 0 0 0 0 0 0 0 0 0 0 0
79 5 0 0 0 0 0 0 0 0 0 0 0 0
80 5 0 0 0 0 0 0 0 0 0 0 0 0
81 5 0 0 0 0 0 0 0 0 0 0 0 0
82 5 0 0 0 0 0 0 0 0 0 0 0 0
83 5 0 0 0 0 0 0 0 0 0 0 0 0
84 5 0 0 0 0 0 0 0 0 0 0 0 0
85 5 0 0 0 0 0 0 0 0 0 0 0 0
86 5 0 0 0 0 0 0 0 0 5 4 0 0
138 5 1 1 0 0 0 0 0 0 0 0 0 0
142 5 0 0 0 0 0 0 0 0 0 0 0 0
143 5 0 0 0 0 0 0 0 0 0 0 0 0
144 5 0 0 5 0 0 0 0 0 0 0 0 0
145 5 0 0 0 0 0 0 0 0 0 0 0 0
147 5 0 0 5 0 0 0 0 0 0 0 0 0
fl=./string/../sysdeps/x86_64/multiarch/../multiarch/strcmp-sse2.S
fn=strcmp
98 2495 6 1 0 0 0 0 0 0 0 0 0 0
131 2495 0 0 0 0 0 0 0 0 0 0 0 0
132 2495 0 0 0 0 0 0 0 0 0 0 0 0
134 2495 0 0 0 0 0 0 0 0 0 0 0 0
135 2495 0 0 0 0 0 0 0 0 0 0 0 0
156 2495 0 0 0 0 0 0 0 0 0 0 0 0
157 2495 0 0 0 0 0 0 0 0 2362 166 0 0
158 2319 0 0 0 0 0 0 0 0 0 0 0 0
159 2319 0 0 0 0 0 0 0 0 2319 86 0 0
160 2197 0 0 2197 119 46 0 0 0 0 0 0 0
161 2197 5 1 2197 28 14 0 0 0 0 0 0 0
162 2197 0 0 2197 0 0 0 0 0 0 0 0 0
163 2197 0 0 2197 0 0 0 0 0 0 0 0 0
180 2197 0 0 0 0 0 0 0 0 0 0 0 0
181 2197 0 0 0 0 0 0 0 0 0 0 0 0
182 2197 0 0 0 0 0 0 0 0 0 0 0 0
183 2197 0 0 0 0 0 0 0 0 0 0 0 0
184 2197 0 0 0 0 0 0 0 0 0 0 0 0
185 2197 0 0 0 0 0 0 0 0 0 0 0 0
186 2197 0 0 0 0 0 0 0 0 2197 114 0 0
191 48 0 0 0 0 0 0 0 0 0 0 0 0
192 144 0 0 0 0 0 0 0 0 0 0 0 0
201 346 5 1 0 0 0 0 0 0 0 0 0 0
202 346 0 0 0 0 0 0 0 0 0 0 0 0
203 346 0 0 0 0 0 0 0 0 0 0 0 0
204 346 0 0 0 0 0 0 0 0 0 0 0 0
205 346 0 0 0 0 0 0 0 0 0 0 0 0
206 346 0 0 0 0 0 0 0 0 0 0 0 0
207 346 0 0 0 0 0 0 0 0 0 0 0 0
208 346 0 0 0 0 0 0 0 0 346 22 0 0
209 262 0 0 0 0 0 0 0 0 262 105 0 0
210 138 0 0 0 0 0 0 0 0 0 0 0 0
211 138 0 0 0 0 0 0 0 0 0 0 0 0
212 138 0 0 0 0 0 0 0 0 0 0 0 0
214 262 0 0 0 0 0 0 0 0 0 0 0 0
215 262 0 0 0 0 0 0 0 0 0 0 0 0
216 262 0 0 0 0 0 0 0 0 0 0 0 0
217 262 0 0 262 7 2 0 0 0 0 0 0 0
218 262 0 0 0 0 0 0 0 0 0 0 0 0
219 262 0 0 0 0 0 0 0 0 0 0 262 196
229 84 5 1 84 15 2 0 0 0 0 0 0 0
230 84 0 0 0 0 0 0 0 0 0 0 0 0
231 84 0 0 0 0 0 0 0 0 0 0 0 0
233 84 0 0 84 2 0 0 0 0 0 0 0 0
239 84 0 0 0 0 0 0 0 0 0 0 0 0
240 84 0 0 0 0 0 0 0 0 0 0 0 0
241 84 0 0 0 0 0 0 0 0 0 0 0 0
242 84 0 0 0 0 0 0 0 0 0 0 0 0
243 84 0 0 0 0 0 0 0 0 0 0 0 0
248 84 0 0 0 0 0 0 0 0 84 7 0 0
250 74 0 0 0 0 0 0 0 0 0 0 0 0
251 74 0 0 0 0 0 0 0 0 0 0 0 0
252 148 0 0 0 0 0 0 0 0 0 0 0 0
260 74 4 1 74 12 0 0 0 0 0 0 0 0
261 74 0 0 74 1 0 0 0 0 0 0 0 0
264 74 0 0 0 0 0 0 0 0 0 0 0 0
265 74 0 0 0 0 0 0 0 0 0 0 0 0
266 74 0 0 0 0 0 0 0 0 0 0 0 0
267 74 0 0 0 0 0 0 0 0 0 0 0 0
268 74 0 0 0 0 0 0 0 0 0 0 0 0
269 74 0 0 0 0 0 0 0 0 74 3 0 0
300 7 1 1 0 0 0 0 0 0 0 0 0 0
301 7 0 0 7 0 0 0 0 0 0 0 0 0
302 7 0 0 7 1 1 0 0 0 0 0 0 0
303 7 0 0 0 0 0 0 0 0 0 0 0 0
304 7 0 0 0 0 0 0 0 0 0 0 0 0
306 7 0 0 0 0 0 0 0 0 0 0 0 0
307 7 0 0 0 0 0 0 0 0 0 0 0 0
308 7 1 1 0 0 0 0 0 0 0 0 0 0
309 7 0 0 0 0 0 0 0 0 0 0 0 0
310 7 0 0 0 0 0 0 0 0 0 0 0 0
311 7 0 0 0 0 0 0 0 0 0 0 0 0
312 7 0 0 0 0 0 0 0 0 7 0 0 0
313 7 0 0 7 0 0 0 0 0 0 0 0 0
316 7 0 0 0 0 0 0 0 0 0 0 0 0
317 7 0 0 0 0 0 0 0 0 0 0 0 0
318 7 0 0 0 0 0 0 0 0 0 0 0 0
324 7 0 0 0 0 0 0 0 0 0 0 0 0
325 7 0 0 0 0 0 0 0 0 0 0 0 0
326 14 0 0 0 0 0 0 0 0 0 0 0 0
330 7 1 1 0 0 0 0 0 0 0 0 0 0
331 7 0 0 0 0 0 0 0 0 7 0 0 0
334 7 0 0 7 0 0 0 0 0 0 0 0 0
335 7 0 0 7 0 0 0 0 0 0 0 0 0
336 7 0 0 0 0 0 0 0 0 0 0 0 0
338 7 0 0 0 0 0 0 0 0 0 0 0 0
339 7 0 0 0 0 0 0 0 0 0 0 0 0
340 7 0 0 0 0 0 0 0 0 0 0 0 0
344 7 0 0 0 0 0 0 0 0 0 0 0 0
345 7 0 0 0 0 0 0 0 0 0 0 0 0
346 7 0 0 0 0 0 0 0 0 0 0 0 0
347 7 0 0 0 0 0 0 0 0 0 0 0 0
348 7 0 0 0 0 0 0 0 0 0 0 0 0
349 7 1 1 0 0 0 0 0 0 7 2 0 0
355 1 0 0 0 0 0 0 0 0 0 0 0 0
356 1 0 0 0 0 0 0 0 0 0 0 0 0
358 1 0 0 0 0 0 0 0 0 0 0 0 0
359 1 0 0 0 0 0 0 0 0 1 0 0 0
361 1 0 0 1 0 0 0 0 0 0 0 0 0
362 1 0 0 1 0 0 0 0 0 0 0 0 0
363 1 0 0 0 0 0 0 0 0 0 0 0 0
365 1 0 0 0 0 0 0 0 0 0 0 0 0
366 1 0 0 0 0 0 0 0 0 0 0 0 0
367 1 0 0 0 0 0 0 0 0 0 0 0 0
371 1 0 0 0 0 0 0 0 0 0 0 0 0
372 1 0 0 0 0 0 0 0 0 0 0 0 0
373 1 0 0 0 0 0 0 0 0 0 0 0 0
374 1 0 0 0 0 0 0 0 0 0 0 0 0
375 1 1 1 0 0 0 0 0 0 0 0 0 0
376 1 0 0 0 0 0 0 0 0 1 1 0 0
542 2 1 1 0 0 0 0 0 0 0 0 0 0
543 2 0 0 2 0 0 0 0 0 0 0 0 0
544 2 0 0 2 1 1 0 0 0 0 0 0 0
545 2 0 0 0 0 0 0 0 0 0 0 0 0
546 2 0 0 0 0 0 0 0 0 0 0 0 0
548 2 0 0 0 0 0 0 0 0 0 0 0 0
549 2 0 0 0 0 0 0 0 0 0 0 0 0
550 2 1 1 0 0 0 0 0 0 0 0 0 0
551 2 0 0 0 0 0 0 0 0 0 0 0 0
552 2 0 0 0 0 0 0 0 0 0 0 0 0
553 2 0 0 0 0 0 0 0 0 0 0 0 0
554 2 0 0 0 0 0 0 0 0 2 1 0 0
555 2 0 0 2 0 0 0 0 0 0 0 0 0
559 2 0 0 0 0 0 0 0 0 0 0 0 0
560 2 0 0 0 0 0 0 0 0 0 0 0 0
561 2 0 0 0 0 0 0 0 0 0 0 0 0
567 2 0 0 0 0 0 0 0 0 0 0 0 0
568 2 0 0 0 0 0 0 0 0 0 0 0 0
569 4 0 0 0 0 0 0 0 0 0 0 0 0
573 5 1 1 0 0 0 0 0 0 0 0 0 0
574 5 0 0 0 0 0 0 0 0 5 0 0 0
577 5 0 0 5 0 0 0 0 0 0 0 0 0
578 5 0 0 5 0 0 0 0 0 0 0 0 0
579 5 0 0 0 0 0 0 0 0 0 0 0 0
581 5 0 0 0 0 0 0 0 0 0 0 0 0
582 5 0 0 0 0 0 0 0 0 0 0 0 0
583 5 0 0 0 0 0 0 0 0 0 0 0 0
587 5 0 0 0 0 0 0 0 0 0 0 0 0
588 5 0 0 0 0 0 0 0 0 0 0 0 0
589 5 0 0 0 0 0 0 0 0 0 0 0 0
590 5 0 0 0 0 0 0 0 0 0 0 0 0
591 5 0 0 0 0 0 0 0 0 0 0 0 0
592 5 1 1 0 0 0 0 0 0 5 1 0 0
599 5 0 0 0 0 0 0 0 0 0 0 0 0
600 5 0 0 0 0 0 0 0 0 0 0 0 0
602 5 0 0 0 0 0 0 0 0 0 0 0 0
603 5 0 0 0 0 0 0 0 0 5 0 0 0
605 5 0 0 5 0 0 0 0 0 0 0 0 0
606 5 0 0 5 2 1 0 0 0 0 0 0 0
607 5 0 0 0 0 0 0 0 0 0 0 0 0
609 5 0 0 0 0 0 0 0 0 0 0 0 0
610 5 0 0 0 0 0 0 0 0 0 0 0 0
611 5 0 0 0 0 0 0 0 0 0 0 0 0
615 5 0 0 0 0 0 0 0 0 0 0 0 0
616 5 0 0 0 0 0 0 0 0 0 0 0 0
617 5 0 0 0 0 0 0 0 0 0 0 0 0
618 5 0 0 0 0 0 0 0 0 0 0 0 0
619 5 1 1 0 0 0 0 0 0 0 0 0 0
620 5 0 0 0 0 0 0 0 0 5 2 0 0
627 3 0 0 0 0 0 0 0 0 0 0 0 0
628 3 0 0 0 0 0 0 0 0 0 0 0 0
629 3 0 0 0 0 0 0 0 0 0 0 0 0
661 2 1 1 0 0 0 0 0 0 0 0 0 0
662 2 0 0 2 1 0 0 0 0 0 0 0 0
663 2 0 0 2 0 0 0 0 0 0 0 0 0
664 2 0 0 0 0 0 0 0 0 0 0 0 0
665 2 0 0 0 0 0 0 0 0 0 0 0 0
667 2 0 0 0 0 0 0 0 0 0 0 0 0
668 2 0 0 0 0 0 0 0 0 0 0 0 0
669 2 1 1 0 0 0 0 0 0 0 0 0 0
670 2 0 0 0 0 0 0 0 0 0 0 0 0
671 2 0 0 0 0 0 0 0 0 0 0 0 0
672 2 0 0 0 0 0 0 0 0 0 0 0 0
673 2 0 0 0 0 0 0 0 0 2 0 0 0
674 1 0 0 1 0 0 0 0 0 0 0 0 0
678 1 0 0 0 0 0 0 0 0 0 0 0 0
679 1 0 0 0 0 0 0 0 0 0 0 0 0
680 1 0 0 0 0 0 0 0 0 0 0 0 0
686 1 0 0 0 0 0 0 0 0 0 0 0 0
687 1 0 0 0 0 0 0 0 0 0 0 0 0
688 2 0 0 0 0 0 0 0 0 0 0 0 0
692 1 1 1 0 0 0 0 0 0 0 0 0 0
693 1 0 0 0 0 0 0 0 0 1 0 0 0
696 1 0 0 1 0 0 0 0 0 0 0 0 0
697 1 0 0 1 1 0 0 0 0 0 0 0 0
698 1 0 0 0 0 0 0 0 0 0 0 0 0
700 1 0 0 0 0 0 0 0 0 0 0 0 0
701 1 0 0 0 0 0 0 0 0 0 0 0 0
702 1 0 0 0 0 0 0 0 0 0 0 0 0
706 1 0 0 0 0 0 0 0 0 0 0 0 0
707 1 0 0 0 0 0 0 0 0 0 0 0 0
708 1 0 0 0 0 0 0 0 0 0 0 0 0
709 1 0 0 0 0 0 0 0 0 0 0 0 0
710 1 0 0 0 0 0 0 0 0 0 0 0 0
711 1 1 1 0 0 0 0 0 0 1 0 0 0
718 1 0 0 0 0 0 0 0 0 0 0 0 0
719 1 0 0 0 0 0 0 0 0 0 0 0 0
721 1 0 0 0 0 0 0 0 0 0 0 0 0
722 1 0 0 0 0 0 0 0 0 1 0 0 0
724 1 0 0 1 0 0 0 0 0 0 0 0 0
725 1 0 0 1 0 0 0 0 0 0 0 0 0
726 1 0 0 0 0 0 0 0 0 0 0 0 0
728 1 0 0 0 0 0 0 0 0 0 0 0 0
729 1 0 0 0 0 0 0 0 0 0 0 0 0
730 1 0 0 0 0 0 0 0 0 0 0 0 0
734 1 0 0 0 0 0 0 0 0 0 0 0 0
735 1 0 0 0 0 0 0 0 0 0 0 0 0
736 1 0 0 0 0 0 0 0 0 0 0 0 0
737 1 0 0 0 0 0 0 0 0 0 0 0 0
738 1 1 1 0 0 0 0 0 0 0 0 0 0
739 1 0 0 0 0 0 0 0 0 1 1 0 0
780 13 1 1 0 0 0 0 0 0 0 0 0 0
781 13 0 0 13 1 1 0 0 0 0 0 0 0
782 13 0 0 13 0 0 0 0 0 0 0 0 0
783 13 0 0 0 0 0 0 0 0 0 0 0 0
784 13 0 0 0 0 0 0 0 0 0 0 0 0
786 13 0 0 0 0 0 0 0 0 0 0 0 0
787 13 0 0 0 0 0 0 0 0 0 0 0 0
788 13 1 1 0 0 0 0 0 0 0 0 0 0
789 13 0 0 0 0 0 0 0 0 0 0 0 0
790 13 0 0 0 0 0 0 0 0 0 0 0 0
791 13 0 0 0 0 0 0 0 0 0 0 0 0
792 13 0 0 0 0 0 0 0 0 13 3 0 0
793 3 0 0 3 0 0 0 0 0 0 0 0 0
797 3 0 0 0 0 0 0 0 0 0 0 0 0
798 3 0 0 0 0 0 0 0 0 0 0 0 0
799 3 0 0 0 0 0 0 0 0 0 0 0 0
805 3 0 0 0 0 0 0 0 0 0 0 0 0
806 3 0 0 0 0 0 0 0 0 0 0 0 0
807 6 0 0 0 0 0 0 0 0 0 0 0 0
811 6 1 1 0 0 0 0 0 0 0 0 0 0
812 6 0 0 0 0 0 0 0 0 6 0 0 0
815 6 0 0 6 0 0 0 0 0 0 0 0 0
816 6 0 0 6 0 0 0 0 0 0 0 0 0
817 6 0 0 0 0 0 0 0 0 0 0 0 0
819 6 0 0 0 0 0 0 0 0 0 0 0 0
820 6 0 0 0 0 0 0 0 0 0 0 0 0
821 6 0 0 0 0 0 0 0 0 0 0 0 0
825 6 0 0 0 0 0 0 0 0 0 0 0 0
826 6 0 0 0 0 0 0 0 0 0 0 0 0
827 6 0 0 0 0 0 0 0 0 0 0 0 0
828 6 0 0 0 0 0 0 0 0 0 0 0 0
829 6 0 0 0 0 0 0 0 0 0 0 0 0
830 6 1 1 0 0 0 0 0 0 6 3 0 0
837 3 0 0 0 0 0 0 0 0 0 0 0 0
838 3 0 0 0 0 0 0 0 0 0 0 0 0
840 3 0 0 0 0 0 0 0 0 0 0 0 0
841 3 0 0 0 0 0 0 0 0 3 0 0 0
843 3 0 0 3 0 0 0 0 0 0 0 0 0
844 3 0 0 3 2 2 0 0 0 0 0 0 0
845 3 0 0 0 0 0 0 0 0 0 0 0 0
847 3 0 0 0 0 0 0 0 0 0 0 0 0
848 3 0 0 0 0 0 0 0 0 0 0 0 0
849 3 0 0 0 0 0 0 0 0 0 0 0 0
853 3 0 0 0 0 0 0 0 0 0 0 0 0
854 3 0 0 0 0 0 0 0 0 0 0 0 0
855 3 0 0 0 0 0 0 0 0 0 0 0 0
856 3 0 0 0 0 0 0 0 0 0 0 0 0
857 3 1 1 0 0 0 0 0 0 0 0 0 0
858 3 0 0 0 0 0 0 0 0 3 2 0 0
865 3 0 0 0 0 0 0 0 0 0 0 0 0
866 3 0 0 0 0 0 0 0 0 0 0 0 0
867 3 0 0 0 0 0 0 0 0 0 0 0 0
899 9 3 1 0 0 0 0 0 0 0 0 0 0
900 9 0 0 9 3 1 0 0 0 0 0 0 0
901 9 0 0 9 2 2 0 0 0 0 0 0 0
902 9 0 0 0 0 0 0 0 0 0 0 0 0
903 9 0 0 0 0 0 0 0 0 0 0 0 0
905 9 0 0 0 0 0 0 0 0 0 0 0 0
906 9 0 0 0 0 0 0 0 0 0 0 0 0
907 9 4 1 0 0 0 0 0 0 0 0 0 0
908 9 0 0 0 0 0 0 0 0 0 0 0 0
909 9 0 0 0 0 0 0 0 0 0 0 0 0
910 9 0 0 0 0 0 0 0 0 0 0 0 0
911 9 0 0 0 0 0 0 0 0 9 2 0 0
912 6 0 0 6 0 0 0 0 0 0 0 0 0
916 6 0 0 0 0 0 0 0 0 0 0 0 0
917 6 0 0 0 0 0 0 0 0 0 0 0 0
918 6 0 0 0 0 0 0 0 0 0 0 0 0
924 6 0 0 0 0 0 0 0 0 0 0 0 0
925 6 0 0 0 0 0 0 0 0 0 0 0 0
926 12 0 0 0 0 0 0 0 0 0 0 0 0
930 7 3 1 0 0 0 0 0 0 0 0 0 0
931 7 0 0 0 0 0 0 0 0 7 1 0 0
934 7 0 0 7 2 2 0 0 0 0 0 0 0
935 7 0 0 7 2 1 0 0 0 0 0 0 0
936 7 0 0 0 0 0 0 0 0 0 0 0 0
938 7 0 0 0 0 0 0 0 0 0 0 0 0
939 7 0 0 0 0 0 0 0 0 0 0 0 0
940 7 0 0 0 0 0 0 0 0 0 0 0 0
944 7 0 0 0 0 0 0 0 0 0 0 0 0
945 7 0 0 0 0 0 0 0 0 0 0 0 0
946 7 0 0 0 0 0 0 0 0 0 0 0 0
947 7 0 0 0 0 0 0 0 0 0 0 0 0
948 7 0 0 0 0 0 0 0 0 0 0 0 0
949 7 3 1 0 0 0 0 0 0 7 1 0 0
956 5 0 0 0 0 0 0 0 0 0 0 0 0
957 5 0 0 0 0 0 0 0 0 0 0 0 0
959 5 0 0 0 0 0 0 0 0 0 0 0 0
960 5 0 0 0 0 0 0 0 0 5 0 0 0
962 5 0 0 5 0 0 0 0 0 0 0 0 0
963 5 0 0 5 0 0 0 0 0 0 0 0 0
964 5 0 0 0 0 0 0 0 0 0 0 0 0
966 5 0 0 0 0 0 0 0 0 0 0 0 0
967 5 0 0 0 0 0 0 0 0 0 0 0 0
968 5 0 0 0 0 0 0 0 0 0 0 0 0
972 5 0 0 0 0 0 0 0 0 0 0 0 0
973 5 0 0 0 0 0 0 0 0 0 0 0 0
974 5 0 0 0 0 0 0 0 0 0 0 0 0
975 5 0 0 0 0 0 0 0 0 0 0 0 0
976 5 2 1 0 0 0 0 0 0 0 0 0 0
977 5 0 0 0 0 0 0 0 0 5 4 0 0
984 1 0 0 0 0 0 0 0 0 0 0 0 0
985 1 0 0 0 0 0 0 0 0 0 0 0 0
986 1 0 0 0 0 0 0 0 0 0 0 0 0
1018 6 1 1 0 0 0 0 0 0 0 0 0 0
1019 6 0 0 6 1 1 0 0 0 0 0 0 0
1020 6 0 0 6 3 3 0 0 0 0 0 0 0
1021 6 0 0 0 0 0 0 0 0 0 0 0 0
1022 6 0 0 0 0 0 0 0 0 0 0 0 0
1024 6 0 0 0 0 0 0 0 0 0 0 0 0
1025 6 0 0 0 0 0 0 0 0 0 0 0 0
1026 6 1 1 0 0 0 0 0 0 0 0 0 0
1027 6 0 0 0 0 0 0 0 0 0 0 0 0
1028 6 0 0 0 0 0 0 0 0 0 0 0 0
1029 6 0 0 0 0 0 0 0 0 0 0 0 0
1030 6 0 0 0 0 0 0 0 0 6 2 0 0
1031 5 0 0 5 0 0 0 0 0 0 0 0 0
1035 5 0 0 0 0 0 0 0 0 0 0 0 0
1036 5 0 0 0 0 0 0 0 0 0 0 0 0
1037 5 0 0 0 0 0 0 0 0 0 0 0 0
1043 5 0 0 0 0 0 0 0 0 0 0 0 0
1044 5 0 0 0 0 0 0 0 0 0 0 0 0
1045 10 0 0 0 0 0 0 0 0 0 0 0 0
1049 5 1 1 0 0 0 0 0 0 0 0 0 0
1050 5 0 0 0 0 0 0 0 0 5 0 0 0
1053 5 0 0 5 3 3 0 0 0 0 0 0 0
1054 5 0 0 5 0 0 0 0 0 0 0 0 0
1055 5 0 0 0 0 0 0 0 0 0 0 0 0
1057 5 0 0 0 0 0 0 0 0 0 0 0 0
1058 5 0 0 0 0 0 0 0 0 0 0 0 0
1059 5 0 0 0 0 0 0 0 0 0 0 0 0
1063 5 0 0 0 0 0 0 0 0 0 0 0 0
1064 5 0 0 0 0 0 0 0 0 0 0 0 0
1065 5 0 0 0 0 0 0 0 0 0 0 0 0
1066 5 0 0 0 0 0 0 0 0 0 0 0 0
1067 5 0 0 0 0 0 0 0 0 0 0 0 0
1068 5 1 1 0 0 0 0 0 0 5 0 0 0
1137 21 2 1 0 0 0 0 0 0 0 0 0 0
1138 21 0 0 21 1 0 0 0 0 0 0 0 0
1139 21 0 0 21 1 0 0 0 0 0 0 0 0
1140 21 0 0 0 0 0 0 0 0 0 0 0 0
1141 21 0 0 0 0 0 0 0 0 0 0 0 0
1143 21 0 0 0 0 0 0 0 0 0 0 0 0
1144 21 0 0 0 0 0 0 0 0 0 0 0 0
1145 21 2 1 0 0 0 0 0 0 0 0 0 0
1146 21 0 0 0 0 0 0 0 0 0 0 0 0
1147 21 0 0 0 0 0 0 0 0 0 0 0 0
1148 21 0 0 0 0 0 0 0 0 0 0 0 0
1149 21 0 0 0 0 0 0 0 0 21 3 0 0
1150 14 0 0 14 0 0 0 0 0 0 0 0 0
1154 14 0 0 0 0 0 0 0 0 0 0 0 0
1155 14 0 0 0 0 0 0 0 0 0 0 0 0
1156 14 0 0 0 0 0 0 0 0 0 0 0 0
1162 14 0 0 0 0 0 0 0 0 0 0 0 0
1163 14 0 0 0 0 0 0 0 0 0 0 0 0
1164 28 0 0 0 0 0 0 0 0 0 0 0 0
1168 15 2 1 0 0 0 0 0 0 0 0 0 0
1169 15 0 0 0 0 0 0 0 0 15 0 0 0
1172 15 0 0 15 2 1 0 0 0 0 0 0 0
1173 15 0 0 15 0 0 0 0 0 0 0 0 0
1174 15 0 0 0 0 0 0 0 0 0 0 0 0
1176 15 0 0 0 0 0 0 0 0 0 0 0 0
1177 15 0 0 0 0 0 0 0 0 0 0 0 0
1178 15 0 0 0 0 0 0 0 0 0 0 0 0
1182 15 0 0 0 0 0 0 0 0 0 0 0 0
1183 15 0 0 0 0 0 0 0 0 0 0 0 0
1184 15 0 0 0 0 0 0 0 0 0 0 0 0
1185 15 0 0 0 0 0 0 0 0 0 0 0 0
1186 15 0 0 0 0 0 0 0 0 0 0 0 0
1187 15 2 1 0 0 0 0 0 0 15 5 0 0
1194 3 0 0 0 0 0 0 0 0 0 0 0 0
1195 3 0 0 0 0 0 0 0 0 0 0 0 0
1197 3 0 0 0 0 0 0 0 0 0 0 0 0
1198 3 0 0 0 0 0 0 0 0 3 0 0 0
1200 3 0 0 3 1 0 0 0 0 0 0 0 0
1201 3 0 0 3 1 1 0 0 0 0 0 0 0
1202 3 0 0 0 0 0 0 0 0 0 0 0 0
1204 3 0 0 0 0 0 0 0 0 0 0 0 0
1205 3 0 0 0 0 0 0 0 0 0 0 0 0
1206 3 0 0 0 0 0 0 0 0 0 0 0 0
1210 3 0 0 0 0 0 0 0 0 0 0 0 0
1211 3 0 0 0 0 0 0 0 0 0 0 0 0
1212 3 0 0 0 0 0 0 0 0 0 0 0 0
1213 3 0 0 0 0 0 0 0 0 0 0 0 0
1214 3 1 1 0 0 0 0 0 0 0 0 0 0
1215 3 0 0 0 0 0 0 0 0 3 3 0 0
1222 1 0 0 0 0 0 0 0 0 0 0 0 0
1223 1 0 0 0 0 0 0 0 0 0 0 0 0
1224 1 0 0 0 0 0 0 0 0 0 0 0 0
1256 15 3 1 0 0 0 0 0 0 0 0 0 0
1257 15 0 0 15 3 2 0 0 0 0 0 0 0
1258 15 0 0 15 2 1 0 0 0 0 0 0 0
1259 15 0 0 0 0 0 0 0 0 0 0 0 0
1260 15 0 0 0 0 0 0 0 0 0 0 0 0
1262 15 0 0 0 0 0 0 0 0 0 0 0 0
1263 15 0 0 0 0 0 0 0 0 0 0 0 0
1264 15 3 1 0 0 0 0 0 0 0 0 0 0
1265 15 0 0 0 0 0 0 0 0 0 0 0 0
1266 15 0 0 0 0 0 0 0 0 0 0 0 0
1267 15 0 0 0 0 0 0 0 0 0 0 0 0
1268 15 0 0 0 0 0 0 0 0 15 3 0 0
1269 6 0 0 6 0 0 0 0 0 0 0 0 0
1273 6 0 0 0 0 0 0 0 0 0 0 0 0
1274 6 0 0 0 0 0 0 0 0 0 0 0 0
1275 6 0 0 0 0 0 0 0 0 0 0 0 0
1281 6 0 0 0 0 0 0 0 0 0 0 0 0
1282 6 0 0 0 0 0 0 0 0 0 0 0 0
1283 12 0 0 0 0 0 0 0 0 0 0 0 0
1287 6 2 1 0 0 0 0 0 0 0 0 0 0
1288 6 0 0 0 0 0 0 0 0 6 1 0 0
1291 6 0 0 6 1 1 0 0 0 0 0 0 0
1292 6 0 0 6 2 2 0 0 0 0 0 0 0
1293 6 0 0 0 0 0 0 0 0 0 0 0 0
1295 6 0 0 0 0 0 0 0 0 0 0 0 0
1296 6 0 0 0 0 0 0 0 0 0 0 0 0
1297 6 0 0 0 0 0 0 0 0 0 0 0 0
1301 6 0 0 0 0 0 0 0 0 0 0 0 0
1302 6 0 0 0 0 0 0 0 0 0 0 0 0
1303 6 0 0 0 0 0 0 0 0 0 0 0 0
1304 6 0 0 0 0 0 0 0 0 0 0 0 0
1305 6 0 0 0 0 0 0 0 0 0 0 0 0
1306 6 3 1 0 0 0 0 0 0 6 3 0 0
1313 1 0 0 0 0 0 0 0 0 0 0 0 0
1314 1 0 0 0 0 0 0 0 0 0 0 0 0
1316 1 0 0 0 0 0 0 0 0 0 0 0 0
1317 1 0 0 0 0 0 0 0 0 1 0 0 0
1319 1 0 0 1 0 0 0 0 0 0 0 0 0
1320 1 0 0 1 0 0 0 0 0 0 0 0 0
1321 1 0 0 0 0 0 0 0 0 0 0 0 0
1323 1 0 0 0 0 0 0 0 0 0 0 0 0
1324 1 0 0 0 0 0 0 0 0 0 0 0 0
1325 1 0 0 0 0 0 0 0 0 0 0 0 0
1329 1 0 0 0 0 0 0 0 0 0 0 0 0
1330 1 0 0 0 0 0 0 0 0 0 0 0 0
1331 1 0 0 0 0 0 0 0 0 0 0 0 0
1332 1 0 0 0 0 0 0 0 0 0 0 0 0
1333 1 1 1 0 0 0 0 0 0 0 0 0 0
1334 1 0 0 0 0 0 0 0 0 1 1 0 0
1375 15 2 1 0 0 0 0 0 0 0 0 0 0
1376 15 0 0 15 3 0 0 0 0 0 0 0 0
1377 15 0 0 15 7 5 0 0 0 0 0 0 0
1378 15 0 0 0 0 0 0 0 0 0 0 0 0
1379 15 0 0 0 0 0 0 0 0 0 0 0 0
1381 15 0 0 0 0 0 0 0 0 0 0 0 0
1382 15 0 0 0 0 0 0 0 0 0 0 0 0
1383 15 1 1 0 0 0 0 0 0 0 0 0 0
1384 15 0 0 0 0 0 0 0 0 0 0 0 0
1385 15 0 0 0 0 0 0 0 0 0 0 0 0
1386 15 0 0 0 0 0 0 0 0 0 0 0 0
1387 15 0 0 0 0 0 0 0 0 15 2 0 0
1388 14 0 0 14 0 0 0 0 0 0 0 0 0
1392 14 0 0 0 0 0 0 0 0 0 0 0 0
1393 14 0 0 0 0 0 0 0 0 0 0 0 0
1394 14 0 0 0 0 0 0 0 0 0 0 0 0
1400 14 0 0 0 0 0 0 0 0 0 0 0 0
1401 14 0 0 0 0 0 0 0 0 0 0 0 0
1402 28 0 0 0 0 0 0 0 0 0 0 0 0
1406 16 2 1 0 0 0 0 0 0 0 0 0 0
1407 16 0 0 0 0 0 0 0 0 16 0 0 0
1410 16 0 0 16 6 5 0 0 0 0 0 0 0
1411 16 0 0 16 6 1 0 0 0 0 0 0 0
1412 16 0 0 0 0 0 0 0 0 0 0 0 0
1414 16 0 0 0 0 0 0 0 0 0 0 0 0
1415 16 0 0 0 0 0 0 0 0 0 0 0 0
1416 16 0 0 0 0 0 0 0 0 0 0 0 0
1420 16 0 0 0 0 0 0 0 0 0 0 0 0
1421 16 0 0 0 0 0 0 0 0 0 0 0 0
1422 16 0 0 0 0 0 0 0 0 0 0 0 0
1423 16 0 0 0 0 0 0 0 0 0 0 0 0
1424 16 0 0 0 0 0 0 0 0 0 0 0 0
1425 16 1 1 0 0 0 0 0 0 16 12 0 0
1432 4 0 0 0 0 0 0 0 0 0 0 0 0
1433 4 0 0 0 0 0 0 0 0 0 0 0 0
1435 4 0 0 0 0 0 0 0 0 0 0 0 0
1436 4 0 0 0 0 0 0 0 0 4 0 0 0
1438 4 0 0 4 0 0 0 0 0 0 0 0 0
1439 4 0 0 4 0 0 0 0 0 0 0 0 0
1440 4 0 0 0 0 0 0 0 0 0 0 0 0
1442 4 0 0 0 0 0 0 0 0 0 0 0 0
1443 4 0 0 0 0 0 0 0 0 0 0 0 0
1444 4 0 0 0 0 0 0 0 0 0 0 0 0
1448 4 0 0 0 0 0 0 0 0 0 0 0 0
1449 4 0 0 0 0 0 0 0 0 0 0 0 0
1450 4 0 0 0 0 0 0 0 0 0 0 0 0
1451 4 0 0 0 0 0 0 0 0 0 0 0 0
1452 4 1 1 0 0 0 0 0 0 0 0 0 0
1453 4 0 0 0 0 0 0 0 0 4 3 0 0
1460 2 0 0 0 0 0 0 0 0 0 0 0 0
1461 2 0 0 0 0 0 0 0 0 0 0 0 0
1462 2 0 0 0 0 0 0 0 0 0 0 0 0
1494 39 1 1 0 0 0 0 0 0 0 0 0 0
1495 39 0 0 39 6 6 0 0 0 0 0 0 0
1496 39 0 0 39 5 3 0 0 0 0 0 0 0
1497 39 0 0 0 0 0 0 0 0 0 0 0 0
1498 39 0 0 0 0 0 0 0 0 0 0 0 0
1500 39 0 0 0 0 0 0 0 0 0 0 0 0
1501 39 0 0 0 0 0 0 0 0 0 0 0 0
1502 39 1 1 0 0 0 0 0 0 0 0 0 0
1503 39 0 0 0 0 0 0 0 0 0 0 0 0
1504 39 0 0 0 0 0 0 0 0 0 0 0 0
1505 39 0 0 0 0 0 0 0 0 0 0 0 0
1506 39 0 0 0 0 0 0 0 0 39 15 0 0
1507 16 0 0 16 0 0 0 0 0 0 0 0 0
1511 16 0 0 0 0 0 0 0 0 0 0 0 0
1512 16 0 0 0 0 0 0 0 0 0 0 0 0
1513 16 0 0 0 0 0 0 0 0 0 0 0 0
1519 16 0 0 0 0 0 0 0 0 0 0 0 0
1520 16 0 0 0 0 0 0 0 0 0 0 0 0
1521 32 0 0 0 0 0 0 0 0 0 0 0 0
1525 19 1 1 0 0 0 0 0 0 0 0 0 0
1526 19 0 0 0 0 0 0 0 0 19 0 0 0
1529 19 0 0 19 4 3 0 0 0 0 0 0 0
1530 19 0 0 19 6 4 0 0 0 0 0 0 0
1531 19 0 0 0 0 0 0 0 0 0 0 0 0
1533 19 0 0 0 0 0 0 0 0 0 0 0 0
1534 19 0 0 0 0 0 0 0 0 0 0 0 0
1535 19 0 0 0 0 0 0 0 0 0 0 0 0
1539 19 0 0 0 0 0 0 0 0 0 0 0 0
1540 19 0 0 0 0 0 0 0 0 0 0 0 0
1541 19 0 0 0 0 0 0 0 0 0 0 0 0
1542 19 0 0 0 0 0 0 0 0 0 0 0 0
1543 19 0 0 0 0 0 0 0 0 0 0 0 0
1544 19 1 1 0 0 0 0 0 0 19 8 0 0
1551 4 0 0 0 0 0 0 0 0 0 0 0 0
1552 4 0 0 0 0 0 0 0 0 0 0 0 0
1554 4 0 0 0 0 0 0 0 0 0 0 0 0
1555 4 0 0 0 0 0 0 0 0 4 0 0 0
1557 4 0 0 4 1 1 0 0 0 0 0 0 0
1558 4 0 0 4 1 1 0 0 0 0 0 0 0
1559 4 0 0 0 0 0 0 0 0 0 0 0 0
1561 4 0 0 0 0 0 0 0 0 0 0 0 0
1562 4 0 0 0 0 0 0 0 0 0 0 0 0
1563 4 0 0 0 0 0 0 0 0 0 0 0 0
1567 4 0 0 0 0 0 0 0 0 0 0 0 0
1568 4 0 0 0 0 0 0 0 0 0 0 0 0
1569 4 0 0 0 0 0 0 0 0 0 0 0 0
1570 4 0 0 0 0 0 0 0 0 0 0 0 0
1571 4 1 1 0 0 0 0 0 0 0 0 0 0
1572 4 0 0 0 0 0 0 0 0 4 0 0 0
1579 3 0 0 0 0 0 0 0 0 0 0 0 0
1580 3 0 0 0 0 0 0 0 0 0 0 0 0
1581 3 0 0 0 0 0 0 0 0 0 0 0 0
1613 35 2 1 0 0 0 0 0 0 0 0 0 0
1614 35 0 0 35 1 1 0 0 0 0 0 0 0
1615 35 0 0 35 2 1 0 0 0 0 0 0 0
1616 35 0 0 0 0 0 0 0 0 0 0 0 0
1617 35 0 0 0 0 0 0 0 0 0 0 0 0
1619 35 0 0 0 0 0 0 0 0 0 0 0 0
1620 35 0 0 0 0 0 0 0 0 0 0 0 0
1621 35 2 1 0 0 0 0 0 0 0 0 0 0
1622 35 0 0 0 0 0 0 0 0 0 0 0 0
1623 35 0 0 0 0 0 0 0 0 0 0 0 0
1624 35 0 0 0 0 0 0 0 0 0 0 0 0
1625 35 0 0 0 0 0 0 0 0 35 15 0 0
1626 7 0 0 7 0 0 0 0 0 0 0 0 0
1630 7 0 0 0 0 0 0 0 0 0 0 0 0
1631 7 0 0 0 0 0 0 0 0 0 0 0 0
1632 7 0 0 0 0 0 0 0 0 0 0 0 0
1638 7 0 0 0 0 0 0 0 0 0 0 0 0
1639 7 0 0 0 0 0 0 0 0 0 0 0 0
1640 14 0 0 0 0 0 0 0 0 0 0 0 0
1644 11 2 1 0 0 0 0 0 0 0 0 0 0
1645 11 0 0 0 0 0 0 0 0 11 0 0 0
1648 11 0 0 11 4 4 0 0 0 0 0 0 0
1649 11 0 0 11 1 0 0 0 0 0 0 0 0
1650 11 0 0 0 0 0 0 0 0 0 0 0 0
1652 11 0 0 0 0 0 0 0 0 0 0 0 0
1653 11 0 0 0 0 0 0 0 0 0 0 0 0
1654 11 0 0 0 0 0 0 0 0 0 0 0 0
1658 11 0 0 0 0 0 0 0 0 0 0 0 0
1659 11 0 0 0 0 0 0 0 0 0 0 0 0
1660 11 0 0 0 0 0 0 0 0 0 0 0 0
1661 11 0 0 0 0 0 0 0 0 0 0 0 0
1662 11 0 0 0 0 0 0 0 0 0 0 0 0
1663 11 2 1 0 0 0 0 0 0 11 3 0 0
1670 6 0 0 0 0 0 0 0 0 0 0 0 0
1671 6 0 0 0 0 0 0 0 0 0 0 0 0
1673 6 0 0 0 0 0 0 0 0 0 0 0 0
1674 6 0 0 0 0 0 0 0 0 6 0 0 0
1676 6 0 0 6 0 0 0 0 0 0 0 0 0
1677 6 0 0 6 1 1 0 0 0 0 0 0 0
1678 6 0 0 0 0 0 0 0 0 0 0 0 0
1680 6 0 0 0 0 0 0 0 0 0 0 0 0
1681 6 0 0 0 0 0 0 0 0 0 0 0 0
1682 6 0 0 0 0 0 0 0 0 0 0 0 0
1686 6 0 0 0 0 0 0 0 0 0 0 0 0
1687 6 0 0 0 0 0 0 0 0 0 0 0 0
1688 6 0 0 0 0 0 0 0 0 0 0 0 0
1689 6 0 0 0 0 0 0 0 0 0 0 0 0
1690 6 1 1 0 0 0 0 0 0 0 0 0 0
1691 6 0 0 0 0 0 0 0 0 6 2 0 0
1698 4 0 0 0 0 0 0 0 0 0 0 0 0
1699 4 0 0 0 0 0 0 0 0 0 0 0 0
1700 4 0 0 0 0 0 0 0 0 0 0 0 0
1732 46 3 1 0 0 0 0 0 0 0 0 0 0
1733 46 0 0 46 6 1 0 0 0 0 0 0 0
1734 46 0 0 46 4 3 0 0 0 0 0 0 0
1735 46 0 0 0 0 0 0 0 0 0 0 0 0
1736 46 0 0 0 0 0 0 0 0 0 0 0 0
1738 46 0 0 0 0 0 0 0 0 0 0 0 0
1739 46 0 0 0 0 0 0 0 0 0 0 0 0
1740 46 3 1 0 0 0 0 0 0 0 0 0 0
1741 46 0 0 0 0 0 0 0 0 0 0 0 0
1742 46 0 0 0 0 0 0 0 0 0 0 0 0
1743 46 0 0 0 0 0 0 0 0 0 0 0 0
1744 46 0 0 0 0 0 0 0 0 46 14 0 0
1745 23 0 0 23 0 0 0 0 0 0 0 0 0
1749 23 0 0 0 0 0 0 0 0 0 0 0 0
1750 23 0 0 0 0 0 0 0 0 0 0 0 0
1751 23 0 0 0 0 0 0 0 0 0 0 0 0
1757 23 0 0 0 0 0 0 0 0 0 0 0 0
1758 23 0 0 0 0 0 0 0 0 0 0 0 0
1759 46 0 0 0 0 0 0 0 0 0 0 0 0
1763 23 3 1 0 0 0 0 0 0 0 0 0 0
1764 23 0 0 0 0 0 0 0 0 23 0 0 0
1767 23 0 0 23 3 2 0 0 0 0 0 0 0
1768 23 0 0 23 7 4 0 0 0 0 0 0 0
1769 23 0 0 0 0 0 0 0 0 0 0 0 0
1771 23 0 0 0 0 0 0 0 0 0 0 0 0
1772 23 0 0 0 0 0 0 0 0 0 0 0 0
1773 23 0 0 0 0 0 0 0 0 0 0 0 0
1777 23 0 0 0 0 0 0 0 0 0 0 0 0
1778 23 0 0 0 0 0 0 0 0 0 0 0 0
1779 23 0 0 0 0 0 0 0 0 0 0 0 0
1780 23 0 0 0 0 0 0 0 0 0 0 0 0
1781 23 0 0 0 0 0 0 0 0 0 0 0 0
1782 23 3 1 0 0 0 0 0 0 23 13 0 0
1789 2 0 0 0 0 0 0 0 0 0 0 0 0
1790 2 0 0 0 0 0 0 0 0 0 0 0 0
1792 2 0 0 0 0 0 0 0 0 0 0 0 0
1793 2 0 0 0 0 0 0 0 0 2 0 0 0
1795 2 0 0 2 0 0 0 0 0 0 0 0 0
1796 2 0 0 2 0 0 0 0 0 0 0 0 0
1797 2 0 0 0 0 0 0 0 0 0 0 0 0
1799 2 0 0 0 0 0 0 0 0 0 0 0 0
1800 2 0 0 0 0 0 0 0 0 0 0 0 0
1801 2 0 0 0 0 0 0 0 0 0 0 0 0
1805 2 0 0 0 0 0 0 0 0 0 0 0 0
1806 2 0 0 0 0 0 0 0 0 0 0 0 0
1807 2 0 0 0 0 0 0 0 0 0 0 0 0
1808 2 0 0 0 0 0 0 0 0 0 0 0 0
1809 2 1 1 0 0 0 0 0 0 0 0 0 0
1810 2 0 0 0 0 0 0 0 0 2 1 0 0
1851 23 3 1 0 0 0 0 0 0 0 0 0 0
1852 23 0 0 23 3 0 0 0 0 0 0 0 0
1853 23 0 0 23 5 4 0 0 0 0 0 0 0
1854 23 0 0 0 0 0 0 0 0 0 0 0 0
1855 23 0 0 0 0 0 0 0 0 0 0 0 0
1857 23 0 0 0 0 0 0 0 0 0 0 0 0
1858 23 0 0 0 0 0 0 0 0 0 0 0 0
1859 23 2 1 0 0 0 0 0 0 0 0 0 0
1860 23 0 0 0 0 0 0 0 0 0 0 0 0
1861 23 0 0 0 0 0 0 0 0 0 0 0 0
1862 23 0 0 0 0 0 0 0 0 0 0 0 0
1863 23 0 0 0 0 0 0 0 0 23 12 0 0
1864 16 0 0 16 0 0 0 0 0 0 0 0 0
1868 16 0 0 0 0 0 0 0 0 0 0 0 0
1869 16 0 0 0 0 0 0 0 0 0 0 0 0
1870 16 0 0 0 0 0 0 0 0 0 0 0 0
1876 16 0 0 0 0 0 0 0 0 0 0 0 0
1877 16 0 0 0 0 0 0 0 0 0 0 0 0
1878 32 0 0 0 0 0 0 0 0 0 0 0 0
1882 18 2 1 0 0 0 0 0 0 0 0 0 0
1883 18 0 0 0 0 0 0 0 0 18 0 0 0
1886 18 0 0 18 4 4 0 0 0 0 0 0 0
1887 18 0 0 18 3 1 0 0 0 0 0 0 0
1888 18 0 0 0 0 0 0 0 0 0 0 0 0
1890 18 0 0 0 0 0 0 0 0 0 0 0 0
1891 18 0 0 0 0 0 0 0 0 0 0 0 0
1892 18 0 0 0 0 0 0 0 0 0 0 0 0
1896 18 0 0 0 0 0 0 0 0 0 0 0 0
1897 18 0 0 0 0 0 0 0 0 0 0 0 0
1898 18 0 0 0 0 0 0 0 0 0 0 0 0
1899 18 0 0 0 0 0 0 0 0 0 0 0 0
1900 18 0 0 0 0 0 0 0 0 0 0 0 0
1901 18 2 1 0 0 0 0 0 0 18 11 0 0
1908 6 0 0 0 0 0 0 0 0 0 0 0 0
1909 6 0 0 0 0 0 0 0 0 0 0 0 0
1911 6 0 0 0 0 0 0 0 0 0 0 0 0
1912 6 0 0 0 0 0 0 0 0 6 0 0 0
1914 6 0 0 6 0 0 0 0 0 0 0 0 0
1915 6 0 0 6 0 0 0 0 0 0 0 0 0
1916 6 0 0 0 0 0 0 0 0 0 0 0 0
1918 6 0 0 0 0 0 0 0 0 0 0 0 0
1919 6 0 0 0 0 0 0 0 0 0 0 0 0
1920 6 0 0 0 0 0 0 0 0 0 0 0 0
1924 6 0 0 0 0 0 0 0 0 0 0 0 0
1925 6 0 0 0 0 0 0 0 0 0 0 0 0
1926 6 0 0 0 0 0 0 0 0 0 0 0 0
1927 6 0 0 0 0 0 0 0 0 0 0 0 0
1928 6 1 1 0 0 0 0 0 0 0 0 0 0
1929 6 0 0 0 0 0 0 0 0 6 5 0 0
1936 2 0 0 0 0 0 0 0 0 0 0 0 0
1937 2 0 0 0 0 0 0 0 0 0 0 0 0
1938 2 0 0 0 0 0 0 0 0 0 0 0 0
1970 29 2 1 0 0 0 0 0 0 0 0 0 0
1971 29 0 0 29 5 3 0 0 0 0 0 0 0
1972 29 0 0 29 3 2 0 0 0 0 0 0 0
1973 29 0 0 0 0 0 0 0 0 0 0 0 0
1974 29 0 0 0 0 0 0 0 0 0 0 0 0
1976 29 0 0 0 0 0 0 0 0 0 0 0 0
1977 29 0 0 0 0 0 0 0 0 0 0 0 0
1978 29 2 1 0 0 0 0 0 0 0 0 0 0
1979 29 0 0 0 0 0 0 0 0 0 0 0 0
1980 29 0 0 0 0 0 0 0 0 0 0 0 0
1981 29 0 0 0 0 0 0 0 0 0 0 0 0
1982 29 0 0 0 0 0 0 0 0 29 9 0 0
1984 9 0 0 9 0 0 0 0 0 0 0 0 0
1988 9 0 0 0 0 0 0 0 0 0 0 0 0
1989 9 0 0 0 0 0 0 0 0 0 0 0 0
1990 9 0 0 0 0 0 0 0 0 0 0 0 0
1996 9 0 0 0 0 0 0 0 0 0 0 0 0
1997 9 0 0 0 0 0 0 0 0 0 0 0 0
1999 18 0 0 0 0 0 0 0 0 0 0 0 0
2003 12 2 1 0 0 0 0 0 0 0 0 0 0
2004 12 0 0 0 0 0 0 0 0 12 0 0 0
2007 12 0 0 12 0 0 0 0 0 0 0 0 0
2008 12 0 0 12 4 3 0 0 0 0 0 0 0
2009 12 0 0 0 0 0 0 0 0 0 0 0 0
2011 12 0 0 0 0 0 0 0 0 0 0 0 0
2012 12 0 0 0 0 0 0 0 0 0 0 0 0
2013 12 0 0 0 0 0 0 0 0 0 0 0 0
2017 12 0 0 0 0 0 0 0 0 0 0 0 0
2018 12 0 0 0 0 0 0 0 0 0 0 0 0
2019 12 0 0 0 0 0 0 0 0 0 0 0 0
2020 12 0 0 0 0 0 0 0 0 0 0 0 0
2021 12 0 0 0 0 0 0 0 0 0 0 0 0
2022 12 2 1 0 0 0 0 0 0 12 8 0 0
2029 6 0 0 0 0 0 0 0 0 0 0 0 0
2030 6 0 0 0 0 0 0 0 0 0 0 0 0
2032 6 0 0 0 0 0 0 0 0 0 0 0 0
2033 6 0 0 0 0 0 0 0 0 6 0 0 0
2035 6 0 0 6 1 0 0 0 0 0 0 0 0
2036 6 0 0 6 2 2 0 0 0 0 0 0 0
2037 6 0 0 0 0 0 0 0 0 0 0 0 0
2039 6 0 0 0 0 0 0 0 0 0 0 0 0
2040 6 0 0 0 0 0 0 0 0 0 0 0 0
2041 6 0 0 0 0 0 0 0 0 0 0 0 0
2045 6 0 0 0 0 0 0 0 0 0 0 0 0
2046 6 0 0 0 0 0 0 0 0 0 0 0 0
2047 6 0 0 0 0 0 0 0 0 0 0 0 0
2048 6 0 0 0 0 0 0 0 0 0 0 0 0
2049 6 1 1 0 0 0 0 0 0 0 0 0 0
2050 6 0 0 0 0 0 0 0 0 6 3 0 0
2057 3 0 0 0 0 0 0 0 0 0 0 0 0
2058 3 0 0 0 0 0 0 0 0 0 0 0 0
2059 3 0 0 0 0 0 0 0 0 0 0 0 0
2093 203 6 0 0 0 0 0 0 0 0 0 0 0
2095 346 1 1 0 0 0 0 0 0 0 0 0 0
2096 346 0 0 0 0 0 0 0 0 0 0 0 0
2097 346 0 0 0 0 0 0 0 0 0 0 0 0
2098 346 0 0 0 0 0 0 0 0 346 48 0 0
2099 276 0 0 0 0 0 0 0 0 0 0 0 0
2104 2495 6 1 0 0 0 0 0 0 0 0 0 0
2110 2495 0 0 2495 0 0 0 0 0 0 0 0 0
2111 2495 0 0 2495 0 0 0 0 0 0 0 0 0
2119 2495 0 0 0 0 0 0 0 0 0 0 0 0
2120 2495 0 0 2495 0 0 0 0 0 0 0 0 0
fn=strncmp
98 1 1 1 0 0 0 0 0 0 0 0 0 0
125 1 0 0 0 0 0 0 0 0 0 0 0 0
126 1 0 0 0 0 0 0 0 0 1 0 0 0
127 1 0 0 0 0 0 0 0 0 0 0 0 0
128 1 0 0 0 0 0 0 0 0 1 0 0 0
129 1 0 0 0 0 0 0 0 0 0 0 0 0
131 1 0 0 0 0 0 0 0 0 0 0 0 0
132 1 0 0 0 0 0 0 0 0 0 0 0 0
134 1 1 1 0 0 0 0 0 0 0 0 0 0
135 1 0 0 0 0 0 0 0 0 0 0 0 0
156 1 0 0 0 0 0 0 0 0 0 0 0 0
157 1 0 0 0 0 0 0 0 0 0 0 0 0
158 1 0 0 0 0 0 0 0 0 0 0 0 0
159 1 0 0 0 0 0 0 0 0 1 0 0 0
160 1 0 0 1 0 0 0 0 0 0 0 0 0
161 1 0 0 1 0 0 0 0 0 0 0 0 0
162 1 0 0 1 0 0 0 0 0 0 0 0 0
163 1 0 0 1 0 0 0 0 0 0 0 0 0
180 1 0 0 0 0 0 0 0 0 0 0 0 0
181 1 0 0 0 0 0 0 0 0 0 0 0 0
182 1 0 0 0 0 0 0 0 0 0 0 0 0
183 1 0 0 0 0 0 0 0 0 0 0 0 0
184 1 0 0 0 0 0 0 0 0 0 0 0 0
185 1 0 0 0 0 0 0 0 0 0 0 0 0
186 1 1 1 0 0 0 0 0 0 1 1 0 0
2104 1 1 1 0 0 0 0 0 0 0 0 0 0
2107 1 0 0 0 0 0 0 0 0 0 0 0 0
2108 1 0 0 0 0 0 0 0 0 1 0 0 0
2110 1 0 0 1 0 0 0 0 0 0 0 0 0
2111 1 0 0 1 0 0 0 0 0 0 0 0 0
2119 1 0 0 0 0 0 0 0 0 0 0 0 0
2120 1 0 0 1 0 0 0 0 0 0 0 0 0
fl=./string/../sysdeps/x86_64/multiarch/../multiarch/strlen-sse2.S
fn=strlen
57 30 1 1 0 0 0 0 0 0 0 0 0 0
101 30 0 0 0 0 0 0 0 0 0 0 0 0
102 30 0 0 0 0 0 0 0 0 0 0 0 0
103 30 0 0 0 0 0 0 0 0 0 0 0 0
104 30 0 0 0 0 0 0 0 0 0 0 0 0
105 30 0 0 0 0 0 0 0 0 0 0 0 0
106 30 0 0 0 0 0 0 0 0 0 0 0 0
107 30 0 0 0 0 0 0 0 0 0 0 0 0
109 30 0 0 0 0 0 0 0 0 0 0 0 0
111 30 0 0 0 0 0 0 0 0 30 1 0 0
142 29 0 0 29 3 3 0 0 0 0 0 0 0
143 29 0 0 0 0 0 0 0 0 0 0 0 0
144 29 0 0 0 0 0 0 0 0 0 0 0 0
145 29 0 0 0 0 0 0 0 0 0 0 0 0
146 29 0 0 0 0 0 0 0 0 29 9 0 0
147 15 0 0 0 0 0 0 0 0 0 0 0 0
149 15 0 0 15 0 0 0 0 0 0 0 0 0
153 14 1 1 0 0 0 0 0 0 0 0 0 0
154 14 0 0 14 0 0 0 0 0 0 0 0 0
155 14 0 0 14 0 0 0 0 0 0 0 0 0
156 14 0 0 14 0 0 0 0 0 0 0 0 0
157 14 0 0 0 0 0 0 0 0 0 0 0 0
158 14 0 0 0 0 0 0 0 0 0 0 0 0
159 14 0 0 0 0 0 0 0 0 0 0 0 0
160 14 0 0 0 0 0 0 0 0 0 0 0 0
161 14 0 0 0 0 0 0 0 0 0 0 0 0
162 14 0 0 0 0 0 0 0 0 0 0 0 0
163 14 0 0 0 0 0 0 0 0 0 0 0 0
164 14 0 0 0 0 0 0 0 0 0 0 0 0
169 112 1 1 14 0 0 0 0 0 14 0 0 0
173 1 0 0 0 0 0 0 0 0 0 0 0 0
174 14 1 1 4 0 0 0 0 0 0 0 0 0
175 8 0 0 1 0 0 0 0 0 1 0 0 0
fl=./string/../sysdeps/x86_64/multiarch/ifunc-avx2.h
fn=memrchr
38 4 0 0 0 0 0 0 0 0 1 1 0 0
40 3 0 0 2 0 0 0 0 0 0 0 0 0
41 2 0 0 1 0 0 0 0 0 1 1 0 0
42 3 1 1 1 0 0 0 0 0 1 0 0 0
45 2 0 0 0 0 0 0 0 0 0 0 0 0
46 2 0 0 0 0 0 0 0 0 1 1 0 0
49 3 0 0 0 0 0 0 0 0 1 0 0 0
52 6 0 0 0 0 0 0 0 0 0 0 0 0
fn=rindex
38 4 0 0 0 0 0 0 0 0 1 1 0 0
40 3 0 0 2 0 0 0 0 0 0 0 0 0
41 2 1 1 1 0 0 0 0 0 1 0 0 0
42 3 0 0 1 0 0 0 0 0 1 0 0 0
45 2 0 0 0 0 0 0 0 0 0 0 0 0
46 2 0 0 0 0 0 0 0 0 1 1 0 0
49 3 0 0 0 0 0 0 0 0 1 0 0 0
52 6 1 1 0 0 0 0 0 0 0 0 0 0
fn=strchrnul
38 4 0 0 0 0 0 0 0 0 1 1 0 0
40 3 0 0 2 0 0 0 0 0 0 0 0 0
41 2 1 1 1 0 0 0 0 0 1 0 0 0
42 3 0 0 1 0 0 0 0 0 1 0 0 0
45 2 0 0 0 0 0 0 0 0 0 0 0 0
46 2 0 0 0 0 0 0 0 0 1 0 0 0
49 3 0 0 0 0 0 0 0 0 1 0 0 0
52 6 0 0 0 0 0 0 0 0 0 0 0 0
fn=strlen
38 12 0 0 0 0 0 0 0 0 3 2 0 0
40 9 0 0 6 2 0 0 0 0 0 0 0 0
41 6 0 0 3 0 0 0 0 0 3 1 0 0
42 9 2 1 3 1 0 0 0 0 3 0 0 0
45 6 0 0 0 0 0 0 0 0 0 0 0 0
46 6 0 0 0 0 0 0 0 0 3 3 0 0
49 9 0 0 0 0 0 0 0 0 3 0 0 0
52 18 0 0 0 0 0 0 0 0 0 0 0 0
fn=strnlen
38 8 0 0 0 0 0 0 0 0 2 2 0 0
40 6 0 0 4 0 0 0 0 0 0 0 0 0
41 4 1 1 2 0 0 0 0 0 2 0 0 0
42 6 0 0 2 0 0 0 0 0 2 0 0 0
45 4 0 0 0 0 0 0 0 0 0 0 0 0
46 4 0 0 0 0 0 0 0 0 2 2 0 0
49 6 0 0 0 0 0 0 0 0 2 0 0 0
52 12 1 1 0 0 0 0 0 0 0 0 0 0
fl=./string/../sysdeps/x86_64/multiarch/ifunc-evex.h
fn=memchr
37 12 0 0 0 0 0 0 0 0 3 3 0 0
38 9 2 1 6 0 0 0 0 0 0 0 0 0
39 9 0 0 3 0 0 0 0 0 3 0 0 0
42 6 0 0 0 0 0 0 0 0 0 0 0 0
43 6 0 0 0 0 0 0 0 0 3 2 0 0
45 6 0 0 0 0 0 0 0 0 0 0 0 0
51 9 0 0 0 0 0 0 0 0 3 1 0 0
54 12 0 0 0 0 0 0 0 0 0 0 0 0
fl=./string/../sysdeps/x86_64/multiarch/ifunc-memcmp.h
fn=bcmp
34 15 2 1 6 1 0 0 0 0 3 0 0 0
35 6 0 0 3 2 0 0 0 0 3 0 0 0
36 6 0 0 0 0 0 0 0 0 3 0 0 0
37 9 0 0 3 0 0 0 0 0 3 0 0 0
40 6 0 0 0 0 0 0 0 0 0 0 0 0
41 6 0 0 0 0 0 0 0 0 3 2 0 0
44 9 0 0 0 0 0 0 0 0 3 0 0 0
47 12 0 0 0 0 0 0 0 0 0 0 0 0
fl=./string/../sysdeps/x86_64/multiarch/ifunc-memmove.h
fn=memcpy@@GLIBC_2.14
56 6 0 0 0 0 0 0 0 0 3 0 0 0
57 9 0 0 6 0 0 0 0 0 0 0 0 0
60 9 2 1 3 0 0 0 0 0 0 0 0 0
61 6 2 1 0 0 0 0 0 0 3 3 0 0
74 6 0 0 0 0 0 0 0 0 3 0 0 0
77 6 0 0 0 0 0 0 0 0 3 0 0 0
85 6 0 0 0 0 0 0 0 0 3 3 0 0
93 6 0 0 0 0 0 0 0 0 3 3 0 0
96 15 2 1 3 0 0 0 0 0 0 0 0 0
fn=memmove
56 4 0 0 0 0 0 0 0 0 2 0 0 0
57 6 0 0 4 0 0 0 0 0 0 0 0 0
60 6 0 0 2 0 0 0 0 0 0 0 0 0
61 4 1 1 0 0 0 0 0 0 2 2 0 0
74 4 0 0 0 0 0 0 0 0 2 0 0 0
77 4 0 0 0 0 0 0 0 0 2 0 0 0
85 4 0 0 0 0 0 0 0 0 2 2 0 0
93 4 1 1 0 0 0 0 0 0 2 2 0 0
96 10 2 2 2 0 0 0 0 0 0 0 0 0
fn=mempcpy
56 2 0 0 0 0 0 0 0 0 1 0 0 0
57 3 0 0 2 0 0 0 0 0 0 0 0 0
60 3 1 1 1 0 0 0 0 0 0 0 0 0
61 2 1 1 0 0 0 0 0 0 1 1 0 0
74 2 0 0 0 0 0 0 0 0 1 0 0 0
77 2 0 0 0 0 0 0 0 0 1 0 0 0
85 2 0 0 0 0 0 0 0 0 1 1 0 0
93 2 0 0 0 0 0 0 0 0 1 1 0 0
96 5 1 1 1 0 0 0 0 0 0 0 0 0
fl=./string/../sysdeps/x86_64/multiarch/ifunc-memset.h
fn=memset
54 10 0 0 4 0 0 0 0 0 2 0 0 0
57 6 0 0 2 0 0 0 0 0 0 0 0 0
58 4 2 1 0 0 0 0 0 0 2 2 0 0
64 4 1 1 0 0 0 0 0 0 0 0 0 0
73 4 0 0 0 0 0 0 0 0 2 0 0 0
75 4 0 0 0 0 0 0 0 0 2 0 0 0
85 4 0 0 0 0 0 0 0 0 2 0 0 0
93 4 0 0 0 0 0 0 0 0 2 0 0 0
96 10 0 0 2 0 0 0 0 0 0 0 0 0
fl=./string/../sysdeps/x86_64/multiarch/ifunc-sse4_2.h
fn=strcspn
36 5 0 0 2 0 0 0 0 0 0 0 0 0
fn=strpbrk
36 5 1 1 2 1 0 0 0 0 0 0 0 0
fn=strspn
36 5 1 1 2 0 0 0 0 0 0 0 0 0
fl=./string/../sysdeps/x86_64/multiarch/ifunc-strcasecmp.h
fn=strcasecmp
36 4 0 0 0 0 0 0 0 0 1 1 0 0
37 2 0 0 2 0 0 0 0 0 0 0 0 0
38 3 1 1 1 0 0 0 0 0 1 0 0 0
41 2 0 0 0 0 0 0 0 0 0 0 0 0
42 2 0 0 0 0 0 0 0 0 1 1 0 0
45 3 0 0 0 0 0 0 0 0 1 0 0 0
48 5 1 1 0 0 0 0 0 0 1 0 0 0
fn=strcasecmp_l
36 4 0 0 0 0 0 0 0 0 1 1 0 0
37 2 1 1 2 0 0 0 0 0 0 0 0 0
38 3 1 1 1 0 0 0 0 0 1 0 0 0
41 2 0 0 0 0 0 0 0 0 0 0 0 0
42 2 0 0 0 0 0 0 0 0 1 1 0 0
45 3 0 0 0 0 0 0 0 0 1 0 0 0
48 5 0 0 0 0 0 0 0 0 1 0 0 0
fn=strncasecmp
36 4 0 0 0 0 0 0 0 0 1 1 0 0
37 2 0 0 2 0 0 0 0 0 0 0 0 0
38 3 1 1 1 0 0 0 0 0 1 0 0 0
41 2 0 0 0 0 0 0 0 0 0 0 0 0
42 2 0 0 0 0 0 0 0 0 1 1 0 0
45 3 0 0 0 0 0 0 0 0 1 0 0 0
48 5 0 0 0 0 0 0 0 0 1 0 0 0
fn=strncasecmp_l
36 4 0 0 0 0 0 0 0 0 1 1 0 0
37 2 1 1 2 0 0 0 0 0 0 0 0 0
38 3 1 1 1 0 0 0 0 0 1 0 0 0
41 2 0 0 0 0 0 0 0 0 0 0 0 0
42 2 0 0 0 0 0 0 0 0 1 1 0 0
45 3 0 0 0 0 0 0 0 0 1 0 0 0
48 5 0 0 0 0 0 0 0 0 1 0 0 0
fl=./string/../sysdeps/x86_64/multiarch/ifunc-strcpy.h
fn=stpcpy
38 4 0 0 2 0 0 0 0 0 0 0 0 0
39 3 0 0 1 0 0 0 0 0 1 0 0 0
42 2 0 0 0 0 0 0 0 0 0 0 0 0
43 2 0 0 0 0 0 0 0 0 1 1 0 0
46 3 0 0 0 0 0 0 0 0 1 0 0 0
49 3 0 0 0 0 0 0 0 0 1 1 0 0
fn=strcat
38 4 0 0 2 0 0 0 0 0 0 0 0 0
39 3 1 1 1 0 0 0 0 0 1 0 0 0
42 2 0 0 0 0 0 0 0 0 0 0 0 0
43 2 0 0 0 0 0 0 0 0 1 1 0 0
46 3 0 0 0 0 0 0 0 0 1 0 0 0
49 3 0 0 0 0 0 0 0 0 1 1 0 0
fn=strcpy
38 4 0 0 2 0 0 0 0 0 0 0 0 0
39 3 1 1 1 0 0 0 0 0 1 0 0 0
42 2 0 0 0 0 0 0 0 0 0 0 0 0
43 2 0 0 0 0 0 0 0 0 1 1 0 0
46 3 0 0 0 0 0 0 0 0 1 0 0 0
49 3 0 0 0 0 0 0 0 0 1 1 0 0
fl=./string/../sysdeps/x86_64/multiarch/ifunc-strncpy.h
fn=stpncpy
35 5 1 1 2 0 0 0 0 0 1 0 0 0
36 3 0 0 1 0 0 0 0 0 1 0 0 0
39 2 0 0 0 0 0 0 0 0 0 0 0 0
40 2 0 0 0 0 0 0 0 0 1 1 0 0
43 3 0 0 0 0 0 0 0 0 1 0 0 0
46 4 0 0 0 0 0 0 0 0 0 0 0 0
fn=strncpy
35 5 0 0 2 0 0 0 0 0 1 0 0 0
36 3 0 0 1 0 0 0 0 0 1 1 0 0
39 2 0 0 0 0 0 0 0 0 0 0 0 0
40 2 0 0 0 0 0 0 0 0 1 1 0 0
43 3 0 0 0 0 0 0 0 0 1 0 0 0
46 4 0 0 0 0 0 0 0 0 0 0 0 0
fl=./string/../sysdeps/x86_64/multiarch/memchr-avx2.S
fn=__memchr_avx2
61 427 1 1 0 0 0 0 0 0 0 0 0 0
68 427 0 0 0 0 0 0 0 0 0 0 0 0
70 427 0 0 0 0 0 0 0 0 427 0 0 0
73 427 0 0 0 0 0 0 0 0 0 0 0 0
74 427 0 0 0 0 0 0 0 0 0 0 0 0
76 427 0 0 0 0 0 0 0 0 0 0 0 0
77 427 0 0 0 0 0 0 0 0 0 0 0 0
78 427 0 0 0 0 0 0 0 0 0 0 0 0
79 427 0 0 0 0 0 0 0 0 427 0 0 0
82 427 0 0 427 24 24 0 0 0 0 0 0 0
83 427 0 0 0 0 0 0 0 0 0 0 0 0
86 427 0 0 0 0 0 0 0 0 0 0 0 0
87 427 0 0 0 0 0 0 0 0 427 116 0 0
89 287 0 0 0 0 0 0 0 0 0 0 0 0
90 287 0 0 0 0 0 0 0 0 287 5 0 0
91 240 0 0 0 0 0 0 0 0 0 0 0 0
92 240 0 0 0 0 0 0 0 0 0 0 0 0
94 480 0 0 240 0 0 0 0 0 0 0 0 0
101 140 1 1 0 0 0 0 0 0 0 0 0 0
106 140 0 0 0 0 0 0 0 0 0 0 0 0
113 140 0 0 0 0 0 0 0 0 0 0 0 0
114 140 0 0 0 0 0 0 0 0 140 55 0 0
115 78 0 0 0 0 0 0 0 0 0 0 0 0
116 78 0 0 78 0 0 0 0 0 0 0 0 0
121 3 0 0 0 0 0 0 0 0 0 0 0 0
122 3 0 0 0 0 0 0 0 0 0 0 0 0
123 3 0 0 0 0 0 0 0 0 0 0 0 0
124 6 0 0 3 0 0 0 0 0 0 0 0 0
128 62 0 0 0 0 0 0 0 0 0 0 0 0
129 62 0 0 62 0 0 0 0 0 0 0 0 0
133 17 0 0 0 0 0 0 0 0 0 0 0 0
134 17 0 0 0 0 0 0 0 0 0 0 0 0
135 17 0 0 0 0 0 0 0 0 0 0 0 0
136 34 0 0 17 0 0 0 0 0 0 0 0 0
140 11 0 0 0 0 0 0 0 0 0 0 0 0
141 11 0 0 0 0 0 0 0 0 0 0 0 0
142 11 0 0 0 0 0 0 0 0 0 0 0 0
143 22 0 0 11 0 0 0 0 0 0 0 0 0
148 6 0 0 0 0 0 0 0 0 0 0 0 0
149 6 0 0 0 0 0 0 0 0 0 0 0 0
150 6 0 0 0 0 0 0 0 0 0 0 0 0
151 12 0 0 6 0 0 0 0 0 0 0 0 0
161 47 2 1 0 0 0 0 0 0 0 0 0 0
162 47 0 0 0 0 0 0 0 0 0 0 0 0
163 47 0 0 0 0 0 0 0 0 0 0 0 0
165 47 0 0 0 0 0 0 0 0 0 0 0 0
175 47 0 0 47 0 0 0 0 0 0 0 0 0
176 47 0 0 0 0 0 0 0 0 0 0 0 0
179 47 0 0 0 0 0 0 0 0 0 0 0 0
180 47 0 0 0 0 0 0 0 0 47 2 0 0
182 45 0 0 0 0 0 0 0 0 0 0 0 0
183 45 0 0 0 0 0 0 0 0 45 3 0 0
185 42 0 0 42 21 21 0 0 0 0 0 0 0
186 42 0 0 0 0 0 0 0 0 0 0 0 0
187 42 0 0 0 0 0 0 0 0 0 0 0 0
188 42 3 1 0 0 0 0 0 0 42 25 0 0
190 25 0 0 25 11 11 0 0 0 0 0 0 0
191 25 0 0 0 0 0 0 0 0 0 0 0 0
192 25 0 0 0 0 0 0 0 0 0 0 0 0
193 25 0 0 0 0 0 0 0 0 25 13 0 0
195 14 0 0 14 8 8 0 0 0 0 0 0 0
196 14 0 0 0 0 0 0 0 0 0 0 0 0
197 14 0 0 0 0 0 0 0 0 0 0 0 0
198 14 0 0 0 0 0 0 0 0 14 6 0 0
202 8 0 0 0 0 0 0 0 0 0 0 0 0
203 8 0 0 0 0 0 0 0 0 8 0 0 0
206 8 0 0 0 0 0 0 0 0 0 0 0 0
207 8 0 0 0 0 0 0 0 0 0 0 0 0
208 8 0 0 0 0 0 0 0 0 0 0 0 0
209 8 0 0 0 0 0 0 0 0 0 0 0 0
214 16 0 0 0 0 0 0 0 0 0 0 0 0
224 8 6 1 8 1 1 0 0 0 0 0 0 0
225 8 0 0 8 0 0 0 0 0 0 0 0 0
226 8 0 0 8 4 4 0 0 0 0 0 0 0
227 8 0 0 8 0 0 0 0 0 0 0 0 0
228 8 0 0 0 0 0 0 0 0 0 0 0 0
229 8 0 0 0 0 0 0 0 0 0 0 0 0
230 8 0 0 0 0 0 0 0 0 0 0 0 0
232 8 0 0 0 0 0 0 0 0 0 0 0 0
238 8 0 0 0 0 0 0 0 0 0 0 0 0
239 8 0 0 0 0 0 0 0 0 8 2 0 0
257 2 2 0 0 0 0 0 0 0 0 0 0 0
258 2 0 0 0 0 0 0 0 0 2 1 0 0
261 1 0 0 0 0 0 0 0 0 0 0 0 0
262 1 0 0 0 0 0 0 0 0 1 1 0 0
286 8 7 1 0 0 0 0 0 0 0 0 0 0
287 8 0 0 0 0 0 0 0 0 0 0 0 0
288 8 0 0 0 0 0 0 0 0 8 1 0 0
290 7 0 0 0 0 0 0 0 0 0 0 0 0
291 7 0 0 0 0 0 0 0 0 0 0 0 0
292 7 0 0 0 0 0 0 0 0 7 1 0 0
294 6 5 1 0 0 0 0 0 0 0 0 0 0
296 6 0 0 0 0 0 0 0 0 0 0 0 0
297 6 0 0 0 0 0 0 0 0 0 0 0 0
298 6 0 0 0 0 0 0 0 0 0 0 0 0
302 6 0 0 0 0 0 0 0 0 0 0 0 0
304 6 0 0 0 0 0 0 0 0 0 0 0 0
305 12 0 0 6 0 0 0 0 0 0 0 0 0
310 1 1 0 0 0 0 0 0 0 0 0 0 0
312 1 0 0 0 0 0 0 0 0 0 0 0 0
314 1 0 0 0 0 0 0 0 0 0 0 0 0
315 1 0 0 0 0 0 0 0 0 1 0 0 0
316 1 0 0 0 0 0 0 0 0 0 0 0 0
317 1 0 0 0 0 0 0 0 0 0 0 0 0
318 2 0 0 1 0 0 0 0 0 0 0 0 0
327 1 1 0 0 0 0 0 0 0 0 0 0 0
331 1 0 0 0 0 0 0 0 0 0 0 0 0
333 1 0 0 0 0 0 0 0 0 0 0 0 0
334 2 0 0 1 0 0 0 0 0 0 0 0 0
338 1 1 1 0 0 0 0 0 0 0 0 0 0
342 1 0 0 0 0 0 0 0 0 0 0 0 0
344 1 0 0 0 0 0 0 0 0 0 0 0 0
345 2 0 0 1 0 0 0 0 0 0 0 0 0
366 1 1 1 1 0 0 0 0 0 0 0 0 0
367 1 0 0 0 0 0 0 0 0 0 0 0 0
368 1 0 0 0 0 0 0 0 0 0 0 0 0
369 1 0 0 0 0 0 0 0 0 1 0 0 0
371 1 0 0 1 1 1 0 0 0 0 0 0 0
372 1 0 0 0 0 0 0 0 0 0 0 0 0
375 1 0 0 0 0 0 0 0 0 0 0 0 0
376 1 0 0 0 0 0 0 0 0 0 0 0 0
379 1 0 0 0 0 0 0 0 0 0 0 0 0
380 1 0 0 0 0 0 0 0 0 1 0 0 0
384 1 0 0 0 0 0 0 0 0 0 0 0 0
385 1 0 0 0 0 0 0 0 0 1 0 0 0
387 1 0 0 1 0 0 0 0 0 0 0 0 0
388 1 0 0 0 0 0 0 0 0 0 0 0 0
390 1 0 0 0 0 0 0 0 0 0 0 0 0
391 1 0 0 0 0 0 0 0 0 0 0 0 0
392 1 0 0 0 0 0 0 0 0 1 0 0 0
393 1 0 0 0 0 0 0 0 0 0 0 0 0
394 1 1 1 0 0 0 0 0 0 0 0 0 0
395 1 0 0 0 0 0 0 0 0 0 0 0 0
397 2 0 0 1 0 0 0 0 0 0 0 0 0
fl=./string/../sysdeps/x86_64/multiarch/memchr.c
fn=memchr
29 6 2 1 3 0 0 0 0 0 0 0 0 0
fl=./string/../sysdeps/x86_64/multiarch/memcmp-avx2-movbe.S
fn=__memcmp_avx2_movbe
73 259 6 1 0 0 0 0 0 0 0 0 0 0
80 259 0 0 0 0 0 0 0 0 0 0 0 0
81 259 0 0 0 0 0 0 0 0 259 14 0 0
84 1 0 0 1 0 0 0 0 0 0 0 0 0
85 1 0 0 1 0 0 0 0 0 0 0 0 0
86 1 0 0 0 0 0 0 0 0 0 0 0 0
90 1 0 0 0 0 0 0 0 0 0 0 0 0
91 1 1 1 0 0 0 0 0 0 1 1 0 0
93 1 0 0 0 0 0 0 0 0 0 0 0 0
94 1 0 0 0 0 0 0 0 0 1 0 0 0
97 1 0 0 1 0 0 0 0 0 0 0 0 0
98 1 0 0 1 0 0 0 0 0 0 0 0 0
99 1 0 0 0 0 0 0 0 0 0 0 0 0
102 1 0 0 0 0 0 0 0 0 0 0 0 0
103 1 0 0 0 0 0 0 0 0 1 0 0 0
106 1 0 0 0 0 0 0 0 0 0 0 0 0
107 1 0 0 0 0 0 0 0 0 1 0 0 0
110 1 0 0 1 0 0 0 0 0 0 0 0 0
111 1 0 0 1 0 0 0 0 0 0 0 0 0
112 1 0 0 0 0 0 0 0 0 0 0 0 0
113 1 0 0 0 0 0 0 0 0 0 0 0 0
114 1 1 1 0 0 0 0 0 0 1 0 0 0
115 1 0 0 1 0 0 0 0 0 0 0 0 0
116 1 0 0 1 0 0 0 0 0 0 0 0 0
117 1 0 0 0 0 0 0 0 0 0 0 0 0
118 1 0 0 0 0 0 0 0 0 0 0 0 0
119 1 0 0 0 0 0 0 0 0 1 0 0 0
122 1 0 0 0 0 0 0 0 0 0 0 0 0
123 1 0 0 0 0 0 0 0 0 1 0 0 0
129 1 0 0 1 0 0 0 0 0 0 0 0 0
130 1 0 0 1 0 0 0 0 0 0 0 0 0
131 1 0 0 0 0 0 0 0 0 0 0 0 0
132 1 0 0 0 0 0 0 0 0 0 0 0 0
136 1 1 1 1 0 0 0 0 0 0 0 0 0
137 1 0 0 1 0 0 0 0 0 0 0 0 0
139 1 0 0 1 0 0 0 0 0 0 0 0 0
140 1 0 0 1 0 0 0 0 0 0 0 0 0
141 1 0 0 1 0 0 0 0 0 0 0 0 0
142 1 0 0 1 0 0 0 0 0 0 0 0 0
145 1 0 0 0 0 0 0 0 0 0 0 0 0
146 1 0 0 0 0 0 0 0 0 0 0 0 0
147 1 0 0 0 0 0 0 0 0 0 0 0 0
148 1 0 0 0 0 0 0 0 0 0 0 0 0
149 1 0 0 0 0 0 0 0 0 0 0 0 0
150 1 0 0 0 0 0 0 0 0 1 0 0 0
152 2 0 0 1 0 0 0 0 0 0 0 0 0
156 124 4 1 0 0 0 0 0 0 0 0 0 0
166 124 0 0 124 0 0 0 0 0 0 0 0 0
167 124 0 0 124 0 0 0 0 0 0 0 0 0
168 124 0 0 0 0 0 0 0 0 0 0 0 0
171 248 0 0 124 0 0 0 0 0 0 0 0 0
401 258 20 1 0 0 0 0 0 0 0 0 0 0
402 258 0 0 0 0 0 0 0 0 258 2 0 0
407 258 0 0 0 0 0 0 0 0 0 0 0 0
408 258 0 0 0 0 0 0 0 0 0 0 0 0
409 258 0 0 0 0 0 0 0 0 0 0 0 0
410 258 0 0 0 0 0 0 0 0 0 0 0 0
411 258 0 0 0 0 0 0 0 0 258 42 0 0
414 218 0 0 218 0 0 0 0 0 0 0 0 0
415 218 0 0 218 0 0 0 0 0 0 0 0 0
416 218 0 0 0 0 0 0 0 0 0 0 0 0
417 218 0 0 0 0 0 0 0 0 0 0 0 0
420 218 0 0 0 0 0 0 0 0 0 0 0 0
421 218 0 0 0 0 0 0 0 0 218 86 0 0
422 94 0 0 0 0 0 0 0 0 0 0 0 0
423 188 0 0 94 0 0 0 0 0 0 0 0 0
429 40 7 1 0 0 0 0 0 0 0 0 0 0
430 40 0 0 0 0 0 0 0 0 40 0 0 0
432 40 0 0 0 0 0 0 0 0 0 0 0 0
433 40 0 0 0 0 0 0 0 0 40 11 0 0
435 24 0 0 0 0 0 0 0 0 0 0 0 0
436 24 0 0 0 0 0 0 0 0 24 0 0 0
438 24 0 0 24 0 0 0 0 0 0 0 0 0
439 24 0 0 24 0 0 0 0 0 0 0 0 0
440 24 0 0 0 0 0 0 0 0 0 0 0 0
441 24 0 0 0 0 0 0 0 0 0 0 0 0
442 24 0 0 24 0 0 0 0 0 0 0 0 0
443 24 0 0 24 0 0 0 0 0 0 0 0 0
444 24 0 0 0 0 0 0 0 0 0 0 0 0
445 24 0 0 0 0 0 0 0 0 0 0 0 0
446 24 0 0 0 0 0 0 0 0 0 0 0 0
448 24 0 0 0 0 0 0 0 0 24 8 0 0
450 8 0 0 8 0 0 0 0 0 0 0 0 0
463 30 2 0 0 0 0 0 0 0 0 0 0 0
464 30 0 0 0 0 0 0 0 0 0 0 0 0
466 30 0 0 30 0 0 0 0 0 0 0 0 0
476 16 3 1 16 0 0 0 0 0 0 0 0 0
477 16 0 0 16 0 0 0 0 0 0 0 0 0
478 16 0 0 0 0 0 0 0 0 0 0 0 0
479 16 0 0 0 0 0 0 0 0 16 2 0 0
480 2 0 0 2 0 0 0 0 0 0 0 0 0
481 2 0 0 2 0 0 0 0 0 0 0 0 0
482 2 0 0 0 0 0 0 0 0 0 0 0 0
484 2 2 1 0 0 0 0 0 0 2 0 0 0
486 2 0 0 2 0 0 0 0 0 0 0 0 0
fl=./string/../sysdeps/x86_64/multiarch/memcmp.c
fn=bcmp
29 12 4 2 3 0 0 0 0 0 0 0 0 0
fl=./string/../sysdeps/x86_64/multiarch/memcmpeq.c
fn=memcpy@@GLIBC_2.14
29 3 2 1 0 0 0 0 0 0 0 0 0 0
fl=./string/../sysdeps/x86_64/multiarch/memmove-vec-unaligned-erms.S
fn=__memcpy_avx_unaligned_erms
255 10927154 2 1 0 0 0 0 0 0 0 0 0 0
256 10927154 0 0 0 0 0 0 0 0 0 0 0 0
262 10927154 0 0 0 0 0 0 0 0 0 0 0 0
263 10927154 0 0 0 0 0 0 0 0 10927154 30 0 0
265 93 0 0 93 3 0 0 0 0 0 0 0 0
266 93 0 0 0 0 0 0 0 0 0 0 0 0
267 93 0 0 0 0 0 0 0 0 93 12 0 0
270 47 0 0 47 0 0 0 0 0 0 0 0 0
271 47 0 0 0 0 0 47 3 3 0 0 0 0
272 47 0 0 0 0 0 47 0 0 0 0 0 0
275 94 0 0 47 0 0 0 0 0 0 0 0 0
305 10927061 0 0 0 0 0 0 0 0 0 0 0 0
306 10927061 0 0 0 0 0 0 0 0 10927061 23 0 0
308 10927024 0 0 0 0 0 0 0 0 0 0 0 0
309 10927024 0 0 0 0 0 0 0 0 10927024 21 0 0
311 10926972 0 0 0 0 0 0 0 0 0 0 0 0
315 10926972 0 0 0 0 0 0 0 0 10926972 7 0 0
316 10926945 1 0 0 0 0 0 0 0 0 0 0 0
317 10926945 0 0 0 0 0 0 0 0 10926945 1 0 0
318 10926945 0 0 10926945 0 0 0 0 0 0 0 0 0
319 10926945 0 0 0 0 0 0 0 0 10926945 5896779 0 0
320 5448246 0 0 5448246 0 0 0 0 0 0 0 0 0
321 5448246 0 0 0 0 0 5448246 0 0 0 0 0 0
323 10926945 0 0 0 0 0 10926945 126 126 0 0 0 0
325 10926945 0 0 10926945 0 0 0 0 0 0 0 0 0
331 27 3 0 27 0 0 0 0 0 0 0 0 0
332 27 0 0 27 0 0 0 0 0 0 0 0 0
333 27 0 0 0 0 0 27 6 6 0 0 0 0
334 27 0 0 0 0 0 27 0 0 0 0 0 0
335 27 0 0 27 0 0 0 0 0 0 0 0 0
342 37 2 1 37 0 0 0 0 0 0 0 0 0
343 37 0 0 37 0 0 0 0 0 0 0 0 0
344 37 0 0 0 0 0 37 0 0 0 0 0 0
345 37 0 0 0 0 0 37 0 0 0 0 0 0
347 37 0 0 37 0 0 0 0 0 0 0 0 0
364 52 5 1 52 0 0 0 0 0 0 0 0 0
365 52 0 0 52 0 0 0 0 0 0 0 0 0
366 52 0 0 0 0 0 52 10 10 0 0 0 0
367 52 0 0 0 0 0 52 0 0 0 0 0 0
368 52 0 0 52 0 0 0 0 0 0 0 0 0
375 28 1 0 28 0 0 0 0 0 0 0 0 0
376 28 0 0 28 0 0 0 0 0 0 0 0 0
377 28 0 0 0 0 0 28 0 0 0 0 0 0
378 28 0 0 0 0 0 28 0 0 0 0 0 0
379 28 0 0 0 0 0 28 0 0 0 0 0 0
380 28 0 0 0 0 0 28 0 0 0 0 0 0
381 56 0 0 28 0 0 0 0 0 0 0 0 0
386 46 17 1 46 4 0 0 0 0 0 0 0 0
387 46 0 0 0 0 0 0 0 0 46 0 0 0
392 43 0 0 0 0 0 0 0 0 0 0 0 0
393 43 0 0 0 0 0 0 0 0 43 0 0 0
395 43 0 0 43 0 0 0 0 0 0 0 0 0
396 43 0 0 0 0 0 0 0 0 0 0 0 0
397 43 0 0 0 0 0 0 0 0 43 19 0 0
399 15 0 0 15 0 0 0 0 0 0 0 0 0
400 15 0 0 15 0 0 0 0 0 0 0 0 0
401 15 0 0 15 0 0 0 0 0 0 0 0 0
402 15 0 0 15 0 0 0 0 0 0 0 0 0
403 15 0 0 15 0 0 0 0 0 0 0 0 0
404 15 15 1 15 0 0 0 0 0 0 0 0 0
405 15 0 0 0 0 0 15 1 1 0 0 0 0
406 15 0 0 0 0 0 15 0 0 0 0 0 0
407 15 0 0 0 0 0 15 1 1 0 0 0 0
408 15 0 0 0 0 0 15 0 0 0 0 0 0
409 15 0 0 0 0 0 15 1 1 0 0 0 0
410 15 0 0 0 0 0 15 0 0 0 0 0 0
411 15 0 0 0 0 0 15 0 0 0 0 0 0
412 15 0 0 0 0 0 15 0 0 0 0 0 0
413 30 0 0 15 0 0 0 0 0 0 0 0 0
601 3 1 1 0 0 0 0 0 0 0 0 0 0
602 3 0 0 0 0 0 0 0 0 0 0 0 0
606 3 0 0 0 0 0 0 0 0 0 0 0 0
608 3 0 0 0 0 0 0 0 0 3 0 0 0
611 3 0 0 0 0 0 0 0 0 0 0 0 0
615 3 0 0 3 3 0 0 0 0 0 0 0 0
616 3 0 0 0 0 0 0 0 0 3 2 0 0
684 3 1 1 3 0 0 0 0 0 0 0 0 0
685 3 0 0 0 0 0 0 0 0 0 0 0 0
686 3 0 0 0 0 0 0 0 0 3 0 0 0
691 3 0 0 0 0 0 0 0 0 0 0 0 0
692 3 0 0 0 0 0 0 0 0 0 0 0 0
693 3 0 0 0 0 0 0 0 0 3 0 0 0
700 3 1 1 3 3 0 0 0 0 0 0 0 0
706 3 0 0 0 0 0 3 0 0 0 0 0 0
708 3 0 0 0 0 0 3 3 3 0 0 0 0
716 3 0 0 0 0 0 0 0 0 0 0 0 0
717 3 0 0 0 0 0 0 0 0 0 0 0 0
719 3 0 0 0 0 0 0 0 0 0 0 0 0
721 3 0 0 0 0 0 0 0 0 0 0 0 0
723 3 0 0 0 0 0 0 0 0 0 0 0 0
725 3 0 0 0 0 0 0 0 0 0 0 0 0
733 3 0 0 0 0 0 0 0 0 0 0 0 0
734 3 0 0 0 0 0 0 0 0 0 0 0 0
735 3 0 0 0 0 0 0 0 0 0 0 0 0
736 3 0 0 0 0 0 0 0 0 0 0 0 0
741 3 0 0 0 0 0 0 0 0 0 0 0 0
742 3 0 0 0 0 0 0 0 0 0 0 0 0
743 3 0 0 0 0 0 0 0 0 3 0 0 0
746 3 1 1 0 0 0 0 0 0 0 0 0 0
748 6 0 0 0 0 0 0 0 0 0 0 0 0
753 666 0 0 0 0 0 0 0 0 0 0 0 0
755 42624 0 0 0 0 0 0 0 0 0 0 0 0
756 42624 0 0 0 0 0 0 0 0 0 0 0 0
757 42624 0 0 0 0 0 0 0 0 0 0 0 0
758 42624 1 1 0 0 0 0 0 0 0 0 0 0
760 85248 0 0 85248 42621 0 0 0 0 0 0 0 0
761 85248 0 0 85248 42624 0 0 0 0 0 0 0 0
762 21312 1 1 0 0 0 0 0 0 0 0 0 0
764 85248 0 0 0 0 0 85248 42621 42621 0 0 0 0
765 85248 0 0 0 0 0 85248 42624 42624 0 0 0 0
766 21312 0 0 0 0 0 0 0 0 0 0 0 0
767 21312 0 0 0 0 0 0 0 0 0 0 0 0
768 21312 1 1 0 0 0 0 0 0 21312 680 0 0
769 666 0 0 0 0 0 0 0 0 0 0 0 0
770 666 0 0 0 0 0 0 0 0 0 0 0 0
771 666 0 0 0 0 0 0 0 0 0 0 0 0
772 666 0 0 0 0 0 0 0 0 666 3 0 0
773 3 0 0 0 0 0 0 0 0 0 0 0 0
776 3 0 0 0 0 0 0 0 0 0 0 0 0
777 3 0 0 0 0 0 0 0 0 3 0 0 0
782 132 0 0 0 0 0 0 0 0 0 0 0 0
783 132 1 1 0 0 0 0 0 0 0 0 0 0
784 66 0 0 66 66 0 0 0 0 0 0 0 0
785 66 0 0 66 0 0 0 0 0 0 0 0 0
786 66 0 0 66 66 0 0 0 0 0 0 0 0
787 66 0 0 66 0 0 0 0 0 0 0 0 0
788 66 0 0 0 0 0 0 0 0 0 0 0 0
789 66 0 0 0 0 0 0 0 0 0 0 0 0
790 66 0 0 0 0 0 66 66 66 0 0 0 0
791 66 0 0 0 0 0 66 0 0 0 0 0 0
792 66 0 0 0 0 0 66 66 66 0 0 0 0
793 66 0 0 0 0 0 66 0 0 0 0 0 0
794 66 0 0 0 0 0 0 0 0 0 0 0 0
795 66 0 0 0 0 0 0 0 0 0 0 0 0
796 66 0 0 0 0 0 0 0 0 66 16 0 0
800 3 0 0 3 3 0 0 0 0 0 0 0 0
801 3 1 1 3 0 0 0 0 0 0 0 0 0
802 3 0 0 3 3 0 0 0 0 0 0 0 0
803 3 0 0 3 0 0 0 0 0 0 0 0 0
805 3 0 0 0 0 0 3 3 3 0 0 0 0
806 3 0 0 0 0 0 3 0 0 0 0 0 0
807 3 0 0 0 0 0 3 3 3 0 0 0 0
808 3 0 0 0 0 0 3 0 0 0 0 0 0
809 6 0 0 3 3 0 0 0 0 0 0 0 0
fn=memcpy
210 36 2 1 0 0 0 0 0 0 0 0 0 0
211 36 0 0 0 0 0 0 0 0 0 0 0 0
217 63 0 0 0 0 0 0 0 0 0 0 0 0
218 63 0 0 0 0 0 0 0 0 63 24 0 0
220 34 0 0 34 5 2 0 0 0 0 0 0 0
221 34 0 0 0 0 0 0 0 0 0 0 0 0
222 34 0 0 0 0 0 0 0 0 34 22 0 0
224 17 0 0 17 0 0 0 0 0 0 0 0 0
225 17 0 0 0 0 0 17 2 2 0 0 0 0
226 17 0 0 0 0 0 17 4 4 0 0 0 0
228 17 0 0 17 0 0 0 0 0 0 0 0 0
308 29 2 1 0 0 0 0 0 0 0 0 0 0
309 29 0 0 0 0 0 0 0 0 29 16 0 0
311 8 0 0 0 0 0 0 0 0 0 0 0 0
315 8 0 0 0 0 0 0 0 0 8 1 0 0
316 8 0 0 0 0 0 0 0 0 0 0 0 0
317 8 0 0 0 0 0 0 0 0 8 5 0 0
318 2 0 0 2 2 2 0 0 0 0 0 0 0
319 2 0 0 0 0 0 0 0 0 2 2 0 0
323 2 0 0 0 0 0 2 2 2 0 0 0 0
325 8 0 0 8 0 0 0 0 0 0 0 0 0
364 21 1 1 21 0 0 0 0 0 0 0 0 0
365 21 0 0 21 0 0 0 0 0 0 0 0 0
366 21 0 0 0 0 0 21 6 6 0 0 0 0
367 21 0 0 0 0 0 21 0 0 0 0 0 0
368 21 0 0 21 0 0 0 0 0 0 0 0 0
375 15 0 0 15 0 0 0 0 0 0 0 0 0
376 15 0 0 15 0 0 0 0 0 0 0 0 0
377 15 0 0 0 0 0 15 3 3 0 0 0 0
378 15 0 0 0 0 0 15 2 2 0 0 0 0
379 15 0 0 0 0 0 15 5 5 0 0 0 0
380 15 0 0 0 0 0 15 0 0 0 0 0 0
381 15 0 0 15 0 0 0 0 0 0 0 0 0
392 17 1 0 0 0 0 0 0 0 0 0 0 0
393 17 0 0 0 0 0 0 0 0 17 3 0 0
395 15 0 0 15 0 0 0 0 0 0 0 0 0
396 15 2 1 0 0 0 0 0 0 0 0 0 0
397 15 0 0 0 0 0 0 0 0 15 10 0 0
417 2 1 1 0 0 0 0 0 0 0 0 0 0
418 2 0 0 0 0 0 0 0 0 0 0 0 0
422 2 0 0 0 0 0 0 0 0 0 0 0 0
424 2 0 0 0 0 0 0 0 0 2 0 0 0
440 2 0 0 0 0 0 0 0 0 0 0 0 0
443 2 0 0 0 0 0 0 0 0 0 0 0 0
445 2 0 0 0 0 0 0 0 0 0 0 0 0
447 2 0 0 0 0 0 0 0 0 0 0 0 0
451 2 0 0 0 0 0 0 0 0 0 0 0 0
452 2 0 0 0 0 0 0 0 0 2 0 0 0
461 2 0 0 2 2 2 0 0 0 0 0 0 0
462 2 0 0 2 1 1 0 0 0 0 0 0 0
464 2 0 0 0 0 0 0 0 0 0 0 0 0
466 2 0 0 0 0 0 0 0 0 0 0 0 0
467 2 0 0 2 0 0 0 0 0 0 0 0 0
468 2 1 1 2 1 1 0 0 0 0 0 0 0
471 2 0 0 0 0 0 0 0 0 0 0 0 0
473 2 0 0 0 0 0 0 0 0 0 0 0 0
475 2 0 0 0 0 0 0 0 0 0 0 0 0
477 2 0 0 0 0 0 0 0 0 0 0 0 0
483 6 0 0 6 0 0 0 0 0 0 0 0 0
484 6 0 0 6 2 2 0 0 0 0 0 0 0
485 6 0 0 6 0 0 0 0 0 0 0 0 0
486 6 0 0 6 2 2 0 0 0 0 0 0 0
487 6 0 0 0 0 0 0 0 0 0 0 0 0
488 6 0 0 0 0 0 6 1 1 0 0 0 0
489 6 0 0 0 0 0 6 3 3 0 0 0 0
490 6 0 0 0 0 0 6 0 0 0 0 0 0
491 6 0 0 0 0 0 6 3 3 0 0 0 0
492 6 0 0 0 0 0 0 0 0 0 0 0 0
493 6 0 0 0 0 0 0 0 0 0 0 0 0
494 6 0 0 0 0 0 0 0 0 6 4 0 0
496 2 1 1 0 0 0 2 2 2 0 0 0 0
497 2 0 0 0 0 0 2 0 0 0 0 0 0
498 2 0 0 0 0 0 2 0 0 0 0 0 0
499 2 0 0 0 0 0 2 0 0 0 0 0 0
501 2 0 0 0 0 0 2 0 0 0 0 0 0
505 2 0 0 2 0 0 0 0 0 0 0 0 0
fn=mempcpy
197 27 0 0 0 0 0 0 0 0 0 0 0 0
198 27 0 0 0 0 0 0 0 0 0 0 0 0
199 27 0 0 0 0 0 0 0 0 0 0 0 0
200 27 0 0 0 0 0 0 0 0 0 0 0 0
fl=./string/../sysdeps/x86_64/multiarch/memmove.c
fn=memmove
29 2 1 1 0 0 0 0 0 0 0 0 0 0
fl=./string/../sysdeps/x86_64/multiarch/mempcpy.c
fn=mempcpy
33 1 0 0 0 0 0 0 0 0 0 0 0 0
fl=./string/../sysdeps/x86_64/multiarch/memrchr.c
fn=memrchr
29 3 1 1 1 0 0 0 0 0 0 0 0 0
fl=./string/../sysdeps/x86_64/multiarch/memset-vec-unaligned-erms.S
fn=__memset_avx2_unaligned_erms
158 5 3 1 0 0 0 0 0 0 0 0 0 0
159 10 0 0 0 0 0 0 0 0 0 0 0 0
164 5 0 0 0 0 0 0 0 0 0 0 0 0
165 5 0 0 0 0 0 0 0 0 5 0 0 0
166 5 0 0 0 0 0 0 0 0 0 0 0 0
167 5 0 0 0 0 0 0 0 0 0 0 0 0
168 5 0 0 0 0 0 0 0 0 5 4 0 0
181 2 0 0 0 0 0 2 1 0 0 0 0 0
182 2 0 0 0 0 0 2 0 0 0 0 0 0
184 4 0 0 2 0 0 0 0 0 0 0 0 0
237 5 3 1 5 3 0 0 0 0 0 0 0 0
238 5 0 0 0 0 0 0 0 0 5 2 0 0
244 2 0 0 0 0 0 2 1 0 0 0 0 0
245 2 0 0 0 0 0 2 0 0 0 0 0 0
257 2 0 0 0 0 0 0 0 0 0 0 0 0
260 2 0 0 0 0 0 0 0 0 0 0 0 0
261 2 0 0 0 0 0 0 0 0 2 2 0 0
325 3 1 1 0 0 0 0 0 0 0 0 0 0
326 3 0 0 0 0 0 0 0 0 0 0 0 0
327 3 0 0 0 0 0 0 0 0 0 0 0 0
328 5464803 0 0 0 0 0 5464800 85386 85386 5464803 8 0 0
329 3 0 0 0 0 0 0 0 0 0 0 0 0
330 6 0 0 3 3 0 0 0 0 0 0 0 0
fl=./string/../sysdeps/x86_64/multiarch/memset.c
fn=memset
29 2 1 1 0 0 0 0 0 0 0 0 0 0
fl=./string/../sysdeps/x86_64/multiarch/stpcpy.c
fn=stpcpy
33 3 1 1 1 0 0 0 0 0 0 0 0 0
fl=./string/../sysdeps/x86_64/multiarch/stpncpy.c
fn=stpncpy
31 3 2 2 1 0 0 0 0 0 0 0 0 0
fl=./string/../sysdeps/x86_64/multiarch/strcasecmp.c
fn=strcasecmp
31 3 0 0 1 0 0 0 0 0 0 0 0 0
fl=./string/../sysdeps/x86_64/multiarch/strcasecmp_l.c
fn=strcasecmp_l
31 3 0 0 1 0 0 0 0 0 0 0 0 0
fl=./string/../sysdeps/x86_64/multiarch/strcat.c
fn=strcat
29 3 1 1 1 0 0 0 0 0 0 0 0 0
fl=./string/../sysdeps/x86_64/multiarch/strchr-avx2.S
fn=__strchr_avx2
53 3 3 1 0 0 0 0 0 0 0 0 0 0
55 3 0 0 0 0 0 0 0 0 0 0 0 0
56 3 0 0 0 0 0 0 0 0 0 0 0 0
57 3 0 0 0 0 0 0 0 0 0 0 0 0
58 3 0 0 0 0 0 0 0 0 0 0 0 0
59 3 0 0 0 0 0 0 0 0 0 0 0 0
62 3 0 0 0 0 0 0 0 0 0 0 0 0
63 3 3 1 0 0 0 0 0 0 3 0 0 0
67 3 0 0 3 1 1 0 0 0 0 0 0 0
68 3 0 0 0 0 0 0 0 0 0 0 0 0
69 3 0 0 0 0 0 0 0 0 0 0 0 0
70 3 0 0 0 0 0 0 0 0 0 0 0 0
71 3 0 0 0 0 0 0 0 0 0 0 0 0
72 3 0 0 0 0 0 0 0 0 0 0 0 0
73 3 0 0 0 0 0 0 0 0 3 0 0 0
74 3 0 0 0 0 0 0 0 0 0 0 0 0
77 3 0 0 3 0 0 0 0 0 0 0 0 0
85 3 0 0 0 0 0 0 0 0 3 2 0 0
93 3 0 0 0 0 0 0 0 0 0 0 0 0
94 6 0 0 3 0 0 0 0 0 0 0 0 0
fl=./string/../sysdeps/x86_64/multiarch/strchr.c
fn=index
42 4 0 0 0 0 0 0 0 0 0 0 0 0
43 2 0 0 2 0 0 0 0 0 0 0 0 0
44 3 1 1 1 0 0 0 0 0 1 0 0 0
47 2 0 0 0 0 0 0 0 0 0 0 0 0
48 2 1 1 0 0 0 0 0 0 1 1 0 0
51 3 0 0 0 0 0 0 0 0 1 0 0 0
54 3 0 0 0 0 0 0 0 0 1 0 0 0
65 3 1 1 1 0 0 0 0 0 0 0 0 0
fl=./string/../sysdeps/x86_64/multiarch/strchrnul.c
fn=strchrnul
31 3 0 0 1 0 0 0 0 0 0 0 0 0
fl=./string/../sysdeps/x86_64/multiarch/strcmp-avx2.S
fn=__strncmp_avx2
206 3 1 1 0 0 0 0 0 0 0 0 0 0
230 3 0 0 0 0 0 0 0 0 0 0 0 0
235 3 0 0 0 0 0 0 0 0 3 0 0 0
249 3 0 0 0 0 0 0 0 0 0 0 0 0
274 3 0 0 0 0 0 0 0 0 0 0 0 0
275 3 0 0 0 0 0 0 0 0 0 0 0 0
276 3 0 0 0 0 0 0 0 0 0 0 0 0
278 3 0 0 0 0 0 0 0 0 0 0 0 0
279 3 1 1 0 0 0 0 0 0 3 0 0 0
283 3 0 0 3 0 0 0 0 0 0 0 0 0
287 3 0 0 3 2 0 0 0 0 0 0 0 0
289 3 0 0 0 0 0 0 0 0 0 0 0 0
291 3 0 0 0 0 0 0 0 0 0 0 0 0
294 3 0 0 0 0 0 0 0 0 0 0 0 0
296 3 0 0 0 0 0 0 0 0 0 0 0 0
297 3 0 0 0 0 0 0 0 0 3 2 0 0
308 3 0 0 0 0 0 0 0 0 0 0 0 0
318 3 0 0 3 0 0 0 0 0 0 0 0 0
319 3 0 0 3 0 0 0 0 0 0 0 0 0
322 3 0 0 0 0 0 0 0 0 0 0 0 0
326 6 0 0 3 0 0 0 0 0 0 0 0 0
331 3 0 0 0 0 0 0 0 0 0 0 0 0
332 3 0 0 0 0 0 0 0 0 0 0 0 0
333 3 0 0 0 0 0 0 0 0 3 2 0 0
fl=./string/../sysdeps/x86_64/multiarch/strcmp.c
fn=strcmp
47 8 1 1 0 0 0 0 0 0 0 0 0 0
48 4 0 0 4 0 0 0 0 0 0 0 0 0
49 6 0 0 2 0 0 0 0 0 2 0 0 0
52 4 0 0 0 0 0 0 0 0 0 0 0 0
53 4 0 0 0 0 0 0 0 0 2 1 0 0
56 6 0 0 0 0 0 0 0 0 2 0 0 0
59 6 0 0 0 0 0 0 0 0 2 1 0 0
79 6 2 2 2 0 0 0 0 0 0 0 0 0
fl=./string/../sysdeps/x86_64/multiarch/strcpy.c
fn=strcpy
29 3 1 1 1 0 0 0 0 0 0 0 0 0
fl=./string/../sysdeps/x86_64/multiarch/strcspn.c
fn=strcspn
29 2 1 1 1 0 0 0 0 0 0 0 0 0
fl=./string/../sysdeps/x86_64/multiarch/strlen-avx2.S
fn=__strlen_avx2
52 5468107 22 1 0 0 0 0 0 0 0 0 0 0
65 5468107 0 0 0 0 0 0 0 0 0 0 0 0
66 5468107 0 0 0 0 0 0 0 0 0 0 0 0
67 5468107 0 0 0 0 0 0 0 0 0 0 0 0
70 5468107 0 0 0 0 0 0 0 0 0 0 0 0
72 5468107 0 0 0 0 0 0 0 0 0 0 0 0
73 5468107 0 0 0 0 0 0 0 0 5468107 1 0 0
76 5468107 0 0 5468107 17 16 0 0 0 0 0 0 0
77 5468107 0 0 0 0 0 0 0 0 0 0 0 0
85 5468107 0 0 0 0 0 0 0 0 0 0 0 0
86 5468107 0 0 0 0 0 0 0 0 5468107 8 0 0
87 5468104 0 0 0 0 0 0 0 0 0 0 0 0
92 10936208 0 0 5468104 0 0 0 0 0 0 0 0 0
118 1 0 0 0 0 0 0 0 0 0 0 0 0
131 1 0 0 0 0 0 0 0 0 0 0 0 0
132 1 0 0 0 0 0 0 0 0 0 0 0 0
133 1 0 0 0 0 0 0 0 0 0 0 0 0
139 2 0 0 1 0 0 0 0 0 0 0 0 0
143 2 1 1 0 0 0 0 0 0 0 0 0 0
156 2 0 0 0 0 0 0 0 0 0 0 0 0
157 2 0 0 0 0 0 0 0 0 0 0 0 0
158 2 0 0 0 0 0 0 0 0 0 0 0 0
164 4 0 0 2 0 0 0 0 0 0 0 0 0
221 3 1 1 0 0 0 0 0 0 0 0 0 0
236 3 0 0 3 0 0 0 0 0 0 0 0 0
242 3 0 0 0 0 0 0 0 0 0 0 0 0
243 3 0 0 0 0 0 0 0 0 0 0 0 0
244 3 0 0 0 0 0 0 0 0 3 1 0 0
246 2 0 0 2 1 0 0 0 0 0 0 0 0
247 2 0 0 0 0 0 0 0 0 0 0 0 0
248 2 0 0 0 0 0 0 0 0 0 0 0 0
249 2 0 0 0 0 0 0 0 0 2 2 0 0
fl=./string/../sysdeps/x86_64/multiarch/strlen.c
fn=strlen
29 9 2 1 3 0 0 0 0 0 0 0 0 0
fl=./string/../sysdeps/x86_64/multiarch/strncase.c
fn=strncasecmp
31 3 1 1 1 0 0 0 0 0 0 0 0 0
fl=./string/../sysdeps/x86_64/multiarch/strncase_l.c
fn=strncasecmp_l
31 3 1 1 1 0 0 0 0 0 0 0 0 0
fl=./string/../sysdeps/x86_64/multiarch/strncmp.c
fn=strncmp
43 4 0 0 0 0 0 0 0 0 1 1 0 0
44 2 1 1 2 0 0 0 0 0 0 0 0 0
45 3 1 1 1 0 0 0 0 0 1 0 0 0
48 2 0 0 0 0 0 0 0 0 0 0 0 0
49 2 0 0 0 0 0 0 0 0 1 1 0 0
52 3 0 0 0 0 0 0 0 0 1 0 0 0
55 5 0 0 0 0 0 0 0 0 1 0 0 0
67 3 1 1 1 0 0 0 0 0 0 0 0 0
fl=./string/../sysdeps/x86_64/multiarch/strncpy.c
fn=strncpy
29 3 2 2 1 0 0 0 0 0 0 0 0 0
fl=./string/../sysdeps/x86_64/multiarch/strnlen.c
fn=strnlen
31 6 1 1 2 0 0 0 0 0 0 0 0 0
fl=./string/../sysdeps/x86_64/multiarch/strpbrk.c
fn=strpbrk
29 2 0 0 1 0 0 0 0 0 0 0 0 0
fl=./string/../sysdeps/x86_64/multiarch/strrchr-avx2.S
fn=__strrchr_avx2
53 1 1 1 0 0 0 0 0 0 0 0 0 0
54 1 0 0 0 0 0 0 0 0 0 0 0 0
55 1 0 0 0 0 0 0 0 0 0 0 0 0
57 1 0 0 0 0 0 0 0 0 0 0 0 0
58 1 1 1 0 0 0 0 0 0 0 0 0 0
62 1 0 0 0 0 0 0 0 0 0 0 0 0
63 1 0 0 0 0 0 0 0 0 0 0 0 0
64 1 0 0 0 0 0 0 0 0 1 0 0 0
67 1 0 0 1 1 1 0 0 0 0 0 0 0
69 1 0 0 0 0 0 0 0 0 0 0 0 0
70 1 0 0 0 0 0 0 0 0 0 0 0 0
71 1 0 0 0 0 0 0 0 0 0 0 0 0
72 1 0 0 0 0 0 0 0 0 1 1 0 0
119 1 1 1 0 0 0 0 0 0 0 0 0 0
120 1 0 0 0 0 0 0 0 0 0 0 0 0
123 1 0 0 0 0 0 0 0 0 0 0 0 0
124 2 0 0 0 0 0 0 0 0 1 0 0 0
127 1 0 0 0 0 0 0 0 0 0 0 0 0
128 1 0 0 0 0 0 0 0 0 0 0 0 0
132 2 0 0 1 0 0 0 0 0 0 0 0 0
137 1 0 0 0 0 0 0 0 0 0 0 0 0
138 1 0 0 0 0 0 0 0 0 0 0 0 0
139 1 0 0 0 0 0 0 0 0 0 0 0 0
143 1 0 0 0 0 0 0 0 0 0 0 0 0
144 1 0 0 0 0 0 0 0 0 1 1 0 0
156 1 1 1 0 0 0 0 0 0 0 0 0 0
159 1 0 0 0 0 0 0 0 0 0 0 0 0
160 1 0 0 1 0 0 0 0 0 0 0 0 0
161 1 0 0 0 0 0 0 0 0 0 0 0 0
162 1 1 1 0 0 0 0 0 0 0 0 0 0
163 1 0 0 0 0 0 0 0 0 0 0 0 0
164 1 0 0 0 0 0 0 0 0 1 0 0 0
166 1 0 0 1 1 1 0 0 0 0 0 0 0
167 1 0 0 0 0 0 0 0 0 0 0 0 0
168 1 0 0 0 0 0 0 0 0 0 0 0 0
169 1 0 0 0 0 0 0 0 0 0 0 0 0
170 1 0 0 0 0 0 0 0 0 1 1 0 0
fl=./string/../sysdeps/x86_64/multiarch/strrchr.c
fn=rindex
28 3 0 0 1 0 0 0 0 0 0 0 0 0
fl=./string/../sysdeps/x86_64/multiarch/strspn.c
fn=strspn
29 2 1 1 1 0 0 0 0 0 0 0 0 0
fl=./string/./string/strdup.c
fn=strdup
40 36 1 1 0 0 0 18 0 0 0 0 0 0
41 12 0 0 0 0 0 6 0 0 0 0 0 0
44 12 1 1 0 0 0 0 0 0 6 0 0 0
47 24 0 0 0 0 0 0 0 0 0 0 0 0
48 18 0 0 18 0 0 0 0 0 0 0 0 0
fl=./wcsmbs/../sysdeps/x86_64/multiarch/ifunc-avx2.h
fn=wcschr
38 8 1 1 0 0 0 0 0 0 2 2 0 0
40 6 0 0 4 0 0 0 0 0 0 0 0 0
41 4 0 0 2 0 0 0 0 0 2 0 0 0
42 6 0 0 2 0 0 0 0 0 2 0 0 0
45 4 0 0 0 0 0 0 0 0 0 0 0 0
46 4 0 0 0 0 0 0 0 0 2 2 0 0
49 6 0 0 0 0 0 0 0 0 2 0 0 0
52 12 1 1 0 0 0 0 0 0 0 0 0 0
fn=wcscmp
38 4 0 0 0 0 0 0 0 0 1 1 0 0
40 3 0 0 2 0 0 0 0 0 0 0 0 0
41 2 1 1 1 0 0 0 0 0 1 0 0 0
42 3 0 0 1 0 0 0 0 0 1 0 0 0
45 2 0 0 0 0 0 0 0 0 0 0 0 0
46 2 0 0 0 0 0 0 0 0 1 1 0 0
49 3 0 0 0 0 0 0 0 0 1 0 0 0
52 6 1 1 0 0 0 0 0 0 0 0 0 0
fl=./wcsmbs/../sysdeps/x86_64/multiarch/ifunc-evex.h
fn=wmemchr
37 8 0 0 0 0 0 0 0 0 2 2 0 0
38 6 1 1 4 0 0 0 0 0 0 0 0 0
39 6 0 0 2 0 0 0 0 0 2 0 0 0
42 4 0 0 0 0 0 0 0 0 0 0 0 0
43 4 1 1 0 0 0 0 0 0 2 2 0 0
45 4 0 0 0 0 0 0 0 0 0 0 0 0
51 6 0 0 0 0 0 0 0 0 2 0 0 0
54 8 0 0 0 0 0 0 0 0 0 0 0 0
fl=./wcsmbs/../sysdeps/x86_64/multiarch/ifunc-memcmp.h
fn=wmemcmp
34 5 1 1 2 0 0 0 0 0 1 0 0 0
35 2 0 0 1 0 0 0 0 0 1 0 0 0
36 2 0 0 0 0 0 0 0 0 1 0 0 0
37 3 0 0 1 0 0 0 0 0 1 0 0 0
40 2 0 0 0 0 0 0 0 0 0 0 0 0
41 2 0 0 0 0 0 0 0 0 1 1 0 0
44 3 0 0 0 0 0 0 0 0 1 0 0 0
47 4 0 0 0 0 0 0 0 0 0 0 0 0
fl=./wcsmbs/../sysdeps/x86_64/multiarch/ifunc-wcs.h
fn=wcpncpy
39 4 1 1 0 0 0 0 0 0 1 1 0 0
40 3 0 0 2 0 0 0 0 0 0 0 0 0
41 3 0 0 1 0 0 0 0 0 1 0 0 0
44 2 0 0 0 0 0 0 0 0 0 0 0 0
45 3 0 0 0 0 0 0 0 0 1 0 0 0
48 4 0 0 0 0 0 0 0 0 0 0 0 0
fn=wcscat
39 4 0 0 0 0 0 0 0 0 1 1 0 0
40 3 0 0 2 0 0 0 0 0 0 0 0 0
41 3 0 0 1 0 0 0 0 0 1 0 0 0
44 2 0 0 0 0 0 0 0 0 0 0 0 0
45 3 0 0 0 0 0 0 0 0 1 1 0 0
48 4 0 0 0 0 0 0 0 0 0 0 0 0
fn=wcsncpy
39 4 0 0 0 0 0 0 0 0 1 1 0 0
40 3 0 0 2 0 0 0 0 0 0 0 0 0
41 3 0 0 1 0 0 0 0 0 1 0 0 0
44 2 0 0 0 0 0 0 0 0 0 0 0 0
45 3 0 0 0 0 0 0 0 0 1 1 0 0
48 4 0 0 0 0 0 0 0 0 0 0 0 0
fl=./wcsmbs/../sysdeps/x86_64/multiarch/ifunc-wcslen.h
fn=wcslen
40 4 0 0 0 0 0 0 0 0 1 1 0 0
41 2 0 0 2 0 0 0 0 0 0 0 0 0
42 3 1 1 1 0 0 0 0 0 1 0 0 0
45 2 0 0 0 0 0 0 0 0 0 0 0 0
46 2 0 0 0 0 0 0 0 0 1 1 0 0
49 3 0 0 0 0 0 0 0 0 1 0 0 0
52 3 0 0 0 0 0 0 0 0 1 0 0 0
fn=wcsnlen
40 4 0 0 0 0 0 0 0 0 1 1 0 0
41 2 1 1 2 0 0 0 0 0 0 0 0 0
42 3 0 0 1 0 0 0 0 0 1 0 0 0
45 2 1 1 0 0 0 0 0 0 0 0 0 0
46 2 0 0 0 0 0 0 0 0 1 1 0 0
49 3 0 0 0 0 0 0 0 0 1 0 0 0
52 3 0 0 0 0 0 0 0 0 1 0 0 0
fl=./wcsmbs/../sysdeps/x86_64/multiarch/ifunc-wmemset.h
fn=wmemset
36 10 0 0 4 0 0 0 0 0 2 0 0 0
37 6 1 1 2 0 0 0 0 0 2 2 0 0
fl=./wcsmbs/../sysdeps/x86_64/multiarch/wcpcpy.c
fn=wcpncpy
31 1 1 1 0 0 0 0 0 0 0 0 0 0
fl=./wcsmbs/../sysdeps/x86_64/multiarch/wcpncpy.c
fn=wcpncpy
31 1 0 0 1 0 0 0 0 0 0 0 0 0
fl=./wcsmbs/../sysdeps/x86_64/multiarch/wcscat.c
fn=wcscat
31 2 1 1 1 0 0 0 0 0 0 0 0 0
fn=wcschr
31 2 1 1 0 0 0 0 0 0 0 0 0 0
fl=./wcsmbs/../sysdeps/x86_64/multiarch/wcschr.c
fn=wcschr
31 4 0 0 2 0 0 0 0 0 0 0 0 0
fl=./wcsmbs/../sysdeps/x86_64/multiarch/wcscmp.c
fn=wcscmp
30 3 1 1 1 0 0 0 0 0 0 0 0 0
fl=./wcsmbs/../sysdeps/x86_64/multiarch/wcscpy.c
fn=wcscpy
42 4 0 0 0 0 0 0 0 0 1 1 0 0
43 2 1 1 2 0 0 0 0 0 0 0 0 0
44 3 0 0 1 0 0 0 0 0 1 0 0 0
46 2 1 1 0 0 0 0 0 0 0 0 0 0
47 3 0 0 0 0 0 0 0 0 1 1 0 0
50 3 0 0 0 0 0 0 0 0 1 0 0 0
60 2 1 1 1 0 0 0 0 0 0 0 0 0
fl=./wcsmbs/../sysdeps/x86_64/multiarch/wcslen.c
fn=wcslen
29 3 2 2 1 0 0 0 0 0 0 0 0 0
fl=./wcsmbs/../sysdeps/x86_64/multiarch/wcsncpy.c
fn=wcsncpy
31 2 1 1 1 0 0 0 0 0 0 0 0 0
fl=./wcsmbs/../sysdeps/x86_64/multiarch/wcsnlen.c
fn=wcsnlen
30 3 1 1 1 0 0 0 0 0 0 0 0 0
fl=./wcsmbs/../sysdeps/x86_64/multiarch/wmemchr.c
fn=wmemchr
31 4 1 1 2 0 0 0 0 0 0 0 0 0
fl=./wcsmbs/../sysdeps/x86_64/multiarch/wmemcmp.c
fn=wmemcmp
29 4 1 1 1 0 0 0 0 0 0 0 0 0
fl=./wcsmbs/../sysdeps/x86_64/multiarch/wmemset.c
fn=wmemset
31 4 1 1 2 0 0 0 0 0 0 0 0 0
fl=./wcsmbs/./wcsmbs/btowc.c
fn=btowc
32 2560 1 1 256 0 0 1280 0 0 0 0 0 0
37 1792 1 1 0 0 0 0 0 0 256 0 0 0
42 512 0 0 0 0 0 0 0 0 256 6 0 0
46 384 0 0 384 1 0 0 0 0 0 0 0 0
47 256 1 1 256 2 0 0 0 0 0 0 0 0
48 256 0 0 128 1 0 0 0 0 128 2 0 0
52 512 0 0 128 0 0 0 0 0 128 0 0 0
55 1152 0 0 384 0 0 128 0 0 128 0 128 1
94 1792 1 1 1408 0 0 0 0 0 128 0 0 0
fl=./wcsmbs/./wcsmbs/wctob.c
fn=wctob
30 1280 1 1 128 0 0 640 0 0 0 0 0 0
39 384 0 0 0 0 0 0 0 0 128 0 0 0
44 256 0 0 0 0 0 0 0 0 128 0 0 0
45 128 0 0 0 0 0 0 0 0 0 0 0 0
79 1152 1 1 896 0 0 0 0 0 128 0 0 0
fl=./wcsmbs/./wcsmbsload.h
fn=btowc
69 128 0 0 128 1 0 0 0 0 0 0 0 0
70 384 0 0 128 1 0 0 0 0 128 0 0 0
fl=./wctype/./wctype/wctype_l.c
fn=wctype_l
26 110 1 1 0 0 0 60 0 0 0 0 0 0
29 20 1 1 0 0 0 10 0 0 0 0 0 0
32 30 0 0 20 1 0 10 0 0 0 0 0 0
33 68 0 0 0 0 0 0 0 0 0 0 0 0
35 174 0 0 0 0 0 58 0 0 0 0 0 0
37 410 1 1 0 0 0 49 0 0 107 12 0 0
40 48 0 0 0 0 0 0 0 0 0 0 0 0
41 96 0 0 48 0 0 0 0 0 48 0 0 0
45 20 0 0 20 1 0 0 0 0 0 0 0 0
46 10 0 0 10 2 0 0 0 0 0 0 0 0
47 80 0 0 70 0 0 0 0 0 0 0 0 0
fl=/usr/include/c++/14/bit
fn=int std::__bit_width<unsigned int>(unsigned int)
371 25 2 2 0 0 0 10 0 0 0 0 0 0
373 5 0 0 0 0 0 5 0 0 0 0 0 0
374 30 0 0 5 0 0 5 0 0 0 0 0 0
375 10 0 0 10 0 0 0 0 0 0 0 0 0
fn=int std::__countl_zero<unsigned int>(unsigned int)
201 20 1 1 0 0 0 10 0 0 0 0 0 0
204 5 0 0 0 0 0 5 0 0 0 0 0 0
206 10 0 0 5 0 0 0 0 0 5 2 0 0
209 5 0 0 0 0 0 5 0 0 0 0 0 0
210 5 0 0 0 0 0 5 0 0 0 0 0 0
211 5 0 0 0 0 0 5 0 0 0 0 0 0
215 5 0 0 0 0 0 5 0 0 0 0 0 0
216 15 0 0 5 0 0 0 0 0 0 0 0 0
243 10 0 0 10 0 0 0 0 0 0 0 0 0
fl=/usr/include/c++/14/bits/alloc_traits.h
fn=AABB& std::vector<AABB, std::allocator<AABB> >::emplace_back<AABB>(AABB&&)
536 88 0 0 22 0 0 22 0 0 0 0 0 0
538 11 0 0 0 0 0 0 0 0 0 0 0 0
fn=MaterialID& std::vector<MaterialID, std::allocator<MaterialID> >::emplace_back<MaterialID>(MaterialID&&)
536 96 2 0 24 0 0 24 0 0 0 0 0 0
538 12 0 0 0 0 0 0 0 0 0 0 0 0
fn=double& std::vector<double, std::allocator<double> >::emplace_back<double>(double&&)
536 88 1 0 22 0 0 22 0 0 0 0 0 0
538 11 0 0 0 0 0 0 0 0 0 0 0 0
fn=std::_Sp_counted_ptr_inplace<ConfigSettings, std::allocator<void>, (__gnu_cxx::_Lock_policy)2>::_M_dispose()
671 4 0 0 1 0 0 1 0 0 0 0 0 0
fn=std::_Sp_counted_ptr_inplace<ConfigSettings, std::allocator<void>, (__gnu_cxx::_Lock_policy)2>::_Sp_counted_ptr_inplace<ConfigSettings&>(std::allocator<void>, ConfigSettings&)
657 9 0 0 2 0 0 2 0 0 0 0 0 0
fn=std::_Vector_base<AABB, std::allocator<AABB> >::_M_allocate(unsigned long)
478 20 0 0 0 0 0 0 0 0 0 0 0 0
fn=std::_Vector_base<AABB, std::allocator<AABB> >::_M_deallocate(AABB*, unsigned long)
513 2 0 0 0 0 0 0 0 0 0 0 0 0
fn=std::_Vector_base<MaterialID, std::allocator<MaterialID> >::_M_allocate(unsigned long)
478 12 0 0 0 0 0 0 0 0 0 0 0 0
fn=std::_Vector_base<MaterialID, std::allocator<MaterialID> >::_M_deallocate(MaterialID*, unsigned long)
513 1 0 0 0 0 0 0 0 0 0 0 0 0
fn=std::_Vector_base<double, std::allocator<double> >::_M_allocate(unsigned long)
478 190 0 0 0 0 0 0 0 0 0 0 0 0
fn=std::_Vector_base<double, std::allocator<double> >::_M_deallocate(double*, unsigned long)
513 20 0 0 0 0 0 0 0 0 0 0 0 0
fn=std::_Vector_base<int, std::allocator<int> >::_M_allocate(unsigned long)
478 10 0 0 0 0 0 0 0 0 0 0 0 0
fn=std::_Vector_base<int, std::allocator<int> >::_M_deallocate(int*, unsigned long)
513 1 0 0 0 0 0 0 0 0 0 0 0 0
fn=std::_Vector_base<std::__cxx11::basic_string<char, std::char_traits<char>, std::allocator<char> >, std::allocator<std::__cxx11::basic_string<char, std::char_traits<char>, std::allocator<char> > > >::_M_allocate(unsigned long)
478 14 0 0 0 0 0 0 0 0 0 0 0 0
fn=std::_Vector_base<std::__cxx11::basic_string<char, std::char_traits<char>, std::allocator<char> >, std::allocator<std::__cxx11::basic_string<char, std::char_traits<char>, std::allocator<char> > > >::_M_deallocate(std::__cxx11::basic_string<char, std::char_traits<char>, std::allocator<char> >*, unsigned long)
513 2 0 0 0 0 0 0 0 0 0 0 0 0
fn=std::_Vector_base<std::basic_string_view<char, std::char_traits<char> >, std::allocator<std::basic_string_view<char, std::char_traits<char> > > >::_M_allocate(unsigned long)
478 482 0 0 0 0 0 0 0 0 0 0 0 0
fn=std::_Vector_base<std::basic_string_view<char, std::char_traits<char> >, std::allocator<std::basic_string_view<char, std::char_traits<char> > > >::_M_deallocate(std::basic_string_view<char, std::char_traits<char> >*, unsigned long)
513 62 0 0 0 0 0 0 0 0 0 0 0 0
fn=std::_Vector_base<unsigned char, std::allocator<unsigned char> >::_M_allocate(unsigned long)
478 12 0 0 0 0 0 0 0 0 0 0 0 0
fn=std::_Vector_base<unsigned char, std::allocator<unsigned char> >::_M_deallocate(unsigned char*, unsigned long)
513 6 0 0 0 0 0 0 0 0 0 0 0 0
fn=std::_Vector_base<unsigned int, std::allocator<unsigned int> >::_M_allocate(unsigned long)
478 10 0 0 0 0 0 0 0 0 0 0 0 0
fn=std::_Vector_base<unsigned int, std::allocator<unsigned int> >::_M_deallocate(unsigned int*, unsigned long)
513 1 0 0 0 0 0 0 0 0 0 0 0 0
fn=std::__allocated_ptr<std::allocator<std::_Sp_counted_ptr_inplace<ConfigSettings, std::allocator<void>, (__gnu_cxx::_Lock_policy)2> > > std::__allocate_guarded<std::allocator<std::_Sp_counted_ptr_inplace<ConfigSettings, std::allocator<void>, (__gnu_cxx::_Lock_policy)2> > >(std::allocator<std::_Sp_counted_ptr_inplace<ConfigSettings, std::allocator<void>, (__gnu_cxx::_Lock_policy)2> >&)
478 1 0 0 0 0 0 0 0 0 0 0 0 0
fn=std::__allocated_ptr<std::allocator<std::_Sp_counted_ptr_inplace<ConfigSettings, std::allocator<void>, (__gnu_cxx::_Lock_policy)2> > >::~__allocated_ptr()
513 1 0 0 0 0 0 0 0 0 0 0 0 0
fn=std::__cxx11::basic_string<char, std::char_traits<char>, std::allocator<char> >& std::vector<std::__cxx11::basic_string<char, std::char_traits<char>, std::allocator<char> >, std::allocator<std::__cxx11::basic_string<char, std::char_traits<char>, std::allocator<char> > > >::emplace_back<std::basic_string_view<char, std::char_traits<char> > const&>(std::basic_string_view<char, std::char_traits<char> > const&)
536 96 0 0 24 0 0 24 0 0 0 0 0 0
538 12 0 0 0 0 0 0 0 0 0 0 0 0
fn=std::__cxx11::basic_string<char, std::char_traits<char>, std::allocator<char> >::_M_destroy(unsigned long)
513 10 0 0 0 0 0 0 0 0 0 0 0 0
fn=std::__cxx11::basic_string<char, std::char_traits<char>, std::allocator<char> >::_S_allocate(std::allocator<char>&, unsigned long)
478 10 0 0 0 0 0 0 0 0 0 0 0 0
fn=std::__cxx11::basic_string<char, std::char_traits<char>, std::allocator<char> >::max_size() const
572 16 5 1 0 0 0 0 0 0 0 0 0 0
fn=std::__detail::_Hash_node<std::pair<std::basic_string_view<char, std::char_traits<char> > const, std::function<bool (std::vector<std::basic_string_view<char, std::char_traits<char> >, std::allocator<std::basic_string_view<char, std::char_traits<char> > > > const&, ConfigSettings&)> >, true>* std::__detail::_Hashtable_alloc<std::allocator<std::__detail::_Hash_node<std::pair<std::basic_string_view<char, std::char_traits<char> > const, std::function<bool (std::vector<std::basic_string_view<char, std::char_traits<char> >, std::allocator<std::basic_string_view<char, std::char_traits<char> > > > const&, ConfigSettings&)> >, true> > >::_M_allocate_node<std::basic_string_view<char, std::char_traits<char> > const&, std::function<bool (std::vector<std::basic_string_view<char, std::char_traits<char> >, std::allocator<std::basic_string_view<char, std::char_traits<char> > > > const&, ConfigSettings&)> const&>(std::basic_string_view<char, std::char_traits<char> > const&, std::function<bool (std::vector<std::basic_string_view<char, std::char_traits<char> >, std::allocator<std::basic_string_view<char, std::char_traits<char> > > > const&, ConfigSettings&)> const&)
478 13 0 0 0 0 0 0 0 0 0 0 0 0
536 169 1 1 39 0 0 39 0 0 0 0 0 0
538 13 0 0 0 0 0 0 0 0 0 0 0 0
fn=std::__detail::_Hashtable_alloc<std::allocator<std::__detail::_Hash_node<std::pair<std::basic_string_view<char, std::char_traits<char> > const, std::function<bool (std::vector<std::basic_string_view<char, std::char_traits<char> >, std::allocator<std::basic_string_view<char, std::char_traits<char> > > > const&, ConfigSettings&)> >, true> > >::_M_allocate_buckets(unsigned long)
478 1 0 0 0 0 0 0 0 0 0 0 0 0
fn=std::__detail::_Hashtable_alloc<std::allocator<std::__detail::_Hash_node<std::pair<std::basic_string_view<char, std::char_traits<char> > const, std::function<bool (std::vector<std::basic_string_view<char, std::char_traits<char> >, std::allocator<std::basic_string_view<char, std::char_traits<char> > > > const&, ConfigSettings&)> >, true> > >::_M_deallocate_buckets(std::__detail::_Hash_node_base**, unsigned long)
513 1 0 0 0 0 0 0 0 0 0 0 0 0
fn=std::__detail::_Hashtable_alloc<std::allocator<std::__detail::_Hash_node<std::pair<std::basic_string_view<char, std::char_traits<char> > const, std::function<bool (std::vector<std::basic_string_view<char, std::char_traits<char> >, std::allocator<std::basic_string_view<char, std::char_traits<char> > > > const&, ConfigSettings&)> >, true> > >::_M_deallocate_node(std::__detail::_Hash_node<std::pair<std::basic_string_view<char, std::char_traits<char> > const, std::function<bool (std::vector<std::basic_string_view<char, std::char_traits<char> >, std::allocator<std::basic_string_view<char, std::char_traits<char> > > > const&, ConfigSettings&)> >, true>*)
556 39 1 0 13 0 0 13 0 0 0 0 0 0
558 13 0 0 0 0 0 0 0 0 0 0 0 0
fn=std::__detail::_Hashtable_alloc<std::allocator<std::__detail::_Hash_node<std::pair<std::basic_string_view<char, std::char_traits<char> > const, std::function<bool (std::vector<std::basic_string_view<char, std::char_traits<char> >, std::allocator<std::basic_string_view<char, std::char_traits<char> > > > const&, ConfigSettings&)> >, true> > >::_M_deallocate_node_ptr(std::__detail::_Hash_node<std::pair<std::basic_string_view<char, std::char_traits<char> > const, std::function<bool (std::vector<std::basic_string_view<char, std::char_traits<char> >, std::allocator<std::basic_string_view<char, std::char_traits<char> > > > const&, ConfigSettings&)> >, true>*)
513 13 0 0 0 0 0 0 0 0 0 0 0 0
fn=std::basic_string_view<char, std::char_traits<char> >& std::vector<std::basic_string_view<char, std::char_traits<char> >, std::allocator<std::basic_string_view<char, std::char_traits<char> > > >::emplace_back<std::basic_string_view<char, std::char_traits<char> > >(std::basic_string_view<char, std::char_traits<char> >&&)
536 752 0 0 188 0 0 188 0 0 0 0 0 0
538 94 0 0 0 0 0 0 0 0 0 0 0 0
fn=std::vector<AABB, std::allocator<AABB> >::_M_realloc_append<AABB const&>(AABB const&)::_Guard::~_Guard()
513 4 0 0 0 0 0 0 0 0 0 0 0 0
fn=std::vector<AABB, std::allocator<AABB> >::_M_realloc_append<AABB>(AABB&&)::_Guard::~_Guard()
513 4 0 0 0 0 0 0 0 0 0 0 0 0
fn=std::vector<AABB, std::allocator<AABB> >::push_back(AABB const&)
536 88 0 0 22 0 0 22 0 0 0 0 0 0
538 11 0 0 0 0 0 0 0 0 0 0 0 0
fn=std::vector<AABB, std::allocator<AABB> >::~vector()
944 10 1 1 4 0 0 2 0 0 0 0 0 0
945 2 0 0 0 0 0 0 0 0 0 0 0 0
fn=std::vector<MaterialID, std::allocator<MaterialID> >::_M_realloc_append<MaterialID>(MaterialID&&)::_Guard::~_Guard()
513 5 0 0 0 0 0 0 0 0 0 0 0 0
fn=std::vector<MaterialID, std::allocator<MaterialID> >::~vector()
944 5 0 0 2 0 0 1 0 0 0 0 0 0
945 1 0 0 0 0 0 0 0 0 0 0 0 0
fn=std::vector<double, std::allocator<double> >::_M_realloc_append<double const&>(double const&)::_Guard::~_Guard()
513 71 0 0 0 0 0 0 0 0 0 0 0 0
fn=std::vector<double, std::allocator<double> >::_M_realloc_append<double>(double&&)::_Guard::~_Guard()
513 4 0 0 0 0 0 0 0 0 0 0 0 0
fn=std::vector<double, std::allocator<double> >::push_back(double const&)
536 1128 0 0 282 0 0 282 0 0 0 0 0 0
538 141 0 0 0 0 0 0 0 0 0 0 0 0
fn=std::vector<double, std::allocator<double> >::~vector()
944 100 0 0 40 0 0 20 0 0 0 0 0 0
945 20 0 0 0 0 0 0 0 0 0 0 0 0
fn=std::vector<int, std::allocator<int> >::_M_realloc_append<int const&>(int const&)::_Guard::~_Guard()
513 4 0 0 0 0 0 0 0 0 0 0 0 0
fn=std::vector<int, std::allocator<int> >::push_back(int const&)
536 88 0 0 22 0 0 22 0 0 0 0 0 0
538 11 0 0 0 0 0 0 0 0 0 0 0 0
fn=std::vector<int, std::allocator<int> >::~vector()
944 5 0 0 2 0 0 1 0 0 0 0 0 0
945 1 0 0 0 0 0 0 0 0 0 0 0 0
fn=std::vector<std::__cxx11::basic_string<char, std::char_traits<char>, std::allocator<char> >, std::allocator<std::__cxx11::basic_string<char, std::char_traits<char>, std::allocator<char> > > >::_M_realloc_append<std::basic_string_view<char, std::char_traits<char> > const&>(std::basic_string_view<char, std::char_traits<char> > const&)::_Guard::~_Guard()
513 5 0 0 0 0 0 0 0 0 0 0 0 0
fn=std::vector<std::__cxx11::basic_string<char, std::char_traits<char>, std::allocator<char> >, std::allocator<std::__cxx11::basic_string<char, std::char_traits<char>, std::allocator<char> > > >::~vector()
944 10 0 0 4 0 0 2 0 0 0 0 0 0
945 2 0 0 0 0 0 0 0 0 0 0 0 0
fn=std::vector<std::basic_string_view<char, std::char_traits<char> >, std::allocator<std::basic_string_view<char, std::char_traits<char> > > >::_M_realloc_append<std::basic_string_view<char, std::char_traits<char> > >(std::basic_string_view<char, std::char_traits<char> >&&)::_Guard::~_Guard()
513 147 0 0 0 0 0 0 0 0 0 0 0 0
fn=std::vector<std::basic_string_view<char, std::char_traits<char> >, std::allocator<std::basic_string_view<char, std::char_traits<char> > > >::_M_realloc_append<std::basic_string_view<char, std::char_traits<char> > const&>(std::basic_string_view<char, std::char_traits<char> > const&)::_Guard::~_Guard()
513 32 0 0 0 0 0 0 0 0 0 0 0 0
fn=std::vector<std::basic_string_view<char, std::char_traits<char> >, std::allocator<std::basic_string_view<char, std::char_traits<char> > > >::push_back(std::basic_string_view<char, std::char_traits<char> > const&)
536 240 0 0 60 0 0 60 0 0 0 0 0 0
538 30 0 0 0 0 0 0 0 0 0 0 0 0
fn=std::vector<std::basic_string_view<char, std::char_traits<char> >, std::allocator<std::basic_string_view<char, std::char_traits<char> > > >::~vector()
944 310 1 0 124 0 0 62 0 0 0 0 0 0
945 62 0 0 0 0 0 0 0 0 0 0 0 0
fn=std::vector<unsigned char, std::allocator<unsigned char> >::vector(std::vector<unsigned char, std::allocator<unsigned char> > const&)
584 3 0 0 0 0 0 0 0 0 0 0 0 0
fn=std::vector<unsigned char, std::allocator<unsigned char> >::~vector()
944 30 0 0 12 0 0 6 0 0 0 0 0 0
945 6 0 0 0 0 0 0 0 0 0 0 0 0
fn=std::vector<unsigned int, std::allocator<unsigned int> >::_M_realloc_append<unsigned int>(unsigned int&&)::_Guard::~_Guard()
513 4 0 0 0 0 0 0 0 0 0 0 0 0
fn=std::vector<unsigned int, std::allocator<unsigned int> >::~vector()
944 5 0 0 2 0 0 1 0 0 0 0 0 0
945 1 0 0 0 0 0 0 0 0 0 0 0 0
fn=unsigned int& std::vector<unsigned int, std::allocator<unsigned int> >::emplace_back<unsigned int>(unsigned int&&)
536 88 0 0 22 0 0 22 0 0 0 0 0 0
538 11 0 0 0 0 0 0 0 0 0 0 0 0
fn=void std::__relocate_object_a<AABB, AABB, std::allocator<AABB> >(AABB*, AABB*, std::allocator<AABB>&)
536 240 8 1 60 0 0 60 0 0 0 0 0 0
538 30 0 0 0 0 0 0 0 0 0 0 0 0
556 90 0 0 30 0 0 30 0 0 0 0 0 0
558 30 0 0 0 0 0 0 0 0 0 0 0 0
fn=void std::__relocate_object_a<std::__cxx11::basic_string<char, std::char_traits<char>, std::allocator<char> >, std::__cxx11::basic_string<char, std::char_traits<char>, std::allocator<char> >, std::allocator<std::__cxx11::basic_string<char, std::char_traits<char>, std::allocator<char> > > >(std::__cxx11::basic_string<char, std::char_traits<char>, std::allocator<char> >*, std::__cxx11::basic_string<char, std::char_traits<char>, std::allocator<char> >*, std::allocator<std::__cxx11::basic_string<char, std::char_traits<char>, std::allocator<char> > >&)
536 248 4 1 62 0 0 62 0 0 0 0 0 0
538 31 0 0 0 0 0 0 0 0 0 0 0 0
556 93 0 0 31 0 0 31 0 0 0 0 0 0
558 31 0 0 0 0 0 0 0 0 0 0 0 0
fn=void std::__relocate_object_a<std::basic_string_view<char, std::char_traits<char> >, std::basic_string_view<char, std::char_traits<char> >, std::allocator<std::basic_string_view<char, std::char_traits<char> > > >(std::basic_string_view<char, std::char_traits<char> >*, std::basic_string_view<char, std::char_traits<char> >*, std::allocator<std::basic_string_view<char, std::char_traits<char> > >&)
536 3872 3 1 968 0 0 968 0 0 0 0 0 0
538 484 0 0 0 0 0 0 0 0 0 0 0 0
556 1452 0 0 484 0 0 484 0 0 0 0 0 0
558 484 0 0 0 0 0 0 0 0 0 0 0 0
fn=void std::vector<AABB, std::allocator<AABB> >::_M_realloc_append<AABB const&>(AABB const&)
536 40 5 1 10 0 0 10 0 0 0 0 0 0
538 5 0 0 0 0 0 0 0 0 0 0 0 0
fn=void std::vector<AABB, std::allocator<AABB> >::_M_realloc_append<AABB>(AABB&&)
536 40 0 0 10 0 0 10 0 0 0 0 0 0
538 5 0 0 0 0 0 0 0 0 0 0 0 0
fn=void std::vector<MaterialID, std::allocator<MaterialID> >::_M_realloc_append<MaterialID>(MaterialID&&)
536 48 0 0 12 0 0 12 0 0 0 0 0 0
538 6 4 1 0 0 0 0 0 0 0 0 0 0
fn=void std::vector<double, std::allocator<double> >::_M_realloc_append<double const&>(double const&)
536 720 0 0 180 0 0 180 0 0 0 0 0 0
538 90 0 0 0 0 0 0 0 0 0 0 0 0
fn=void std::vector<double, std::allocator<double> >::_M_realloc_append<double>(double&&)
536 40 0 0 10 0 0 10 0 0 0 0 0 0
538 5 0 0 0 0 0 0 0 0 0 0 0 0
fn=void std::vector<int, std::allocator<int> >::_M_realloc_append<int const&>(int const&)
536 40 5 1 10 0 0 10 0 0 0 0 0 0
538 5 0 0 0 0 0 0 0 0 0 0 0 0
fn=void std::vector<std::__cxx11::basic_string<char, std::char_traits<char>, std::allocator<char> >, std::allocator<std::__cxx11::basic_string<char, std::char_traits<char>, std::allocator<char> > > >::_M_realloc_append<std::basic_string_view<char, std::char_traits<char> > const&>(std::basic_string_view<char, std::char_traits<char> > const&)
536 48 0 0 12 0 0 12 0 0 0 0 0 0
538 6 0 0 0 0 0 0 0 0 0 0 0 0
fn=void std::vector<std::basic_string_view<char, std::char_traits<char> >, std::allocator<std::basic_string_view<char, std::char_traits<char> > > >::_M_realloc_append<std::basic_string_view<char, std::char_traits<char> > >(std::basic_string_view<char, std::char_traits<char> >&&)
536 1672 0 0 418 0 0 418 0 0 0 0 0 0
538 209 0 0 0 0 0 0 0 0 0 0 0 0
fn=void std::vector<std::basic_string_view<char, std::char_traits<char> >, std::allocator<std::basic_string_view<char, std::char_traits<char> > > >::_M_realloc_append<std::basic_string_view<char, std::char_traits<char> > const&>(std::basic_string_view<char, std::char_traits<char> > const&)
536 256 0 0 64 0 0 64 0 0 0 0 0 0
538 32 0 0 0 0 0 0 0 0 0 0 0 0
fn=void std::vector<unsigned int, std::allocator<unsigned int> >::_M_realloc_append<unsigned int>(unsigned int&&)
536 40 0 0 10 0 0 10 0 0 0 0 0 0
538 5 0 0 0 0 0 0 0 0 0 0 0 0
fl=/usr/include/c++/14/bits/allocated_ptr.h
fn=std::__allocated_ptr<std::allocator<std::_Sp_counted_ptr_inplace<ConfigSettings, std::allocator<void>, (__gnu_cxx::_Lock_policy)2> > > std::__allocate_guarded<std::allocator<std::_Sp_counted_ptr_inplace<ConfigSettings, std::allocator<void>, (__gnu_cxx::_Lock_policy)2> > >(std::allocator<std::_Sp_counted_ptr_inplace<ConfigSettings, std::allocator<void>, (__gnu_cxx::_Lock_policy)2> >&)
96 16 2 2 4 0 0 8 0 0 0 0 0 0
98 5 0 0 2 0 0 1 0 0 0 0 0 0
99 6 1 1 5 0 0 0 0 0 1 0 0 0
fn=std::__allocated_ptr<std::allocator<std::_Sp_counted_ptr_inplace<ConfigSettings, std::allocator<void>, (__gnu_cxx::_Lock_policy)2> > >::__allocated_ptr(std::allocator<std::_Sp_counted_ptr_inplace<ConfigSettings, std::allocator<void>, (__gnu_cxx::_Lock_policy)2> >&, std::_Sp_counted_ptr_inplace<ConfigSettings, std::allocator<void>, (__gnu_cxx::_Lock_policy)2>*)
53 14 4 1 0 0 0 8 0 0 0 0 0 0
54 16 0 0 8 0 0 6 0 0 0 0 0 0
55 6 0 0 4 0 0 0 0 0 0 0 0 0
fn=std::__allocated_ptr<std::allocator<std::_Sp_counted_ptr_inplace<ConfigSettings, std::allocator<void>, (__gnu_cxx::_Lock_policy)2> > >::get()
86 11 2 2 4 0 0 3 0 0 0 0 0 0
fn=std::__allocated_ptr<std::allocator<std::_Sp_counted_ptr_inplace<ConfigSettings, std::allocator<void>, (__gnu_cxx::_Lock_policy)2> > >::operator=(decltype(nullptr))
79 5 0 0 0 0 0 3 0 0 0 0 0 0
81 2 0 0 1 0 0 1 0 0 0 0 0 0
82 1 0 0 1 0 0 0 0 0 0 0 0 0
83 2 0 0 2 0 0 0 0 0 0 0 0 0
fn=std::__allocated_ptr<std::allocator<std::_Sp_counted_ptr_inplace<ConfigSettings, std::allocator<void>, (__gnu_cxx::_Lock_policy)2> > >::~__allocated_ptr()
71 10 1 0 0 0 0 4 0 0 0 0 0 0
73 8 0 0 4 0 0 0 0 0 2 1 0 0
74 13 1 1 7 0 0 6 0 0 0 0 0 0
75 6 0 0 4 0 0 0 0 0 0 0 0 0
fl=/usr/include/c++/14/bits/allocator.h
fn=(anonymous namespace)::processLine(std::basic_string_view<char, std::char_traits<char> >, ConfigSettings&)
161 1 0 0 0 0 0 0 0 0 0 0 0 0
182 1 0 0 0 0 0 0 0 0 0 0 0 0
fn=ImageSOA::ImageSOA(unsigned long, unsigned long)
161 3 0 0 0 0 0 0 0 0 0 0 0 0
182 3 0 0 0 0 0 0 0 0 0 0 0 0
fn=decltype (::new ((void*)(0)) std::__cxx11::basic_string<char, std::char_traits<char>, std::allocator<char> >((declval<std::basic_string_view<char, std::char_traits<char> > const&>)())) std::construct_at<std::__cxx11::basic_string<char, std::char_traits<char>, std::allocator<char> >, std::basic_string_view<char, std::char_traits<char> > const&>(std::__cxx11::basic_string<char, std::char_traits<char>, std::allocator<char> >*, std::basic_string_view<char, std::char_traits<char> > const&)
161 18 0 0 0 0 0 0 0 0 0 0 0 0
182 18 0 0 0 0 0 0 0 0 0 0 0 0
fn=main
161 1 0 0 0 0 0 0 0 0 0 0 0 0
182 1 0 0 0 0 0 0 0 0 0 0 0 0
fn=std::_Hashtable<std::basic_string_view<char, std::char_traits<char> >, std::pair<std::basic_string_view<char, std::char_traits<char> > const, std::function<bool (std::vector<std::basic_string_view<char, std::char_traits<char> >, std::allocator<std::basic_string_view<char, std::char_traits<char> > > > const&, ConfigSettings&)> >, std::allocator<std::pair<std::basic_string_view<char, std::char_traits<char> > const, std::function<bool (std::vector<std::basic_string_view<char, std::char_traits<char> >, std::allocator<std::basic_string_view<char, std::char_traits<char> > > > const&, ConfigSettings&)> > >, std::__detail::_Select1st, std::equal_to<std::basic_string_view<char, std::char_traits<char> > >, std::hash<std::basic_string_view<char, std::char_traits<char> > >, std::__detail::_Mod_range_hashing, std::__detail::_Default_ranged_hash, std::__detail::_Prime_rehash_policy, std::__detail::_Hashtable_traits<true, false, true> >::_Hashtable(std::hash<std::basic_string_view<char, std::char_traits<char> > > const&, std::equal_to<std::basic_string_view<char, std::char_traits<char> > > const&, std::allocator<std::pair<std::basic_string_view<char, std::char_traits<char> > const, std::function<bool (std::vector<std::basic_string_view<char, std::char_traits<char> >, std::allocator<std::basic_string_view<char, std::char_traits<char> > > > const&, ConfigSettings&)> > > const&)
176 1 0 0 0 0 0 0 0 0 0 0 0 0
182 1 0 0 0 0 0 0 0 0 0 0 0 0
fn=std::_Sp_counted_ptr_inplace<ConfigSettings, std::allocator<void>, (__gnu_cxx::_Lock_policy)2>::_M_destroy()
176 1 0 0 0 0 0 0 0 0 0 0 0 0
182 1 0 0 0 0 0 0 0 0 0 0 0 0
fn=std::_Vector_base<AABB, std::allocator<AABB> >::_M_allocate(unsigned long)
189 20 0 0 0 0 0 0 0 0 10 2 0 0
196 70 5 1 20 0 0 10 0 0 0 0 0 0
fn=std::_Vector_base<AABB, std::allocator<AABB> >::_M_deallocate(AABB*, unsigned long)
203 4 0 0 0 0 0 0 0 0 2 2 0 0
208 12 0 0 6 0 0 2 0 0 0 0 0 0
fn=std::_Vector_base<AABB, std::allocator<AABB> >::_Vector_impl::~_Vector_impl()
182 2 0 0 0 0 0 0 0 0 0 0 0 0
fn=std::_Vector_base<MaterialID, std::allocator<MaterialID> >::_M_allocate(unsigned long)
189 12 0 0 0 0 0 0 0 0 6 2 0 0
196 42 8 2 12 0 0 6 0 0 0 0 0 0
fn=std::_Vector_base<MaterialID, std::allocator<MaterialID> >::_M_deallocate(MaterialID*, unsigned long)
203 2 0 0 0 0 0 0 0 0 1 1 0 0
208 6 0 0 3 0 0 1 0 0 0 0 0 0
fn=std::_Vector_base<MaterialID, std::allocator<MaterialID> >::_Vector_impl::~_Vector_impl()
182 1 0 0 0 0 0 0 0 0 0 0 0 0
fn=std::_Vector_base<double, std::allocator<double> >::_M_allocate(unsigned long)
189 190 0 0 0 0 0 0 0 0 95 2 0 0
196 665 7 1 190 0 0 95 0 0 0 0 0 0
fn=std::_Vector_base<double, std::allocator<double> >::_M_deallocate(double*, unsigned long)
203 40 0 0 0 0 0 0 0 0 20 7 0 0
208 120 0 0 60 0 0 20 0 0 0 0 0 0
fn=std::_Vector_base<double, std::allocator<double> >::_Vector_impl::~_Vector_impl()
182 20 0 0 0 0 0 0 0 0 0 0 0 0
fn=std::_Vector_base<int, std::allocator<int> >::_M_allocate(unsigned long)
189 10 0 0 0 0 0 0 0 0 5 2 0 0
196 35 10 2 10 0 0 5 0 0 0 0 0 0
fn=std::_Vector_base<int, std::allocator<int> >::_M_deallocate(int*, unsigned long)
203 2 0 0 0 0 0 0 0 0 1 0 0 0
208 6 0 0 3 0 0 1 0 0 0 0 0 0
fn=std::_Vector_base<int, std::allocator<int> >::_Vector_impl::~_Vector_impl()
182 1 0 0 0 0 0 0 0 0 0 0 0 0
fn=std::_Vector_base<std::__cxx11::basic_string<char, std::char_traits<char>, std::allocator<char> >, std::allocator<std::__cxx11::basic_string<char, std::char_traits<char>, std::allocator<char> > > >::_M_allocate(unsigned long)
189 14 0 0 0 0 0 0 0 0 7 3 0 0
196 49 9 2 14 0 0 7 0 0 0 0 0 0
fn=std::_Vector_base<std::__cxx11::basic_string<char, std::char_traits<char>, std::allocator<char> >, std::allocator<std::__cxx11::basic_string<char, std::char_traits<char>, std::allocator<char> > > >::_M_deallocate(std::__cxx11::basic_string<char, std::char_traits<char>, std::allocator<char> >*, unsigned long)
203 4 0 0 0 0 0 0 0 0 2 2 0 0
208 12 0 0 6 0 0 2 0 0 0 0 0 0
fn=std::_Vector_base<std::__cxx11::basic_string<char, std::char_traits<char>, std::allocator<char> >, std::allocator<std::__cxx11::basic_string<char, std::char_traits<char>, std::allocator<char> > > >::_Vector_impl::_Vector_impl(std::allocator<std::__cxx11::basic_string<char, std::char_traits<char>, std::allocator<char> > > const&)
166 1 0 0 0 0 0 0 0 0 0 0 0 0
fn=std::_Vector_base<std::__cxx11::basic_string<char, std::char_traits<char>, std::allocator<char> >, std::allocator<std::__cxx11::basic_string<char, std::char_traits<char>, std::allocator<char> > > >::_Vector_impl::~_Vector_impl()
182 2 0 0 0 0 0 0 0 0 0 0 0 0
fn=std::_Vector_base<std::basic_string_view<char, std::char_traits<char> >, std::allocator<std::basic_string_view<char, std::char_traits<char> > > >::_M_allocate(unsigned long)
189 482 0 0 0 0 0 0 0 0 241 0 0 0
196 1687 11 1 482 0 0 241 0 0 0 0 0 0
fn=std::_Vector_base<std::basic_string_view<char, std::char_traits<char> >, std::allocator<std::basic_string_view<char, std::char_traits<char> > > >::_M_deallocate(std::basic_string_view<char, std::char_traits<char> >*, unsigned long)
203 124 0 0 0 0 0 0 0 0 62 12 0 0
208 372 0 0 186 0 0 62 0 0 0 0 0 0
fn=std::_Vector_base<std::basic_string_view<char, std::char_traits<char> >, std::allocator<std::basic_string_view<char, std::char_traits<char> > > >::_Vector_impl::~_Vector_impl()
182 62 0 0 0 0 0 0 0 0 0 0 0 0
fn=std::_Vector_base<unsigned char, std::allocator<unsigned char> >::_M_allocate(unsigned long)
189 12 0 0 0 0 0 0 0 0 6 5 0 0
196 42 1 1 12 0 0 6 0 0 0 0 0 0
fn=std::_Vector_base<unsigned char, std::allocator<unsigned char> >::_M_deallocate(unsigned char*, unsigned long)
203 12 0 0 0 0 0 0 0 0 6 4 0 0
208 36 0 0 18 0 0 6 0 0 0 0 0 0
fn=std::_Vector_base<unsigned char, std::allocator<unsigned char> >::_Vector_impl::_Vector_impl(std::allocator<unsigned char> const&)
166 6 0 0 0 0 0 0 0 0 0 0 0 0
fn=std::_Vector_base<unsigned char, std::allocator<unsigned char> >::_Vector_impl::~_Vector_impl()
182 6 0 0 0 0 0 0 0 0 0 0 0 0
fn=std::_Vector_base<unsigned int, std::allocator<unsigned int> >::_M_allocate(unsigned long)
189 10 0 0 0 0 0 0 0 0 5 1 0 0
196 35 5 1 10 0 0 5 0 0 0 0 0 0
fn=std::_Vector_base<unsigned int, std::allocator<unsigned int> >::_M_deallocate(unsigned int*, unsigned long)
203 2 0 0 0 0 0 0 0 0 1 1 0 0
208 6 0 0 3 0 0 1 0 0 0 0 0 0
fn=std::_Vector_base<unsigned int, std::allocator<unsigned int> >::_Vector_impl::~_Vector_impl()
182 1 0 0 0 0 0 0 0 0 0 0 0 0
fn=std::__allocated_ptr<std::allocator<std::_Sp_counted_ptr_inplace<ConfigSettings, std::allocator<void>, (__gnu_cxx::_Lock_policy)2> > > std::__allocate_guarded<std::allocator<std::_Sp_counted_ptr_inplace<ConfigSettings, std::allocator<void>, (__gnu_cxx::_Lock_policy)2> > >(std::allocator<std::_Sp_counted_ptr_inplace<ConfigSettings, std::allocator<void>, (__gnu_cxx::_Lock_policy)2> >&)
189 2 0 0 0 0 0 0 0 0 1 1 0 0
196 8 1 1 2 0 0 1 0 0 0 0 0 0
fn=std::__allocated_ptr<std::allocator<std::_Sp_counted_ptr_inplace<ConfigSettings, std::allocator<void>, (__gnu_cxx::_Lock_policy)2> > >::~__allocated_ptr()
203 2 0 0 0 0 0 0 0 0 1 1 0 0
208 6 1 0 3 0 0 1 0 0 0 0 0 0
fn=std::__cxx11::basic_string<char, std::char_traits<char>, std::allocator<char> >::_Alloc_hider::_Alloc_hider(char*, std::allocator<char> const&)
166 22 0 0 0 0 0 0 0 0 0 0 0 0
fn=std::__cxx11::basic_string<char, std::char_traits<char>, std::allocator<char> >::_Alloc_hider::_Alloc_hider(char*, std::allocator<char>&&)
166 33 0 0 0 0 0 0 0 0 0 0 0 0
fn=std::__cxx11::basic_string<char, std::char_traits<char>, std::allocator<char> >::_Alloc_hider::~_Alloc_hider()
182 55 0 0 0 0 0 0 0 0 0 0 0 0
fn=std::__cxx11::basic_string<char, std::char_traits<char>, std::allocator<char> >::_M_destroy(unsigned long)
203 20 0 0 0 0 0 0 0 0 10 7 0 0
208 60 0 0 30 0 0 10 0 0 0 0 0 0
fn=std::__cxx11::basic_string<char, std::char_traits<char>, std::allocator<char> >::_S_allocate(std::allocator<char>&, unsigned long)
189 20 0 0 0 0 0 0 0 0 10 7 0 0
196 70 6 1 20 0 0 10 0 0 0 0 0 0
fn=std::__cxx11::basic_string<char, std::char_traits<char>, std::allocator<char> >::basic_string()
161 2 0 0 0 0 0 0 0 0 0 0 0 0
182 6 0 0 2 0 0 2 0 0 0 0 0 0
fn=std::__detail::_Hash_node<std::pair<std::basic_string_view<char, std::char_traits<char> > const, std::function<bool (std::vector<std::basic_string_view<char, std::char_traits<char> >, std::allocator<std::basic_string_view<char, std::char_traits<char> > > > const&, ConfigSettings&)> >, true>* std::__detail::_Hashtable_alloc<std::allocator<std::__detail::_Hash_node<std::pair<std::basic_string_view<char, std::char_traits<char> > const, std::function<bool (std::vector<std::basic_string_view<char, std::char_traits<char> >, std::allocator<std::basic_string_view<char, std::char_traits<char> > > > const&, ConfigSettings&)> >, true> > >::_M_allocate_node<std::basic_string_view<char, std::char_traits<char> > const&, std::function<bool (std::vector<std::basic_string_view<char, std::char_traits<char> >, std::allocator<std::basic_string_view<char, std::char_traits<char> > > > const&, ConfigSettings&)> const&>(std::basic_string_view<char, std::char_traits<char> > const&, std::function<bool (std::vector<std::basic_string_view<char, std::char_traits<char> >, std::allocator<std::basic_string_view<char, std::char_traits<char> > > > const&, ConfigSettings&)> const&)
189 26 0 0 0 0 0 0 0 0 13 7 0 0
196 91 2 2 26 0 0 13 0 0 0 0 0 0
fn=std::__detail::_Hashtable_alloc<std::allocator<std::__detail::_Hash_node<std::pair<std::basic_string_view<char, std::char_traits<char> > const, std::function<bool (std::vector<std::basic_string_view<char, std::char_traits<char> >, std::allocator<std::basic_string_view<char, std::char_traits<char> > > > const&, ConfigSettings&)> >, true> > >::_M_allocate_buckets(unsigned long)
176 7 0 0 2 0 0 3 0 0 0 0 0 0
182 1 0 0 0 0 0 0 0 0 0 0 0 0
189 2 0 0 0 0 0 0 0 0 1 0 0 0
196 7 1 1 2 0 0 1 0 0 0 0 0 0
fn=std::__detail::_Hashtable_alloc<std::allocator<std::__detail::_Hash_node<std::pair<std::basic_string_view<char, std::char_traits<char> > const, std::function<bool (std::vector<std::basic_string_view<char, std::char_traits<char> >, std::allocator<std::basic_string_view<char, std::char_traits<char> > > > const&, ConfigSettings&)> >, true> > >::_M_deallocate_buckets(std::__detail::_Hash_node_base**, unsigned long)
176 11 1 1 4 0 0 5 0 0 0 0 0 0
182 1 0 0 0 0 0 0 0 0 0 0 0 0
203 2 0 0 0 0 0 0 0 0 1 1 0 0
208 6 0 0 3 0 0 1 0 0 0 0 0 0
fn=std::__detail::_Hashtable_alloc<std::allocator<std::__detail::_Hash_node<std::pair<std::basic_string_view<char, std::char_traits<char> > const, std::function<bool (std::vector<std::basic_string_view<char, std::char_traits<char> >, std::allocator<std::basic_string_view<char, std::char_traits<char> > > > const&, ConfigSettings&)> >, true> > >::_M_deallocate_node_ptr(std::__detail::_Hash_node<std::pair<std::basic_string_view<char, std::char_traits<char> > const, std::function<bool (std::vector<std::basic_string_view<char, std::char_traits<char> >, std::allocator<std::basic_string_view<char, std::char_traits<char> > > > const&, ConfigSettings&)> >, true>*)
203 26 0 0 0 0 0 0 0 0 13 2 0 0
208 78 0 0 39 0 0 13 0 0 0 0 0 0
fn=std::__detail::_Hashtable_ebo_helper<0, std::allocator<std::__detail::_Hash_node<std::pair<std::basic_string_view<char, std::char_traits<char> > const, std::function<bool (std::vector<std::basic_string_view<char, std::char_traits<char> >, std::allocator<std::basic_string_view<char, std::char_traits<char> > > > const&, ConfigSettings&)> >, true> >, true>::_Hashtable_ebo_helper<std::allocator<std::__detail::_Hash_node<std::pair<std::basic_string_view<char, std::char_traits<char> > const, std::function<bool (std::vector<std::basic_string_view<char, std::char_traits<char> >, std::allocator<std::basic_string_view<char, std::char_traits<char> > > > const&, ConfigSettings&)> >, true> > >(std::allocator<std::__detail::_Hash_node<std::pair<std::basic_string_view<char, std::char_traits<char> > const, std::function<bool (std::vector<std::basic_string_view<char, std::char_traits<char> >, std::allocator<std::basic_string_view<char, std::char_traits<char> > > > const&, ConfigSettings&)> >, true> >&&)
166 1 0 0 0 0 0 0 0 0 0 0 0 0
fn=std::__detail::_Hashtable_ebo_helper<0, std::allocator<std::__detail::_Hash_node<std::pair<std::basic_string_view<char, std::char_traits<char> > const, std::function<bool (std::vector<std::basic_string_view<char, std::char_traits<char> >, std::allocator<std::basic_string_view<char, std::char_traits<char> > > > const&, ConfigSettings&)> >, true> >, true>::~_Hashtable_ebo_helper()
182 1 0 0 0 0 0 0 0 0 0 0 0 0
fn=std::__shared_count<(__gnu_cxx::_Lock_policy)2>::__shared_count<ConfigSettings, std::allocator<void>, ConfigSettings&>(ConfigSettings*&, std::_Sp_alloc_shared_tag<std::allocator<void> >, ConfigSettings&)
176 1 0 0 0 0 0 0 0 0 0 0 0 0
182 1 0 0 0 0 0 0 0 0 0 0 0 0
fn=std::vector<AABB, std::allocator<AABB> >::_M_realloc_append<AABB const&>(AABB const&)::_Guard::~_Guard()
203 8 0 0 0 0 0 0 0 0 4 2 0 0
208 24 0 0 12 0 0 4 0 0 0 0 0 0
fn=std::vector<AABB, std::allocator<AABB> >::_M_realloc_append<AABB>(AABB&&)::_Guard::~_Guard()
203 8 0 0 0 0 0 0 0 0 4 4 0 0
208 24 0 0 12 0 0 4 0 0 0 0 0 0
fn=std::vector<MaterialID, std::allocator<MaterialID> >::_M_realloc_append<MaterialID>(MaterialID&&)::_Guard::~_Guard()
203 10 0 0 0 0 0 0 0 0 5 5 0 0
208 30 0 0 15 0 0 5 0 0 0 0 0 0
fn=std::vector<double, std::allocator<double> >::_M_realloc_append<double const&>(double const&)::_Guard::~_Guard()
203 142 0 0 0 0 0 0 0 0 71 6 0 0
208 426 0 0 213 0 0 71 0 0 0 0 0 0
fn=std::vector<double, std::allocator<double> >::_M_realloc_append<double>(double&&)::_Guard::~_Guard()
203 8 0 0 0 0 0 0 0 0 4 2 0 0
208 24 0 0 12 0 0 4 0 0 0 0 0 0
fn=std::vector<int, std::allocator<int> >::_M_realloc_append<int const&>(int const&)::_Guard::~_Guard()
203 8 0 0 0 0 0 0 0 0 4 4 0 0
208 24 0 0 12 0 0 4 0 0 0 0 0 0
fn=std::vector<std::__cxx11::basic_string<char, std::char_traits<char>, std::allocator<char> >, std::allocator<std::__cxx11::basic_string<char, std::char_traits<char>, std::allocator<char> > > >::_M_realloc_append<std::basic_string_view<char, std::char_traits<char> > const&>(std::basic_string_view<char, std::char_traits<char> > const&)::_Guard::~_Guard()
203 10 0 0 0 0 0 0 0 0 5 2 0 0
208 30 0 0 15 0 0 5 0 0 0 0 0 0
fn=std::vector<std::__cxx11::basic_string<char, std::char_traits<char>, std::allocator<char> >, std::allocator<std::__cxx11::basic_string<char, std::char_traits<char>, std::allocator<char> > > >::_S_check_init_len(unsigned long, std::allocator<std::__cxx11::basic_string<char, std::char_traits<char>, std::allocator<char> > > const&)
166 1 0 0 0 0 0 0 0 0 0 0 0 0
182 1 0 0 0 0 0 0 0 0 0 0 0 0
fn=std::vector<std::basic_string_view<char, std::char_traits<char> >, std::allocator<std::basic_string_view<char, std::char_traits<char> > > >::_M_realloc_append<std::basic_string_view<char, std::char_traits<char> > >(std::basic_string_view<char, std::char_traits<char> >&&)::_Guard::~_Guard()
203 294 0 0 0 0 0 0 0 0 147 10 0 0
208 882 0 0 441 0 0 147 0 0 0 0 0 0
fn=std::vector<std::basic_string_view<char, std::char_traits<char> >, std::allocator<std::basic_string_view<char, std::char_traits<char> > > >::_M_realloc_append<std::basic_string_view<char, std::char_traits<char> > const&>(std::basic_string_view<char, std::char_traits<char> > const&)::_Guard::~_Guard()
203 64 0 0 0 0 0 0 0 0 32 8 0 0
208 192 0 0 96 0 0 32 0 0 0 0 0 0
fn=std::vector<unsigned char, std::allocator<unsigned char> >::_S_check_init_len(unsigned long, std::allocator<unsigned char> const&)
166 3 0 0 0 0 0 0 0 0 0 0 0 0
182 3 0 0 0 0 0 0 0 0 0 0 0 0
fn=std::vector<unsigned char, std::allocator<unsigned char> >::vector(std::vector<unsigned char, std::allocator<unsigned char> > const&)
166 3 0 0 0 0 0 0 0 0 0 0 0 0
182 3 0 0 0 0 0 0 0 0 0 0 0 0
fn=std::vector<unsigned int, std::allocator<unsigned int> >::_M_realloc_append<unsigned int>(unsigned int&&)::_Guard::~_Guard()
203 8 0 0 0 0 0 0 0 0 4 3 0 0
208 24 0 0 12 0 0 4 0 0 0 0 0 0
fn=void std::_Construct<std::__cxx11::basic_string<char, std::char_traits<char>, std::allocator<char> >, char*&>(std::__cxx11::basic_string<char, std::char_traits<char>, std::allocator<char> >*, char*&)
161 4 0 0 0 0 0 0 0 0 0 0 0 0
182 4 0 0 0 0 0 0 0 0 0 0 0 0
fl=/usr/include/c++/14/bits/basic_string.h
fn=std::__cxx11::basic_string<char, std::char_traits<char>, std::allocator<char> >::_Alloc_hider::_Alloc_hider(char*, std::allocator<char> const&)
193 308 26 2 88 0 0 176 0 0 0 0 0 0
194 132 0 0 88 0 0 22 2 2 0 0 0 0
fn=std::__cxx11::basic_string<char, std::char_traits<char>, std::allocator<char> >::_Alloc_hider::_Alloc_hider(char*, std::allocator<char>&&)
197 231 7 1 0 0 0 132 0 0 0 0 0 0
198 528 0 0 264 0 0 198 0 0 0 0 0 0
fn=std::__cxx11::basic_string<char, std::char_traits<char>, std::allocator<char> >::_Alloc_hider::~_Alloc_hider()
186 495 4 1 165 0 0 165 0 0 0 0 0 0
fn=std::__cxx11::basic_string<char, std::char_traits<char>, std::allocator<char> >::_M_capacity(unsigned long)
254 50 0 0 0 0 0 30 0 0 0 0 0 0
255 60 0 0 40 0 0 10 1 1 0 0 0 0
fn=std::__cxx11::basic_string<char, std::char_traits<char>, std::allocator<char> >::_M_data() const
227 2340 9 1 0 0 0 1170 0 0 0 0 0 0
228 2340 0 0 2340 10 0 0 0 0 0 0 0 0
fn=std::__cxx11::basic_string<char, std::char_traits<char>, std::allocator<char> >::_M_data(char*)
217 205 1 1 0 0 0 123 0 0 0 0 0 0
218 246 0 0 164 0 0 41 0 0 0 0 0 0
fn=std::__cxx11::basic_string<char, std::char_traits<char>, std::allocator<char> >::_M_destroy(unsigned long)
293 80 7 2 0 0 0 50 0 0 0 0 0 0
294 240 4 1 100 0 0 80 0 0 0 0 0 0
fn=std::__cxx11::basic_string<char, std::char_traits<char>, std::allocator<char> >::_M_dispose()
285 305 2 0 0 0 0 122 0 0 0 0 0 0
287 366 0 0 61 0 0 61 0 0 61 11 0 0
288 60 0 0 30 1 0 10 0 0 0 0 0 0
289 183 0 0 122 0 0 0 0 0 0 0 0 0
fn=std::__cxx11::basic_string<char, std::char_traits<char>, std::allocator<char> >::_M_get_allocator()
341 204 6 2 0 0 0 102 0 0 0 0 0 0
342 153 0 0 153 0 0 0 0 0 0 0 0 0
fn=std::__cxx11::basic_string<char, std::char_traits<char>, std::allocator<char> >::_M_get_allocator() const
346 64 0 0 0 0 0 32 0 0 0 0 0 0
347 48 0 0 48 0 0 0 0 0 0 0 0 0
fn=std::__cxx11::basic_string<char, std::char_traits<char>, std::allocator<char> >::_M_is_local() const
267 588 4 0 0 0 0 294 0 0 0 0 0 0
269 1078 0 0 196 0 0 196 0 0 98 11 0 0
271 252 1 0 168 0 0 0 0 0 0 0 0 0
273 168 0 0 0 0 0 0 0 0 0 0 0 0
275 14 1 0 0 0 0 0 0 0 0 0 0 0
276 294 0 0 294 0 0 0 0 0 0 0 0 0
fn=std::__cxx11::basic_string<char, std::char_traits<char>, std::allocator<char> >::_M_length(unsigned long)
222 430 2 1 0 0 0 258 0 0 0 0 0 0
223 516 0 0 344 0 0 86 0 0 0 0 0 0
fn=std::__cxx11::basic_string<char, std::char_traits<char>, std::allocator<char> >::_M_local_data()
232 430 7 1 0 0 0 172 0 0 0 0 0 0
235 344 0 0 86 0 0 86 1 0 0 0 0 0
239 172 0 0 172 0 0 0 0 0 0 0 0 0
fn=std::__cxx11::basic_string<char, std::char_traits<char>, std::allocator<char> >::_M_local_data() const
243 490 4 1 0 0 0 196 0 0 0 0 0 0
246 392 0 0 98 0 0 98 0 0 0 0 0 0
250 196 4 0 196 0 0 0 0 0 0 0 0 0
fn=std::__cxx11::basic_string<char, std::char_traits<char>, std::allocator<char> >::_M_set_length(unsigned long)
259 495 0 0 55 0 0 220 0 0 0 0 0 0
261 275 15 1 110 0 0 55 0 0 0 0 0 0
262 550 0 0 110 0 0 165 0 0 0 0 0 0
263 330 11 0 220 0 0 0 0 0 55 13 0 0
fn=std::__cxx11::basic_string<char, std::char_traits<char>, std::allocator<char> >::_S_allocate(std::allocator<char>&, unsigned long)
129 170 7 1 50 0 0 80 0 0 0 0 0 0
131 10 0 0 0 0 0 10 0 0 0 0 0 0
141 10 0 0 10 0 0 0 0 0 0 0 0 0
142 50 4 1 40 0 0 0 0 0 10 6 0 0
fn=std::__cxx11::basic_string<char, std::char_traits<char>, std::allocator<char> >::_S_copy(char*, char const*, unsigned long)
430 196 16 1 0 0 0 112 0 0 0 0 0 0
432 56 0 0 28 0 0 0 0 0 28 9 0 0
435 168 19 1 84 0 0 28 0 0 0 0 0 0
436 84 0 0 56 0 0 0 0 0 0 0 0 0
fn=std::__cxx11::basic_string<char, std::char_traits<char>, std::allocator<char> >::_S_copy_chars(char*, char const*, char const*)
487 154 13 1 0 0 0 88 0 0 0 0 0 0
489 242 0 0 132 0 0 22 0 0 0 0 0 0
fn=std::__cxx11::basic_string<char, std::char_traits<char>, std::allocator<char> >::_S_to_string_view(std::basic_string_view<char, std::char_traits<char> >)
158 180 11 0 0 0 0 54 0 0 0 0 0 0
159 72 0 0 72 0 0 0 0 0 0 0 0 0
fn=std::__cxx11::basic_string<char, std::char_traits<char>, std::allocator<char> >::__sv_wrapper::__sv_wrapper(std::basic_string_view<char, std::char_traits<char> >)
168 342 8 1 90 0 0 108 0 0 0 0 0 0
fn=std::__cxx11::basic_string<char, std::char_traits<char>, std::allocator<char> >::basic_string()
356 6 0 0 0 0 0 2 0 0 2 1 0 0
360 2 2 1 0 0 0 0 0 0 0 0 0 0
527 18 2 1 2 0 0 8 0 0 0 0 0 0
529 24 2 1 4 0 0 6 0 0 0 0 0 0
532 8 0 0 2 0 0 2 0 0 0 0 0 0
533 14 0 0 10 0 0 0 0 0 2 2 0 0
fn=std::__cxx11::basic_string<char, std::char_traits<char>, std::allocator<char> >::basic_string(char const*, unsigned long, std::allocator<char> const&)
624 162 6 1 0 0 0 108 0 0 0 0 0 0
626 180 0 0 54 0 0 36 0 0 0 0 0 0
629 36 0 0 18 0 0 0 0 0 18 7 0 0
632 144 6 1 72 0 0 18 0 0 0 0 0 0
633 72 0 0 54 0 0 0 0 0 0 0 0 0
fn=std::__cxx11::basic_string<char, std::char_traits<char>, std::allocator<char> >::basic_string(std::__cxx11::basic_string<char, std::char_traits<char>, std::allocator<char> >&&)
356 186 0 0 0 0 0 62 0 0 62 8 0 0
360 62 8 2 0 0 0 0 0 0 0 0 0 0
370 155 0 0 31 0 0 31 0 0 0 0 0 0
682 248 4 0 0 0 0 155 0 0 0 0 0 0
683 434 5 1 93 0 0 124 0 0 0 0 0 0
685 217 0 0 62 0 0 62 0 0 31 0 0 0
688 279 4 1 62 0 0 31 0 0 0 0 0 0
689 93 0 0 31 0 0 31 0 0 0 0 0 0
700 372 4 1 124 0 0 124 0 0 0 0 0 0
701 124 0 0 31 0 0 31 0 0 0 0 0 0
702 124 4 1 31 0 0 31 0 0 0 0 0 0
703 186 0 0 124 0 0 0 0 0 0 0 0 0
fn=std::__cxx11::basic_string<char, std::char_traits<char>, std::allocator<char> >::basic_string(std::__cxx11::basic_string<char, std::char_traits<char>, std::allocator<char> >::__sv_wrapper, std::allocator<char> const&)
181 252 7 1 0 0 0 108 0 0 0 0 0 0
182 324 18 1 90 0 0 54 0 0 0 0 0 0
fn=std::__cxx11::basic_string<char, std::char_traits<char>, std::allocator<char> >::basic_string<std::allocator<char> >(char const*, std::allocator<char> const&)
646 32 2 2 0 0 0 20 0 0 0 0 0 0
647 40 0 0 12 0 0 8 0 0 0 0 0 0
650 8 0 0 4 0 0 0 0 0 4 3 0 0
653 24 1 1 8 0 0 8 0 0 0 0 0 0
654 24 0 0 12 0 0 4 0 0 0 0 0 0
655 16 1 1 12 0 0 0 0 0 0 0 0 0
fn=std::__cxx11::basic_string<char, std::char_traits<char>, std::allocator<char> >::basic_string<std::basic_string_view<char, std::char_traits<char> >, void>(std::basic_string_view<char, std::char_traits<char> > const&, std::allocator<char> const&)
800 180 7 1 18 0 0 90 0 0 0 0 0 0
801 414 7 1 198 0 0 54 0 0 18 3 0 0
fn=std::__cxx11::basic_string<char, std::char_traits<char>, std::allocator<char> >::capacity() const
1180 30 4 1 0 0 0 12 0 0 0 0 0 0
1182 40 5 1 14 0 0 6 0 0 6 4 0 0
1183 2 0 0 0 0 0 0 0 0 0 0 0 0
1184 12 0 0 12 0 0 0 0 0 0 0 0 0
fn=std::__cxx11::basic_string<char, std::char_traits<char>, std::allocator<char> >::data() const
2653 2000 2 1 0 0 0 800 0 0 0 0 0 0
2654 2000 0 0 1200 0 0 400 0 0 0 0 0 0
fn=std::__cxx11::basic_string<char, std::char_traits<char>, std::allocator<char> >::length() const
1083 296 8 1 0 0 0 148 0 0 0 0 0 0
1084 296 6 1 296 0 0 0 0 0 0 0 0 0
fn=std::__cxx11::basic_string<char, std::char_traits<char>, std::allocator<char> >::max_size() const
1089 80 1 1 0 0 0 32 0 0 0 0 0 0
1090 128 0 0 48 0 0 32 1 0 0 0 0 0
fn=std::__cxx11::basic_string<char, std::char_traits<char>, std::allocator<char> >::operator std::basic_string_view<char, std::char_traits<char> >() const
949 3600 5 2 400 0 0 1600 0 0 0 0 0 0
950 8400 1 1 3600 0 0 1200 0 0 400 14 0 0
fn=std::__cxx11::basic_string<char, std::char_traits<char>, std::allocator<char> >::size() const
1076 1600 16 2 0 0 0 800 0 0 0 0 0 0
1077 1600 0 0 1600 0 0 0 0 0 0 0 0 0
fn=std::__cxx11::basic_string<char, std::char_traits<char>, std::allocator<char> >::~basic_string()
808 275 1 0 0 0 0 110 0 0 0 0 0 0
809 495 0 0 220 0 0 110 0 0 0 0 0 0
fn=void std::__cxx11::basic_string<char, std::char_traits<char>, std::allocator<char> >::_M_construct<char const*>(char const*, char const*, std::forward_iterator_tag)
356 54 0 0 0 0 0 18 0 0 18 6 0 0
360 18 13 0 0 0 0 0 0 0 0 0 0 0
fl=/usr/include/c++/14/bits/basic_string.tcc
fn=std::__cxx11::basic_string<char, std::char_traits<char>, std::allocator<char> >::_M_construct<char const*>(char const*, char const*, std::forward_iterator_tag)::_Guard::_Guard(std::__cxx11::basic_string<char, std::char_traits<char>, std::allocator<char> >*)
239 242 2 1 88 0 0 88 0 0 0 0 0 0
fn=std::__cxx11::basic_string<char, std::char_traits<char>, std::allocator<char> >::_M_construct<char const*>(char const*, char const*, std::forward_iterator_tag)::_Guard::~_Guard()
242 264 0 0 88 0 0 44 0 0 22 5 0 0
fn=std::__cxx11::basic_string<char, std::char_traits<char>, std::allocator<char> >::_M_create(unsigned long&, unsigned long)
138 80 1 1 0 0 0 50 1 0 0 0 0 0
143 90 6 1 30 0 0 10 0 0 10 9 0 0
149 100 5 1 60 0 0 0 0 0 20 5 0 0
151 24 0 0 12 0 0 6 0 0 0 0 0 0
153 54 0 0 18 0 0 6 0 0 6 4 0 0
159 90 2 1 30 0 0 20 0 0 0 0 0 0
160 30 0 0 30 0 0 0 0 0 0 0 0 0
fn=std::__cxx11::basic_string<char, std::char_traits<char>, std::allocator<char> >::_M_mutate(unsigned long, unsigned long, char const*, unsigned long)
325 72 11 2 6 0 0 42 0 0 0 0 0 0
329 36 0 0 18 0 0 12 0 0 0 0 0 0
331 42 6 1 18 0 0 12 0 0 0 0 0 0
332 60 0 0 12 0 0 18 0 0 0 0 0 0
334 12 0 0 6 0 0 0 0 0 6 2 0 0
336 24 6 1 12 0 0 0 0 0 12 0 0 0
337 48 0 0 24 0 0 6 0 0 0 0 0 0
338 12 4 1 6 0 0 0 0 0 6 4 0 0
342 18 5 1 6 0 0 6 0 0 0 0 0 0
343 30 0 0 12 0 0 6 0 0 0 0 0 0
344 30 0 0 12 0 0 6 0 0 0 0 0 0
345 36 6 1 24 0 0 0 0 0 6 4 0 0
fn=void std::__cxx11::basic_string<char, std::char_traits<char>, std::allocator<char> >::_M_construct<char const*>(char const*, char const*, std::forward_iterator_tag)
221 308 15 2 66 0 0 154 0 0 0 0 0 0
225 22 0 0 0 0 0 22 0 0 0 0 0 0
227 66 0 0 22 0 0 0 0 0 22 8 0 0
229 44 1 1 8 0 0 8 0 0 0 0 0 0
230 60 11 0 26 0 0 22 0 0 0 0 0 0
245 110 1 1 22 0 0 22 0 0 0 0 0 0
247 198 19 1 66 0 0 44 0 0 0 0 0 0
249 22 0 0 0 0 0 22 0 0 0 0 0 0
251 110 0 0 44 0 0 22 0 0 0 0 0 0
252 176 0 0 88 0 0 22 0 0 22 7 0 0
fl=/usr/include/c++/14/bits/char_traits.h
fn=std::char_traits<char>::assign(char&, char const&)
343 330 10 1 0 0 0 165 0 0 0 0 0 0
346 110 0 0 0 0 0 0 0 0 55 13 0 0
350 220 0 0 165 0 0 55 0 0 0 0 0 0
351 165 0 0 110 0 0 0 0 0 0 0 0 0
fn=std::char_traits<char>::compare(char const*, char const*, unsigned long)
366 1463 2 1 0 0 0 836 0 0 0 0 0 0
368 418 0 0 209 0 0 0 0 0 209 5 0 0
371 418 0 0 0 0 0 0 0 0 209 6 0 0
381 1463 2 1 627 0 0 209 0 0 0 0 0 0
382 418 0 0 418 0 0 0 0 0 0 0 0 0
fn=std::char_traits<char>::copy(char*, char const*, unsigned long)
419 413 4 0 0 0 0 236 0 0 0 0 0 0
421 118 0 0 59 0 0 0 0 0 59 9 0 0
424 118 0 0 0 0 0 0 0 0 59 8 0 0
427 531 0 0 177 0 0 59 0 0 0 0 0 0
428 118 0 0 118 0 0 0 0 0 0 0 0 0
fn=std::char_traits<char>::find(char const*, unsigned long, char const&)
395 2555 1 1 0 0 0 1460 0 0 0 0 0 0
397 730 0 0 365 0 0 0 0 0 365 2 0 0
400 730 0 0 0 0 0 0 0 0 365 2 0 0
403 3285 3 1 1460 0 0 365 0 0 0 0 0 0
404 730 0 0 730 0 0 0 0 0 0 0 0 0
fn=std::char_traits<char>::length(char const*)
385 980 3 1 0 0 0 392 0 0 0 0 0 0
388 392 0 0 0 0 0 0 0 0 196 15 0 0
391 784 9 1 196 0 0 196 0 0 0 0 0 0
392 392 0 0 392 0 0 0 0 0 0 0 0 0
fl=/usr/include/c++/14/bits/cpp_type_traits.h
fn=__gnu_cxx::__normal_iterator<unsigned char const*, std::vector<unsigned char, std::allocator<unsigned char> > > std::__miter_base<__gnu_cxx::__normal_iterator<unsigned char const*, std::vector<unsigned char, std::allocator<unsigned char> > > >(__gnu_cxx::__normal_iterator<unsigned char const*, std::vector<unsigned char, std::allocator<unsigned char> > >)
607 24 1 1 0 0 0 12 0 0 0 0 0 0
608 18 0 0 18 0 0 0 0 0 0 0 0 0
fl=/usr/include/c++/14/bits/enable_special_members.h
fn=std::_Enable_default_constructor<true, std::__detail::_Hash_node_base>::_Enable_default_constructor(std::_Enable_default_constructor_tag)
67 7 0 0 2 0 0 2 0 0 0 0 0 0
fl=/usr/include/c++/14/bits/functional_hash.h
fn=std::_Hash_impl::hash(void const*, unsigned long, unsigned long)
204 91 1 1 0 0 0 52 0 0 0 0 0 0
206 104 0 0 65 0 0 13 0 0 0 0 0 0
fl=/usr/include/c++/14/bits/hashtable.h
fn=std::_Hashtable<std::basic_string_view<char, std::char_traits<char> >, std::pair<std::basic_string_view<char, std::char_traits<char> > const, std::function<bool (std::vector<std::basic_string_view<char, std::char_traits<char> >, std::allocator<std::basic_string_view<char, std::char_traits<char> > > > const&, ConfigSettings&)> >, std::allocator<std::pair<std::basic_string_view<char, std::char_traits<char> > const, std::function<bool (std::vector<std::basic_string_view<char, std::char_traits<char> >, std::allocator<std::basic_string_view<char, std::char_traits<char> > > > const&, ConfigSettings&)> > >, std::__detail::_Select1st, std::equal_to<std::basic_string_view<char, std::char_traits<char> > >, std::hash<std::basic_string_view<char, std::char_traits<char> > >, std::__detail::_Mod_range_hashing, std::__detail::_Default_ranged_hash, std::__detail::_Prime_rehash_policy, std::__detail::_Hashtable_traits<true, false, true> >::_Hashtable(std::hash<std::basic_string_view<char, std::char_traits<char> > > const&, std::equal_to<std::basic_string_view<char, std::char_traits<char> > > const&, std::allocator<std::pair<std::basic_string_view<char, std::char_traits<char> > const, std::function<bool (std::vector<std::basic_string_view<char, std::char_traits<char> >, std::allocator<std::basic_string_view<char, std::char_traits<char> > > > const&, ConfigSettings&)> > > const&)
495 11 1 1 1 0 0 6 0 0 0 0 0 0
499 38 3 3 14 0 0 11 0 0 0 0 0 0
500 6 0 0 4 0 0 0 0 0 1 1 0 0
fn=std::_Hashtable<std::basic_string_view<char, std::char_traits<char> >, std::pair<std::basic_string_view<char, std::char_traits<char> > const, std::function<bool (std::vector<std::basic_string_view<char, std::char_traits<char> >, std::allocator<std::basic_string_view<char, std::char_traits<char> > > > const&, ConfigSettings&)> >, std::allocator<std::pair<std::basic_string_view<char, std::char_traits<char> > const, std::function<bool (std::vector<std::basic_string_view<char, std::char_traits<char> >, std::allocator<std::basic_string_view<char, std::char_traits<char> > > > const&, ConfigSettings&)> > >, std::__detail::_Select1st, std::equal_to<std::basic_string_view<char, std::char_traits<char> > >, std::hash<std::basic_string_view<char, std::char_traits<char> > >, std::__detail::_Mod_range_hashing, std::__detail::_Default_ranged_hash, std::__detail::_Prime_rehash_policy, std::__detail::_Hashtable_traits<true, false, true> >::_Hashtable(std::initializer_list<std::pair<std::basic_string_view<char, std::char_traits<char> > const, std::function<bool (std::vector<std::basic_string_view<char, std::char_traits<char> >, std::allocator<std::basic_string_view<char, std::char_traits<char> > > > const&, ConfigSettings&)> > >, unsigned long, std::hash<std::basic_string_view<char, std::char_traits<char> > > const&, std::equal_to<std::basic_string_view<char, std::char_traits<char> > > const&, std::allocator<std::pair<std::basic_string_view<char, std::char_traits<char> > const, std::function<bool (std::vector<std::basic_string_view<char, std::char_traits<char> >, std::allocator<std::basic_string_view<char, std::char_traits<char> > > > const&, ConfigSettings&)> > > const&)
580 16 2 2 0 0 0 8 0 0 0 0 0 0
586 21 1 1 5 0 0 4 0 0 0 0 0 0
587 4 0 0 3 0 0 0 0 0 0 0 0 0
fn=std::_Hashtable<std::basic_string_view<char, std::char_traits<char> >, std::pair<std::basic_string_view<char, std::char_traits<char> > const, std::function<bool (std::vector<std::basic_string_view<char, std::char_traits<char> >, std::allocator<std::basic_string_view<char, std::char_traits<char> > > > const&, ConfigSettings&)> >, std::allocator<std::pair<std::basic_string_view<char, std::char_traits<char> > const, std::function<bool (std::vector<std::basic_string_view<char, std::char_traits<char> >, std::allocator<std::basic_string_view<char, std::char_traits<char> > > > const&, ConfigSettings&)> > >, std::__detail::_Select1st, std::equal_to<std::basic_string_view<char, std::char_traits<char> > >, std::hash<std::basic_string_view<char, std::char_traits<char> > >, std::__detail::_Mod_range_hashing, std::__detail::_Default_ranged_hash, std::__detail::_Prime_rehash_policy, std::__detail::_Hashtable_traits<true, false, true> >::_Hashtable(unsigned long, std::hash<std::basic_string_view<char, std::char_traits<char> > > const&, std::equal_to<std::basic_string_view<char, std::char_traits<char> > > const&, std::allocator<std::pair<std::basic_string_view<char, std::char_traits<char> > const, std::function<bool (std::vector<std::basic_string_view<char, std::char_traits<char> >, std::allocator<std::basic_string_view<char, std::char_traits<char> > > > const&, ConfigSettings&)> > > const&)
1248 10 0 0 0 0 0 7 0 0 0 0 0 0
1252 6 1 1 4 0 0 1 0 0 0 0 0 0
1254 7 0 0 2 0 0 2 0 0 0 0 0 0
1255 4 0 0 3 0 0 0 0 0 1 1 0 0
1260 4 1 1 3 0 0 0 0 0 0 0 0 0
fn=std::_Hashtable<std::basic_string_view<char, std::char_traits<char> >, std::pair<std::basic_string_view<char, std::char_traits<char> > const, std::function<bool (std::vector<std::basic_string_view<char, std::char_traits<char> >, std::allocator<std::basic_string_view<char, std::char_traits<char> > > > const&, ConfigSettings&)> >, std::allocator<std::pair<std::basic_string_view<char, std::char_traits<char> > const, std::function<bool (std::vector<std::basic_string_view<char, std::char_traits<char> >, std::allocator<std::basic_string_view<char, std::char_traits<char> > > > const&, ConfigSettings&)> > >, std::__detail::_Select1st, std::equal_to<std::basic_string_view<char, std::char_traits<char> > >, std::hash<std::basic_string_view<char, std::char_traits<char> > >, std::__detail::_Mod_range_hashing, std::__detail::_Default_ranged_hash, std::__detail::_Prime_rehash_policy, std::__detail::_Hashtable_traits<true, false, true> >::_Hashtable<std::pair<std::basic_string_view<char, std::char_traits<char> > const, std::function<bool (std::vector<std::basic_string_view<char, std::char_traits<char> >, std::allocator<std::basic_string_view<char, std::char_traits<char> > > > const&, ConfigSettings&)> > const*>(std::pair<std::basic_string_view<char, std::char_traits<char> > const, std::function<bool (std::vector<std::basic_string_view<char, std::char_traits<char> >, std::allocator<std::basic_string_view<char, std::char_traits<char> > > > const&, ConfigSettings&)> > const*, std::pair<std::basic_string_view<char, std::char_traits<char> > const, std::function<bool (std::vector<std::basic_string_view<char, std::char_traits<char> >, std::allocator<std::basic_string_view<char, std::char_traits<char> > > > const&, ConfigSettings&)> > const*, unsigned long, std::hash<std::basic_string_view<char, std::char_traits<char> > > const&, std::equal_to<std::basic_string_view<char, std::char_traits<char> > > const&, std::allocator<std::pair<std::basic_string_view<char, std::char_traits<char> > const, std::function<bool (std::vector<std::basic_string_view<char, std::char_traits<char> >, std::allocator<std::basic_string_view<char, std::char_traits<char> > > > const&, ConfigSettings&)> > > const&, std::integral_constant<bool, true>)
1267 11 1 1 0 0 0 8 0 0 0 0 0 0
1273 8 1 1 5 0 0 1 0 0 0 0 0 0
1274 10 0 0 6 0 0 1 0 0 0 0 0 0
fn=std::_Hashtable<std::basic_string_view<char, std::char_traits<char> >, std::pair<std::basic_string_view<char, std::char_traits<char> > const, std::function<bool (std::vector<std::basic_string_view<char, std::char_traits<char> >, std::allocator<std::basic_string_view<char, std::char_traits<char> > > > const&, ConfigSettings&)> >, std::allocator<std::pair<std::basic_string_view<char, std::char_traits<char> > const, std::function<bool (std::vector<std::basic_string_view<char, std::char_traits<char> >, std::allocator<std::basic_string_view<char, std::char_traits<char> > > > const&, ConfigSettings&)> > >, std::__detail::_Select1st, std::equal_to<std::basic_string_view<char, std::char_traits<char> > >, std::hash<std::basic_string_view<char, std::char_traits<char> > >, std::__detail::_Mod_range_hashing, std::__detail::_Default_ranged_hash, std::__detail::_Prime_rehash_policy, std::__detail::_Hashtable_traits<true, false, true> >::_M_allocate_buckets(unsigned long)
439 6 1 1 0 0 0 3 0 0 0 0 0 0
441 5 0 0 1 0 0 0 0 0 1 1 0 0
447 6 0 0 2 0 0 1 0 0 0 0 0 0
448 2 0 0 2 0 0 0 0 0 0 0 0 0
fn=std::_Hashtable<std::basic_string_view<char, std::char_traits<char> >, std::pair<std::basic_string_view<char, std::char_traits<char> > const, std::function<bool (std::vector<std::basic_string_view<char, std::char_traits<char> >, std::allocator<std::basic_string_view<char, std::char_traits<char> > > > const&, ConfigSettings&)> >, std::allocator<std::pair<std::basic_string_view<char, std::char_traits<char> > const, std::function<bool (std::vector<std::basic_string_view<char, std::char_traits<char> >, std::allocator<std::basic_string_view<char, std::char_traits<char> > > > const&, ConfigSettings&)> > >, std::__detail::_Select1st, std::equal_to<std::basic_string_view<char, std::char_traits<char> > >, std::hash<std::basic_string_view<char, std::char_traits<char> > >, std::__detail::_Mod_range_hashing, std::__detail::_Default_ranged_hash, std::__detail::_Prime_rehash_policy, std::__detail::_Hashtable_traits<true, false, true> >::_M_begin() const
473 108 2 1 0 0 0 54 0 0 0 0 0 0
474 108 0 0 108 1 0 0 0 0 0 0 0 0
fn=std::_Hashtable<std::basic_string_view<char, std::char_traits<char> >, std::pair<std::basic_string_view<char, std::char_traits<char> > const, std::function<bool (std::vector<std::basic_string_view<char, std::char_traits<char> >, std::allocator<std::basic_string_view<char, std::char_traits<char> > > > const&, ConfigSettings&)> >, std::allocator<std::pair<std::basic_string_view<char, std::char_traits<char> > const, std::function<bool (std::vector<std::basic_string_view<char, std::char_traits<char> >, std::allocator<std::basic_string_view<char, std::char_traits<char> > > > const&, ConfigSettings&)> > >, std::__detail::_Select1st, std::equal_to<std::basic_string_view<char, std::char_traits<char> > >, std::hash<std::basic_string_view<char, std::char_traits<char> > >, std::__detail::_Mod_range_hashing, std::__detail::_Default_ranged_hash, std::__detail::_Prime_rehash_policy, std::__detail::_Hashtable_traits<true, false, true> >::_M_bucket_index(std::__detail::_Hash_node_value<std::pair<std::basic_string_view<char, std::char_traits<char> > const, std::function<bool (std::vector<std::basic_string_view<char, std::char_traits<char> >, std::allocator<std::basic_string_view<char, std::char_traits<char> > > > const&, ConfigSettings&)> >, true> const&) const
799 42 1 1 0 0 0 21 0 0 0 0 0 0
800 63 0 0 42 0 0 7 0 0 0 0 0 0
fn=std::_Hashtable<std::basic_string_view<char, std::char_traits<char> >, std::pair<std::basic_string_view<char, std::char_traits<char> > const, std::function<bool (std::vector<std::basic_string_view<char, std::char_traits<char> >, std::allocator<std::basic_string_view<char, std::char_traits<char> > > > const&, ConfigSettings&)> >, std::allocator<std::pair<std::basic_string_view<char, std::char_traits<char> > const, std::function<bool (std::vector<std::basic_string_view<char, std::char_traits<char> >, std::allocator<std::basic_string_view<char, std::char_traits<char> > > > const&, ConfigSettings&)> > >, std::__detail::_Select1st, std::equal_to<std::basic_string_view<char, std::char_traits<char> > >, std::hash<std::basic_string_view<char, std::char_traits<char> > >, std::__detail::_Mod_range_hashing, std::__detail::_Default_ranged_hash, std::__detail::_Prime_rehash_policy, std::__detail::_Hashtable_traits<true, false, true> >::_M_bucket_index(unsigned long) const
803 84 1 1 0 0 0 42 0 0 0 0 0 0
804 126 1 1 84 0 0 14 0 0 0 0 0 0
fn=std::_Hashtable<std::basic_string_view<char, std::char_traits<char> >, std::pair<std::basic_string_view<char, std::char_traits<char> > const, std::function<bool (std::vector<std::basic_string_view<char, std::char_traits<char> >, std::allocator<std::basic_string_view<char, std::char_traits<char> > > > const&, ConfigSettings&)> >, std::allocator<std::pair<std::basic_string_view<char, std::char_traits<char> > const, std::function<bool (std::vector<std::basic_string_view<char, std::char_traits<char> >, std::allocator<std::basic_string_view<char, std::char_traits<char> > > > const&, ConfigSettings&)> > >, std::__detail::_Select1st, std::equal_to<std::basic_string_view<char, std::char_traits<char> > >, std::hash<std::basic_string_view<char, std::char_traits<char> > >, std::__detail::_Mod_range_hashing, std::__detail::_Default_ranged_hash, std::__detail::_Prime_rehash_policy, std::__detail::_Hashtable_traits<true, false, true> >::_M_deallocate_buckets()
460 10 1 1 0 0 0 4 0 0 0 0 0 0
461 22 2 1 14 0 0 2 0 0 0 0 0 0
fn=std::_Hashtable<std::basic_string_view<char, std::char_traits<char> >, std::pair<std::basic_string_view<char, std::char_traits<char> > const, std::function<bool (std::vector<std::basic_string_view<char, std::char_traits<char> >, std::allocator<std::basic_string_view<char, std::char_traits<char> > > > const&, ConfigSettings&)> >, std::allocator<std::pair<std::basic_string_view<char, std::char_traits<char> > const, std::function<bool (std::vector<std::basic_string_view<char, std::char_traits<char> >, std::allocator<std::basic_string_view<char, std::char_traits<char> > > > const&, ConfigSettings&)> > >, std::__detail::_Select1st, std::equal_to<std::basic_string_view<char, std::char_traits<char> > >, std::hash<std::basic_string_view<char, std::char_traits<char> > >, std::__detail::_Mod_range_hashing, std::__detail::_Default_ranged_hash, std::__detail::_Prime_rehash_policy, std::__detail::_Hashtable_traits<true, false, true> >::_M_deallocate_buckets(std::__detail::_Hash_node_base**, unsigned long)
451 14 1 1 0 0 0 8 0 0 0 0 0 0
453 14 1 0 4 0 0 2 0 0 2 0 0 0
454 1 0 0 0 0 0 0 0 0 0 0 0 0
456 7 0 0 3 0 0 1 0 0 0 0 0 0
457 4 0 0 4 0 0 0 0 0 0 0 0 0
fn=std::_Hashtable<std::basic_string_view<char, std::char_traits<char> >, std::pair<std::basic_string_view<char, std::char_traits<char> > const, std::function<bool (std::vector<std::basic_string_view<char, std::char_traits<char> >, std::allocator<std::basic_string_view<char, std::char_traits<char> > > > const&, ConfigSettings&)> >, std::allocator<std::pair<std::basic_string_view<char, std::char_traits<char> > const, std::function<bool (std::vector<std::basic_string_view<char, std::char_traits<char> >, std::allocator<std::basic_string_view<char, std::char_traits<char> > > > const&, ConfigSettings&)> > >, std::__detail::_Select1st, std::equal_to<std::basic_string_view<char, std::char_traits<char> > >, std::hash<std::basic_string_view<char, std::char_traits<char> > >, std::__detail::_Mod_range_hashing, std::__detail::_Default_ranged_hash, std::__detail::_Prime_rehash_policy, std::__detail::_Hashtable_traits<true, false, true> >::_M_insert_bucket_begin(unsigned long, std::__detail::_Hash_node<std::pair<std::basic_string_view<char, std::char_traits<char> > const, std::function<bool (std::vector<std::basic_string_view<char, std::char_traits<char> >, std::allocator<std::basic_string_view<char, std::char_traits<char> > > > const&, ConfigSettings&)> >, true>*)
841 117 1 1 0 0 0 78 0 0 0 0 0 0
843 104 0 0 52 0 0 0 0 0 13 6 0 0
847 45 0 0 30 0 0 5 0 0 0 0 0 0
848 40 0 0 25 0 0 5 0 0 0 0 0 0
855 32 1 1 24 0 0 8 0 0 0 0 0 0
856 24 1 1 16 0 0 8 0 0 0 0 0 0
858 32 0 0 16 0 0 0 0 0 8 1 0 0
861 98 0 0 35 0 0 21 0 0 0 0 0 0
863 64 1 1 32 0 0 8 0 0 0 0 0 0
865 83 0 0 52 0 0 0 0 0 0 0 0 0
fn=std::_Hashtable<std::basic_string_view<char, std::char_traits<char> >, std::pair<std::basic_string_view<char, std::char_traits<char> > const, std::function<bool (std::vector<std::basic_string_view<char, std::char_traits<char> >, std::allocator<std::basic_string_view<char, std::char_traits<char> > > > const&, ConfigSettings&)> >, std::allocator<std::pair<std::basic_string_view<char, std::char_traits<char> > const, std::function<bool (std::vector<std::basic_string_view<char, std::char_traits<char> >, std::allocator<std::basic_string_view<char, std::char_traits<char> > > > const&, ConfigSettings&)> > >, std::__detail::_Select1st, std::equal_to<std::basic_string_view<char, std::char_traits<char> > >, std::hash<std::basic_string_view<char, std::char_traits<char> > >, std::__detail::_Mod_range_hashing, std::__detail::_Default_ranged_hash, std::__detail::_Prime_rehash_policy, std::__detail::_Hashtable_traits<true, false, true> >::_M_insert_unique_node(unsigned long, unsigned long, std::__detail::_Hash_node<std::pair<std::basic_string_view<char, std::char_traits<char> > const, std::function<bool (std::vector<std::basic_string_view<char, std::char_traits<char> >, std::allocator<std::basic_string_view<char, std::char_traits<char> > > > const&, ConfigSettings&)> >, true>*, unsigned long)
2224 169 2 2 13 0 0 104 0 0 0 0 0 0
2230 78 0 0 13 0 0 13 0 0 0 0 0 0
2232 169 1 1 78 0 0 39 0 0 0 0 0 0
2235 39 0 0 13 0 0 0 0 0 13 2 0 0
2237 5 0 0 2 0 0 1 0 0 0 0 0 0
2238 6 1 1 2 0 0 2 0 0 0 0 0 0
2241 13 0 0 0 0 0 13 0 0 0 0 0 0
2242 91 0 0 39 0 0 13 0 0 0 0 0 0
2245 78 1 1 39 0 0 13 0 0 0 0 0 0
2246 65 0 0 39 0 0 13 0 0 0 0 0 0
2247 91 0 0 26 0 0 13 0 0 0 0 0 0
2248 117 2 2 65 0 0 13 0 0 13 1 0 0
fn=std::_Hashtable<std::basic_string_view<char, std::char_traits<char> >, std::pair<std::basic_string_view<char, std::char_traits<char> > const, std::function<bool (std::vector<std::basic_string_view<char, std::char_traits<char> >, std::allocator<std::basic_string_view<char, std::char_traits<char> > > > const&, ConfigSettings&)> >, std::allocator<std::pair<std::basic_string_view<char, std::char_traits<char> > const, std::function<bool (std::vector<std::basic_string_view<char, std::char_traits<char> >, std::allocator<std::basic_string_view<char, std::char_traits<char> > > > const&, ConfigSettings&)> > >, std::__detail::_Select1st, std::equal_to<std::basic_string_view<char, std::char_traits<char> > >, std::hash<std::basic_string_view<char, std::char_traits<char> > >, std::__detail::_Mod_range_hashing, std::__detail::_Default_ranged_hash, std::__detail::_Prime_rehash_policy, std::__detail::_Hashtable_traits<true, false, true> >::_M_rehash(unsigned long, std::integral_constant<bool, true>)
2619 6 1 1 0 0 0 3 0 0 0 0 0 0
2623 6 1 1 2 0 0 2 0 0 0 0 0 0
2624 4 0 0 1 0 0 2 0 0 0 0 0 0
2625 2 0 0 1 0 0 1 0 0 0 0 0 0
2626 1 0 0 0 0 0 1 0 0 0 0 0 0
2627 3 1 1 1 0 0 0 0 0 1 0 0 0
2650 3 0 0 1 0 0 1 0 0 0 0 0 0
2651 3 1 1 2 0 0 1 0 0 0 0 0 0
2652 3 0 0 2 0 0 1 0 0 0 0 0 0
2653 3 0 0 2 0 0 0 0 0 0 0 0 0
fn=std::_Hashtable<std::basic_string_view<char, std::char_traits<char> >, std::pair<std::basic_string_view<char, std::char_traits<char> > const, std::function<bool (std::vector<std::basic_string_view<char, std::char_traits<char> >, std::allocator<std::basic_string_view<char, std::char_traits<char> > > > const&, ConfigSettings&)> >, std::allocator<std::pair<std::basic_string_view<char, std::char_traits<char> > const, std::function<bool (std::vector<std::basic_string_view<char, std::char_traits<char> >, std::allocator<std::basic_string_view<char, std::char_traits<char> > > > const&, ConfigSettings&)> > >, std::__detail::_Select1st, std::equal_to<std::basic_string_view<char, std::char_traits<char> > >, std::hash<std::basic_string_view<char, std::char_traits<char> > >, std::__detail::_Mod_range_hashing, std::__detail::_Default_ranged_hash, std::__detail::_Prime_rehash_policy, std::__detail::_Hashtable_traits<true, false, true> >::_M_uses_single_bucket(std::__detail::_Hash_node_base**) const
421 10 1 1 0 0 0 6 0 0 0 0 0 0
422 18 2 1 8 0 0 0 0 0 0 0 0 0
fn=std::_Hashtable<std::basic_string_view<char, std::char_traits<char> >, std::pair<std::basic_string_view<char, std::char_traits<char> > const, std::function<bool (std::vector<std::basic_string_view<char, std::char_traits<char> >, std::allocator<std::basic_string_view<char, std::char_traits<char> > > > const&, ConfigSettings&)> >, std::allocator<std::pair<std::basic_string_view<char, std::char_traits<char> > const, std::function<bool (std::vector<std::basic_string_view<char, std::char_traits<char> >, std::allocator<std::basic_string_view<char, std::char_traits<char> > > > const&, ConfigSettings&)> > >, std::__detail::_Select1st, std::equal_to<std::basic_string_view<char, std::char_traits<char> > >, std::hash<std::basic_string_view<char, std::char_traits<char> > >, std::__detail::_Mod_range_hashing, std::__detail::_Default_ranged_hash, std::__detail::_Prime_rehash_policy, std::__detail::_Hashtable_traits<true, false, true> >::_S_forward_key(std::basic_string_view<char, std::char_traits<char> > const&)
933 52 0 0 0 0 0 26 0 0 0 0 0 0
934 39 0 0 39 0 0 0 0 0 0 0 0 0
fn=std::_Hashtable<std::basic_string_view<char, std::char_traits<char> >, std::pair<std::basic_string_view<char, std::char_traits<char> > const, std::function<bool (std::vector<std::basic_string_view<char, std::char_traits<char> >, std::allocator<std::basic_string_view<char, std::char_traits<char> > > > const&, ConfigSettings&)> >, std::allocator<std::pair<std::basic_string_view<char, std::char_traits<char> > const, std::function<bool (std::vector<std::basic_string_view<char, std::char_traits<char> >, std::allocator<std::basic_string_view<char, std::char_traits<char> > > > const&, ConfigSettings&)> > >, std::__detail::_Select1st, std::equal_to<std::basic_string_view<char, std::char_traits<char> > >, std::hash<std::basic_string_view<char, std::char_traits<char> > >, std::__detail::_Mod_range_hashing, std::__detail::_Default_ranged_hash, std::__detail::_Prime_rehash_policy, std::__detail::_Hashtable_traits<true, false, true> >::_Scoped_node::_Scoped_node(std::__detail::_Hash_node<std::pair<std::basic_string_view<char, std::char_traits<char> > const, std::function<bool (std::vector<std::basic_string_view<char, std::char_traits<char> >, std::allocator<std::basic_string_view<char, std::char_traits<char> > > > const&, ConfigSettings&)> >, true>*, std::__detail::_Hashtable_alloc<std::allocator<std::__detail::_Hash_node<std::pair<std::basic_string_view<char, std::char_traits<char> > const, std::function<bool (std::vector<std::basic_string_view<char, std::char_traits<char> >, std::allocator<std::basic_string_view<char, std::char_traits<char> > > > const&, ConfigSettings&)> >, true> > >*)
305 78 0 0 0 0 0 52 0 0 0 0 0 0
306 117 0 0 78 0 0 26 0 0 0 0 0 0
fn=std::_Hashtable<std::basic_string_view<char, std::char_traits<char> >, std::pair<std::basic_string_view<char, std::char_traits<char> > const, std::function<bool (std::vector<std::basic_string_view<char, std::char_traits<char> >, std::allocator<std::basic_string_view<char, std::char_traits<char> > > > const&, ConfigSettings&)> >, std::allocator<std::pair<std::basic_string_view<char, std::char_traits<char> > const, std::function<bool (std::vector<std::basic_string_view<char, std::char_traits<char> >, std::allocator<std::basic_string_view<char, std::char_traits<char> > > > const&, ConfigSettings&)> > >, std::__detail::_Select1st, std::equal_to<std::basic_string_view<char, std::char_traits<char> > >, std::hash<std::basic_string_view<char, std::char_traits<char> > >, std::__detail::_Mod_range_hashing, std::__detail::_Default_ranged_hash, std::__detail::_Prime_rehash_policy, std::__detail::_Hashtable_traits<true, false, true> >::_Scoped_node::~_Scoped_node()
316 156 0 0 52 0 0 26 0 0 13 5 0 0
fn=std::_Hashtable<std::basic_string_view<char, std::char_traits<char> >, std::pair<std::basic_string_view<char, std::char_traits<char> > const, std::function<bool (std::vector<std::basic_string_view<char, std::char_traits<char> >, std::allocator<std::basic_string_view<char, std::char_traits<char> > > > const&, ConfigSettings&)> >, std::allocator<std::pair<std::basic_string_view<char, std::char_traits<char> > const, std::function<bool (std::vector<std::basic_string_view<char, std::char_traits<char> >, std::allocator<std::basic_string_view<char, std::char_traits<char> > > > const&, ConfigSettings&)> > >, std::__detail::_Select1st, std::equal_to<std::basic_string_view<char, std::char_traits<char> > >, std::hash<std::basic_string_view<char, std::char_traits<char> > >, std::__detail::_Mod_range_hashing, std::__detail::_Default_ranged_hash, std::__detail::_Prime_rehash_policy, std::__detail::_Hashtable_traits<true, false, true> >::__small_size_threshold()
429 114 0 0 0 0 0 38 0 0 0 0 0 0
432 38 0 0 0 0 0 38 0 0 0 0 0 0
433 76 0 0 76 0 0 0 0 0 0 0 0 0
fn=std::_Hashtable<std::basic_string_view<char, std::char_traits<char> >, std::pair<std::basic_string_view<char, std::char_traits<char> > const, std::function<bool (std::vector<std::basic_string_view<char, std::char_traits<char> >, std::allocator<std::basic_string_view<char, std::char_traits<char> > > > const&, ConfigSettings&)> >, std::allocator<std::pair<std::basic_string_view<char, std::char_traits<char> > const, std::function<bool (std::vector<std::basic_string_view<char, std::char_traits<char> >, std::allocator<std::basic_string_view<char, std::char_traits<char> > > > const&, ConfigSettings&)> > >, std::__detail::_Select1st, std::equal_to<std::basic_string_view<char, std::char_traits<char> > >, std::hash<std::basic_string_view<char, std::char_traits<char> > >, std::__detail::_Mod_range_hashing, std::__detail::_Default_ranged_hash, std::__detail::_Prime_rehash_policy, std::__detail::_Hashtable_traits<true, false, true> >::clear()
2580 5 1 0 0 0 0 2 1 0 0 0 0 0
2584 8 1 1 2 0 0 2 0 0 0 0 0 0
2585 6 0 0 2 0 0 1 0 0 0 0 0 0
2586 2 0 0 2 0 0 0 0 0 0 0 0 0
2587 2 1 0 1 0 0 1 0 0 0 0 0 0
2588 2 0 0 1 0 0 1 0 0 0 0 0 0
2589 3 0 0 2 0 0 0 0 0 0 0 0 0
fn=std::_Hashtable<std::basic_string_view<char, std::char_traits<char> >, std::pair<std::basic_string_view<char, std::char_traits<char> > const, std::function<bool (std::vector<std::basic_string_view<char, std::char_traits<char> >, std::allocator<std::basic_string_view<char, std::char_traits<char> > > > const&, ConfigSettings&)> >, std::allocator<std::pair<std::basic_string_view<char, std::char_traits<char> > const, std::function<bool (std::vector<std::basic_string_view<char, std::char_traits<char> >, std::allocator<std::basic_string_view<char, std::char_traits<char> > > > const&, ConfigSettings&)> > >, std::__detail::_Select1st, std::equal_to<std::basic_string_view<char, std::char_traits<char> > >, std::hash<std::basic_string_view<char, std::char_traits<char> > >, std::__detail::_Mod_range_hashing, std::__detail::_Default_ranged_hash, std::__detail::_Prime_rehash_policy, std::__detail::_Hashtable_traits<true, false, true> >::end() const
644 96 8 1 12 0 0 36 0 0 0 0 0 0
645 120 0 0 60 0 0 12 0 0 12 2 0 0
fn=std::_Hashtable<std::basic_string_view<char, std::char_traits<char> >, std::pair<std::basic_string_view<char, std::char_traits<char> > const, std::function<bool (std::vector<std::basic_string_view<char, std::char_traits<char> >, std::allocator<std::basic_string_view<char, std::char_traits<char> > > > const&, ConfigSettings&)> >, std::allocator<std::pair<std::basic_string_view<char, std::char_traits<char> > const, std::function<bool (std::vector<std::basic_string_view<char, std::char_traits<char> >, std::allocator<std::basic_string_view<char, std::char_traits<char> > > > const&, ConfigSettings&)> > >, std::__detail::_Select1st, std::equal_to<std::basic_string_view<char, std::char_traits<char> > >, std::hash<std::basic_string_view<char, std::char_traits<char> > >, std::__detail::_Mod_range_hashing, std::__detail::_Default_ranged_hash, std::__detail::_Prime_rehash_policy, std::__detail::_Hashtable_traits<true, false, true> >::find(std::basic_string_view<char, std::char_traits<char> > const&) const
1746 120 0 0 12 0 0 60 0 0 0 0 0 0
1751 108 1 1 12 0 0 24 0 0 12 0 0 0
1753 480 1 1 156 0 0 156 0 0 78 6 0 0
1754 702 0 0 234 0 0 78 0 0 78 7 0 0
1755 84 0 0 24 0 0 12 0 0 0 0 0 0
1762 72 3 1 60 0 0 0 0 0 12 2 0 0
fn=std::_Hashtable<std::basic_string_view<char, std::char_traits<char> >, std::pair<std::basic_string_view<char, std::char_traits<char> > const, std::function<bool (std::vector<std::basic_string_view<char, std::char_traits<char> >, std::allocator<std::basic_string_view<char, std::char_traits<char> > > > const&, ConfigSettings&)> >, std::allocator<std::pair<std::basic_string_view<char, std::char_traits<char> > const, std::function<bool (std::vector<std::basic_string_view<char, std::char_traits<char> >, std::allocator<std::basic_string_view<char, std::char_traits<char> > > > const&, ConfigSettings&)> > >, std::__detail::_Select1st, std::equal_to<std::basic_string_view<char, std::char_traits<char> > >, std::hash<std::basic_string_view<char, std::char_traits<char> > >, std::__detail::_Mod_range_hashing, std::__detail::_Default_ranged_hash, std::__detail::_Prime_rehash_policy, std::__detail::_Hashtable_traits<true, false, true> >::size() const
656 100 1 1 0 0 0 50 0 0 0 0 0 0
657 100 1 1 100 0 0 0 0 0 0 0 0 0
fn=std::_Hashtable<std::basic_string_view<char, std::char_traits<char> >, std::pair<std::basic_string_view<char, std::char_traits<char> > const, std::function<bool (std::vector<std::basic_string_view<char, std::char_traits<char> >, std::allocator<std::basic_string_view<char, std::char_traits<char> > > > const&, ConfigSettings&)> >, std::allocator<std::pair<std::basic_string_view<char, std::char_traits<char> > const, std::function<bool (std::vector<std::basic_string_view<char, std::char_traits<char> >, std::allocator<std::basic_string_view<char, std::char_traits<char> > > > const&, ConfigSettings&)> > >, std::__detail::_Select1st, std::equal_to<std::basic_string_view<char, std::char_traits<char> > >, std::hash<std::basic_string_view<char, std::char_traits<char> > >, std::__detail::_Mod_range_hashing, std::__detail::_Default_ranged_hash, std::__detail::_Prime_rehash_policy, std::__detail::_Hashtable_traits<true, false, true> >::~_Hashtable()
1654 5 1 1 0 0 0 2 0 0 0 0 0 0
1667 3 0 0 1 0 0 1 0 0 0 0 0 0
1668 3 0 0 1 0 0 1 0 0 0 0 0 0
1669 6 1 0 3 0 0 1 0 0 0 0 0 0
fn=std::pair<std::__detail::_Node_iterator<std::pair<std::basic_string_view<char, std::char_traits<char> > const, std::function<bool (std::vector<std::basic_string_view<char, std::char_traits<char> >, std::allocator<std::basic_string_view<char, std::char_traits<char> > > > const&, ConfigSettings&)> >, false, true>, bool> std::_Hashtable<std::basic_string_view<char, std::char_traits<char> >, std::pair<std::basic_string_view<char, std::char_traits<char> > const, std::function<bool (std::vector<std::basic_string_view<char, std::char_traits<char> >, std::allocator<std::basic_string_view<char, std::char_traits<char> > > > const&, ConfigSettings&)> >, std::allocator<std::pair<std::basic_string_view<char, std::char_traits<char> > const, std::function<bool (std::vector<std::basic_string_view<char, std::char_traits<char> >, std::allocator<std::basic_string_view<char, std::char_traits<char> > > > const&, ConfigSettings&)> > >, std::__detail::_Select1st, std::equal_to<std::basic_string_view<char, std::char_traits<char> > >, std::hash<std::basic_string_view<char, std::char_traits<char> > >, std::__detail::_Mod_range_hashing, std::__detail::_Default_ranged_hash, std::__detail::_Prime_rehash_policy, std::__detail::_Hashtable_traits<true, false, true> >::_M_insert<std::pair<std::basic_string_view<char, std::char_traits<char> > const, std::function<bool (std::vector<std::basic_string_view<char, std::char_traits<char> >, std::allocator<std::basic_string_view<char, std::char_traits<char> > > > const&, ConfigSettings&)> > const&, std::__detail::_AllocNode<std::allocator<std::__detail::_Hash_node<std::pair<std::basic_string_view<char, std::char_traits<char> > const, std::function<bool (std::vector<std::basic_string_view<char, std::char_traits<char> >, std::allocator<std::basic_string_view<char, std::char_traits<char> > > > const&, ConfigSettings&)> >, true> > > >(std::pair<std::basic_string_view<char, std::char_traits<char> > const, std::function<bool (std::vector<std::basic_string_view<char, std::char_traits<char> >, std::allocator<std::basic_string_view<char, std::char_traits<char> > > > const&, ConfigSettings&)> > const&, std::__detail::_AllocNode<std::allocator<std::__detail::_Hash_node<std::pair<std::basic_string_view<char, std::char_traits<char> > const, std::function<bool (std::vector<std::basic_string_view<char, std::char_traits<char> >, std::allocator<std::basic_string_view<char, std::char_traits<char> > > > const&, ConfigSettings&)> >, true> > > const&, std::integral_constant<bool, true>)
951 130 2 2 13 0 0 65 0 0 0 0 0 0
956 182 1 1 39 0 0 39 0 0 0 0 0 0
958 65 0 0 52 0 0 0 0 0 13 3 0 0
fn=std::pair<std::__detail::_Node_iterator<std::pair<std::basic_string_view<char, std::char_traits<char> > const, std::function<bool (std::vector<std::basic_string_view<char, std::char_traits<char> >, std::allocator<std::basic_string_view<char, std::char_traits<char> > > > const&, ConfigSettings&)> >, false, true>, bool> std::_Hashtable<std::basic_string_view<char, std::char_traits<char> >, std::pair<std::basic_string_view<char, std::char_traits<char> > const, std::function<bool (std::vector<std::basic_string_view<char, std::char_traits<char> >, std::allocator<std::basic_string_view<char, std::char_traits<char> > > > const&, ConfigSettings&)> >, std::allocator<std::pair<std::basic_string_view<char, std::char_traits<char> > const, std::function<bool (std::vector<std::basic_string_view<char, std::char_traits<char> >, std::allocator<std::basic_string_view<char, std::char_traits<char> > > > const&, ConfigSettings&)> > >, std::__detail::_Select1st, std::equal_to<std::basic_string_view<char, std::char_traits<char> > >, std::hash<std::basic_string_view<char, std::char_traits<char> > >, std::__detail::_Mod_range_hashing, std::__detail::_Default_ranged_hash, std::__detail::_Prime_rehash_policy, std::__detail::_Hashtable_traits<true, false, true> >::_M_insert_unique<std::basic_string_view<char, std::char_traits<char> > const&, std::pair<std::basic_string_view<char, std::char_traits<char> > const, std::function<bool (std::vector<std::basic_string_view<char, std::char_traits<char> >, std::allocator<std::basic_string_view<char, std::char_traits<char> > > > const&, ConfigSettings&)> > const&, std::__detail::_AllocNode<std::allocator<std::__detail::_Hash_node<std::pair<std::basic_string_view<char, std::char_traits<char> > const, std::function<bool (std::vector<std::basic_string_view<char, std::char_traits<char> >, std::allocator<std::basic_string_view<char, std::char_traits<char> > > > const&, ConfigSettings&)> >, true> > > >(std::basic_string_view<char, std::char_traits<char> > const&, std::pair<std::basic_string_view<char, std::char_traits<char> > const, std::function<bool (std::vector<std::basic_string_view<char, std::char_traits<char> >, std::allocator<std::basic_string_view<char, std::char_traits<char> > > > const&, ConfigSettings&)> > const&, std::__detail::_AllocNode<std::allocator<std::__detail::_Hash_node<std::pair<std::basic_string_view<char, std::char_traits<char> > const, std::function<bool (std::vector<std::basic_string_view<char, std::char_traits<char> >, std::allocator<std::basic_string_view<char, std::char_traits<char> > > > const&, ConfigSettings&)> >, true> > > const&)
2313 182 1 1 13 0 0 117 0 0 0 0 0 0
2319 52 1 1 13 0 0 26 0 0 0 0 0 0
2320 65 0 0 13 0 0 13 0 0 13 1 0 0
2321 559 1 1 182 0 0 182 0 0 91 17 0 0
2322 702 1 1 234 0 0 78 0 0 78 2 0 0
2325 78 1 1 26 0 0 26 0 0 0 0 0 0
2326 78 0 0 26 0 0 26 0 0 0 0 0 0
2328 65 0 0 13 0 0 13 0 0 13 7 0 0
2332 247 2 2 52 0 0 52 0 0 0 0 0 0
2339 104 1 1 52 0 0 26 0 0 0 0 0 0
2340 13 0 0 0 0 0 13 0 0 0 0 0 0
2341 117 0 0 26 0 0 26 0 0 0 0 0 0
2342 182 2 2 91 0 0 13 0 0 13 5 0 0
fn=std::pair<std::__detail::_Node_iterator<std::pair<std::basic_string_view<char, std::char_traits<char> > const, std::function<bool (std::vector<std::basic_string_view<char, std::char_traits<char> >, std::allocator<std::basic_string_view<char, std::char_traits<char> > > > const&, ConfigSettings&)> >, false, true>, bool> std::_Hashtable<std::basic_string_view<char, std::char_traits<char> >, std::pair<std::basic_string_view<char, std::char_traits<char> > const, std::function<bool (std::vector<std::basic_string_view<char, std::char_traits<char> >, std::allocator<std::basic_string_view<char, std::char_traits<char> > > > const&, ConfigSettings&)> >, std::allocator<std::pair<std::basic_string_view<char, std::char_traits<char> > const, std::function<bool (std::vector<std::basic_string_view<char, std::char_traits<char> >, std::allocator<std::basic_string_view<char, std::char_traits<char> > > > const&, ConfigSettings&)> > >, std::__detail::_Select1st, std::equal_to<std::basic_string_view<char, std::char_traits<char> > >, std::hash<std::basic_string_view<char, std::char_traits<char> > >, std::__detail::_Mod_range_hashing, std::__detail::_Default_ranged_hash, std::__detail::_Prime_rehash_policy, std::__detail::_Hashtable_traits<true, false, true> >::_M_insert_unique_aux<std::pair<std::basic_string_view<char, std::char_traits<char> > const, std::function<bool (std::vector<std::basic_string_view<char, std::char_traits<char> >, std::allocator<std::basic_string_view<char, std::char_traits<char> > > > const&, ConfigSettings&)> > const&, std::__detail::_AllocNode<std::allocator<std::__detail::_Hash_node<std::pair<std::basic_string_view<char, std::char_traits<char> > const, std::function<bool (std::vector<std::basic_string_view<char, std::char_traits<char> >, std::allocator<std::basic_string_view<char, std::char_traits<char> > > > const&, ConfigSettings&)> >, true> > > >(std::pair<std::basic_string_view<char, std::char_traits<char> > const, std::function<bool (std::vector<std::basic_string_view<char, std::char_traits<char> >, std::allocator<std::basic_string_view<char, std::char_traits<char> > > > const&, ConfigSettings&)> > const&, std::__detail::_AllocNode<std::allocator<std::__detail::_Hash_node<std::pair<std::basic_string_view<char, std::char_traits<char> > const, std::function<bool (std::vector<std::basic_string_view<char, std::char_traits<char> >, std::allocator<std::basic_string_view<char, std::char_traits<char> > > > const&, ConfigSettings&)> >, true> > > const&)
942 143 1 1 13 0 0 78 0 0 0 0 0 0
944 130 0 0 39 0 0 26 0 0 0 0 0 0
945 143 1 1 13 0 0 39 0 0 0 0 0 0
947 78 0 0 65 0 0 0 0 0 13 3 0 0
fl=/usr/include/c++/14/bits/hashtable_policy.h
fn=bool std::__detail::_Hashtable_base<std::basic_string_view<char, std::char_traits<char> >, std::pair<std::basic_string_view<char, std::char_traits<char> > const, std::function<bool (std::vector<std::basic_string_view<char, std::char_traits<char> >, std::allocator<std::basic_string_view<char, std::char_traits<char> > > > const&, ConfigSettings&)> >, std::__detail::_Select1st, std::equal_to<std::basic_string_view<char, std::char_traits<char> > >, std::hash<std::basic_string_view<char, std::char_traits<char> > >, std::__detail::_Mod_range_hashing, std::__detail::_Default_ranged_hash, std::__detail::_Hashtable_traits<true, false, true> >::_M_key_equals_tr<std::basic_string_view<char, std::char_traits<char> > >(std::basic_string_view<char, std::char_traits<char> > const&, std::__detail::_Hash_node_value<std::pair<std::basic_string_view<char, std::char_traits<char> > const, std::function<bool (std::vector<std::basic_string_view<char, std::char_traits<char> >, std::allocator<std::basic_string_view<char, std::char_traits<char> > > > const&, ConfigSettings&)> >, true> const&) const
344 390 0 0 78 0 0 78 0 0 0 0 0 0
354 78 0 0 0 0 0 0 0 0 0 0 0 0
1745 858 1 1 78 0 0 468 0 0 0 0 0 0
1753 1326 0 0 312 0 0 390 0 0 0 0 0 0
1754 468 0 0 390 0 0 0 0 0 78 2 0 0
fn=std::__detail::_AllocNode<std::allocator<std::__detail::_Hash_node<std::pair<std::basic_string_view<char, std::char_traits<char> > const, std::function<bool (std::vector<std::basic_string_view<char, std::char_traits<char> >, std::allocator<std::basic_string_view<char, std::char_traits<char> > > > const&, ConfigSettings&)> >, true> > >::_AllocNode(std::__detail::_Hashtable_alloc<std::allocator<std::__detail::_Hash_node<std::pair<std::basic_string_view<char, std::char_traits<char> > const, std::function<bool (std::vector<std::basic_string_view<char, std::char_traits<char> >, std::allocator<std::basic_string_view<char, std::char_traits<char> > > > const&, ConfigSettings&)> >, true> > >&)
248 5 0 0 0 0 0 3 0 0 0 0 0 0
249 6 0 0 4 0 0 1 0 0 0 0 0 0
fn=std::__detail::_AllocNode<std::allocator<std::__detail::_Hash_node<std::pair<std::basic_string_view<char, std::char_traits<char> > const, std::function<bool (std::vector<std::basic_string_view<char, std::char_traits<char> >, std::allocator<std::basic_string_view<char, std::char_traits<char> > > > const&, ConfigSettings&)> >, true> > >::__node_ptr std::__detail::_NodeBuilder<std::__detail::_Select1st>::_S_build<std::basic_string_view<char, std::char_traits<char> > const&, std::pair<std::basic_string_view<char, std::char_traits<char> > const, std::function<bool (std::vector<std::basic_string_view<char, std::char_traits<char> >, std::allocator<std::basic_string_view<char, std::char_traits<char> > > > const&, ConfigSettings&)> > const&, std::__detail::_AllocNode<std::allocator<std::__detail::_Hash_node<std::pair<std::basic_string_view<char, std::char_traits<char> > const, std::function<bool (std::vector<std::basic_string_view<char, std::char_traits<char> >, std::allocator<std::basic_string_view<char, std::char_traits<char> > > > const&, ConfigSettings&)> >, true> > > >(std::basic_string_view<char, std::char_traits<char> > const&, std::pair<std::basic_string_view<char, std::char_traits<char> > const, std::function<bool (std::vector<std::basic_string_view<char, std::char_traits<char> >, std::allocator<std::basic_string_view<char, std::char_traits<char> > > > const&, ConfigSettings&)> > const&, std::__detail::_AllocNode<std::allocator<std::__detail::_Hash_node<std::pair<std::basic_string_view<char, std::char_traits<char> > const, std::function<bool (std::vector<std::basic_string_view<char, std::char_traits<char> >, std::allocator<std::basic_string_view<char, std::char_traits<char> > > > const&, ConfigSettings&)> >, true> > > const&)
158 104 2 2 0 0 0 65 0 0 0 0 0 0
161 117 0 0 26 0 0 26 0 0 0 0 0 0
162 52 0 0 13 0 0 13 0 0 0 0 0 0
163 39 1 1 39 0 0 0 0 0 0 0 0 0
fn=std::__detail::_ConvertToValueType<std::__detail::_Select1st, std::pair<std::basic_string_view<char, std::char_traits<char> > const, std::function<bool (std::vector<std::basic_string_view<char, std::char_traits<char> >, std::allocator<std::basic_string_view<char, std::char_traits<char> > > > const&, ConfigSettings&)> > >::operator()(std::pair<std::basic_string_view<char, std::char_traits<char> > const, std::function<bool (std::vector<std::basic_string_view<char, std::char_traits<char> >, std::allocator<std::basic_string_view<char, std::char_traits<char> > > > const&, ConfigSettings&)> > const&) const
136 65 1 1 0 0 0 39 0 0 0 0 0 0
137 39 0 0 39 0 0 0 0 0 0 0 0 0
fn=std::__detail::_Hash_code_base<std::basic_string_view<char, std::char_traits<char> >, std::pair<std::basic_string_view<char, std::char_traits<char> > const, std::function<bool (std::vector<std::basic_string_view<char, std::char_traits<char> >, std::allocator<std::basic_string_view<char, std::char_traits<char> > > > const&, ConfigSettings&)> >, std::__detail::_Select1st, std::hash<std::basic_string_view<char, std::char_traits<char> > >, std::__detail::_Mod_range_hashing, std::__detail::_Default_ranged_hash, true>::_Hash_code_base(std::hash<std::basic_string_view<char, std::char_traits<char> > > const&)
1328 14 2 2 4 0 0 4 0 0 0 0 0 0
fn=std::__detail::_Hash_code_base<std::basic_string_view<char, std::char_traits<char> >, std::pair<std::basic_string_view<char, std::char_traits<char> > const, std::function<bool (std::vector<std::basic_string_view<char, std::char_traits<char> >, std::allocator<std::basic_string_view<char, std::char_traits<char> > > > const&, ConfigSettings&)> >, std::__detail::_Select1st, std::hash<std::basic_string_view<char, std::char_traits<char> > >, std::__detail::_Mod_range_hashing, std::__detail::_Default_ranged_hash, true>::_M_bucket_index(std::__detail::_Hash_node_value<std::pair<std::basic_string_view<char, std::char_traits<char> > const, std::function<bool (std::vector<std::basic_string_view<char, std::char_traits<char> >, std::allocator<std::basic_string_view<char, std::char_traits<char> > > > const&, ConfigSettings&)> >, true> const&, unsigned long) const
1371 70 1 1 7 0 0 35 0 0 0 0 0 0
1375 84 0 0 49 0 0 7 0 0 7 2 0 0
fn=std::__detail::_Hash_code_base<std::basic_string_view<char, std::char_traits<char> >, std::pair<std::basic_string_view<char, std::char_traits<char> > const, std::function<bool (std::vector<std::basic_string_view<char, std::char_traits<char> >, std::allocator<std::basic_string_view<char, std::char_traits<char> > > > const&, ConfigSettings&)> >, std::__detail::_Select1st, std::hash<std::basic_string_view<char, std::char_traits<char> > >, std::__detail::_Mod_range_hashing, std::__detail::_Default_ranged_hash, true>::_M_bucket_index(unsigned long, unsigned long) const
1356 140 0 0 14 0 0 70 0 0 0 0 0 0
1357 154 1 1 84 0 0 14 0 0 14 9 0 0
fn=std::__detail::_Hash_code_base<std::basic_string_view<char, std::char_traits<char> >, std::pair<std::basic_string_view<char, std::char_traits<char> > const, std::function<bool (std::vector<std::basic_string_view<char, std::char_traits<char> >, std::allocator<std::basic_string_view<char, std::char_traits<char> > > > const&, ConfigSettings&)> >, std::__detail::_Select1st, std::hash<std::basic_string_view<char, std::char_traits<char> > >, std::__detail::_Mod_range_hashing, std::__detail::_Default_ranged_hash, true>::_M_hash() const
1400 130 2 2 39 0 0 39 0 0 0 0 0 0
fn=std::__detail::_Hash_code_base<std::basic_string_view<char, std::char_traits<char> >, std::pair<std::basic_string_view<char, std::char_traits<char> > const, std::function<bool (std::vector<std::basic_string_view<char, std::char_traits<char> >, std::allocator<std::basic_string_view<char, std::char_traits<char> > > > const&, ConfigSettings&)> >, std::__detail::_Select1st, std::hash<std::basic_string_view<char, std::char_traits<char> > >, std::__detail::_Mod_range_hashing, std::__detail::_Default_ranged_hash, true>::_M_store_code(std::__detail::_Hash_node_code_cache<true>&, unsigned long) const
1387 78 0 0 0 0 0 52 0 0 0 0 0 0
1388 78 0 0 52 0 0 13 0 0 0 0 0 0
fn=std::__detail::_Hash_node<std::pair<std::basic_string_view<char, std::char_traits<char> > const, std::function<bool (std::vector<std::basic_string_view<char, std::char_traits<char> >, std::allocator<std::basic_string_view<char, std::char_traits<char> > > > const&, ConfigSettings&)> >, true>* std::__detail::_AllocNode<std::allocator<std::__detail::_Hash_node<std::pair<std::basic_string_view<char, std::char_traits<char> > const, std::function<bool (std::vector<std::basic_string_view<char, std::char_traits<char> >, std::allocator<std::basic_string_view<char, std::char_traits<char> > > > const&, ConfigSettings&)> >, true> > >::operator()<std::basic_string_view<char, std::char_traits<char> > const&, std::function<bool (std::vector<std::basic_string_view<char, std::char_traits<char> >, std::allocator<std::basic_string_view<char, std::char_traits<char> > > > const&, ConfigSettings&)> const&>(std::basic_string_view<char, std::char_traits<char> > const&, std::function<bool (std::vector<std::basic_string_view<char, std::char_traits<char> >, std::allocator<std::basic_string_view<char, std::char_traits<char> > > > const&, ConfigSettings&)> const&) const
253 117 1 1 0 0 0 78 0 0 0 0 0 0
254 234 1 1 104 0 0 39 0 0 0 0 0 0
fn=std::__detail::_Hash_node<std::pair<std::basic_string_view<char, std::char_traits<char> > const, std::function<bool (std::vector<std::basic_string_view<char, std::char_traits<char> >, std::allocator<std::basic_string_view<char, std::char_traits<char> > > > const&, ConfigSettings&)> >, true>* std::__detail::_Hashtable_alloc<std::allocator<std::__detail::_Hash_node<std::pair<std::basic_string_view<char, std::char_traits<char> > const, std::function<bool (std::vector<std::basic_string_view<char, std::char_traits<char> >, std::allocator<std::basic_string_view<char, std::char_traits<char> > > > const&, ConfigSettings&)> >, true> > >::_M_allocate_node<std::basic_string_view<char, std::char_traits<char> > const&, std::function<bool (std::vector<std::basic_string_view<char, std::char_traits<char> >, std::allocator<std::basic_string_view<char, std::char_traits<char> > > > const&, ConfigSettings&)> const&>(std::basic_string_view<char, std::char_traits<char> > const&, std::function<bool (std::vector<std::basic_string_view<char, std::char_traits<char> >, std::allocator<std::basic_string_view<char, std::char_traits<char> > > > const&, ConfigSettings&)> const&)
339 117 1 1 26 0 0 65 0 0 0 0 0 0
2015 156 2 2 13 0 0 91 1 0 0 0 0 0
2018 143 1 1 52 0 0 78 0 0 0 0 0 0
2019 13 0 0 0 0 0 13 0 0 0 0 0 0
2020 52 0 0 13 0 0 26 0 0 0 0 0 0
2023 78 1 1 13 0 0 26 0 0 0 0 0 0
2024 143 0 0 39 0 0 39 0 0 0 0 0 0
2026 13 0 0 13 0 0 0 0 0 0 0 0 0
2034 104 1 1 78 0 0 0 0 0 13 1 0 0
fn=std::__detail::_Hash_node<std::pair<std::basic_string_view<char, std::char_traits<char> > const, std::function<bool (std::vector<std::basic_string_view<char, std::char_traits<char> >, std::allocator<std::basic_string_view<char, std::char_traits<char> > > > const&, ConfigSettings&)> >, true>::_Hash_node()
381 143 0 0 39 0 0 39 0 0 0 0 0 0
fn=std::__detail::_Hash_node<std::pair<std::basic_string_view<char, std::char_traits<char> > const, std::function<bool (std::vector<std::basic_string_view<char, std::char_traits<char> >, std::allocator<std::basic_string_view<char, std::char_traits<char> > > > const&, ConfigSettings&)> >, true>::_M_next() const
386 656 1 0 0 0 0 328 0 0 0 0 0 0
387 656 0 0 656 12 0 0 0 0 0 0 0 0
fn=std::__detail::_Hash_node_base::_Hash_node_base()
319 126 1 1 42 0 0 42 1 1 0 0 0 0
fn=std::__detail::_Hashtable_alloc<std::allocator<std::__detail::_Hash_node<std::pair<std::basic_string_view<char, std::char_traits<char> > const, std::function<bool (std::vector<std::basic_string_view<char, std::char_traits<char> >, std::allocator<std::basic_string_view<char, std::char_traits<char> > > > const&, ConfigSettings&)> >, true> > >::_Hashtable_alloc<std::allocator<std::__detail::_Hash_node<std::pair<std::basic_string_view<char, std::char_traits<char> > const, std::function<bool (std::vector<std::basic_string_view<char, std::char_traits<char> >, std::allocator<std::basic_string_view<char, std::char_traits<char> > > > const&, ConfigSettings&)> >, true> > >(std::allocator<std::__detail::_Hash_node<std::pair<std::basic_string_view<char, std::char_traits<char> > const, std::function<bool (std::vector<std::basic_string_view<char, std::char_traits<char> >, std::allocator<std::basic_string_view<char, std::char_traits<char> > > > const&, ConfigSettings&)> >, true> >&&)
1973 6 0 0 0 0 0 3 0 0 0 0 0 0
1974 8 1 1 2 0 0 2 0 0 0 0 0 0
1975 3 0 0 2 0 0 0 0 0 0 0 0 0
fn=std::__detail::_Hashtable_alloc<std::allocator<std::__detail::_Hash_node<std::pair<std::basic_string_view<char, std::char_traits<char> > const, std::function<bool (std::vector<std::basic_string_view<char, std::char_traits<char> >, std::allocator<std::basic_string_view<char, std::char_traits<char> > > > const&, ConfigSettings&)> >, true> > >::_M_allocate_buckets(unsigned long)
2068 9 1 1 1 0 0 4 0 0 0 0 0 0
2071 6 0 0 1 0 0 3 0 0 0 0 0 0
2073 1 0 0 0 0 0 1 0 0 0 0 0 0
2074 4 1 1 1 0 0 2 0 0 0 0 0 0
2075 6 0 0 2 0 0 1 0 0 0 0 0 0
2076 1 0 0 1 0 0 0 0 0 0 0 0 0
2077 5 0 0 4 0 0 0 0 0 1 1 0 0
fn=std::__detail::_Hashtable_alloc<std::allocator<std::__detail::_Hash_node<std::pair<std::basic_string_view<char, std::char_traits<char> > const, std::function<bool (std::vector<std::basic_string_view<char, std::char_traits<char> >, std::allocator<std::basic_string_view<char, std::char_traits<char> > > > const&, ConfigSettings&)> >, true> > >::_M_deallocate_buckets(std::__detail::_Hash_node_base**, unsigned long)
2081 10 0 0 1 0 0 5 0 0 0 0 0 0
2086 4 1 1 1 0 0 2 0 0 0 0 0 0
2087 6 0 0 1 0 0 3 0 0 0 0 0 0
2089 6 1 0 4 0 0 0 0 0 1 1 0 0
fn=std::__detail::_Hashtable_alloc<std::allocator<std::__detail::_Hash_node<std::pair<std::basic_string_view<char, std::char_traits<char> > const, std::function<bool (std::vector<std::basic_string_view<char, std::char_traits<char> >, std::allocator<std::basic_string_view<char, std::char_traits<char> > > > const&, ConfigSettings&)> >, true> > >::_M_deallocate_node(std::__detail::_Hash_node<std::pair<std::basic_string_view<char, std::char_traits<char> > const, std::function<bool (std::vector<std::basic_string_view<char, std::char_traits<char> >, std::allocator<std::basic_string_view<char, std::char_traits<char> > > > const&, ConfigSettings&)> >, true>*)
339 65 0 0 13 0 0 13 0 0 0 0 0 0
2038 91 2 1 0 0 0 52 1 0 0 0 0 0
2040 104 0 0 26 0 0 52 0 0 0 0 0 0
2041 65 0 0 26 0 0 13 0 0 0 0 0 0
2042 52 0 0 39 0 0 0 0 0 0 0 0 0
fn=std::__detail::_Hashtable_alloc<std::allocator<std::__detail::_Hash_node<std::pair<std::basic_string_view<char, std::char_traits<char> > const, std::function<bool (std::vector<std::basic_string_view<char, std::char_traits<char> >, std::allocator<std::basic_string_view<char, std::char_traits<char> > > > const&, ConfigSettings&)> >, true> > >::_M_deallocate_node_ptr(std::__detail::_Hash_node<std::pair<std::basic_string_view<char, std::char_traits<char> > const, std::function<bool (std::vector<std::basic_string_view<char, std::char_traits<char> >, std::allocator<std::basic_string_view<char, std::char_traits<char> > > > const&, ConfigSettings&)> >, true>*)
2046 78 1 1 0 0 0 39 0 0 0 0 0 0
2049 52 0 0 13 0 0 26 0 0 0 0 0 0
2051 169 1 1 65 0 0 91 0 0 0 0 0 0
2052 39 0 0 26 0 0 0 0 0 0 0 0 0
fn=std::__detail::_Hashtable_alloc<std::allocator<std::__detail::_Hash_node<std::pair<std::basic_string_view<char, std::char_traits<char> > const, std::function<bool (std::vector<std::basic_string_view<char, std::char_traits<char> >, std::allocator<std::basic_string_view<char, std::char_traits<char> > > > const&, ConfigSettings&)> >, true> > >::_M_deallocate_nodes(std::__detail::_Hash_node<std::pair<std::basic_string_view<char, std::char_traits<char> > const, std::function<bool (std::vector<std::basic_string_view<char, std::char_traits<char> >, std::allocator<std::basic_string_view<char, std::char_traits<char> > > > const&, ConfigSettings&)> >, true>*)
2056 6 0 0 0 0 0 3 0 0 0 0 0 0
2058 29 1 0 14 0 0 0 0 0 14 4 0 0
2060 26 0 0 13 0 0 13 0 0 0 0 0 0
2061 52 0 0 13 0 0 26 1 0 0 0 0 0
2062 65 0 0 26 0 0 13 0 0 0 0 0 0
2064 4 0 0 2 0 0 0 0 0 0 0 0 0
fn=std::__detail::_Hashtable_alloc<std::allocator<std::__detail::_Hash_node<std::pair<std::basic_string_view<char, std::char_traits<char> > const, std::function<bool (std::vector<std::basic_string_view<char, std::char_traits<char> >, std::allocator<std::basic_string_view<char, std::char_traits<char> > > > const&, ConfigSettings&)> >, true> > >::_M_node_allocator()
1978 205 1 0 0 0 0 82 0 0 0 0 0 0
1979 205 0 0 123 0 0 41 0 0 0 0 0 0
fn=std::__detail::_Hashtable_alloc<std::allocator<std::__detail::_Hash_node<std::pair<std::basic_string_view<char, std::char_traits<char> > const, std::function<bool (std::vector<std::basic_string_view<char, std::char_traits<char> >, std::allocator<std::basic_string_view<char, std::char_traits<char> > > > const&, ConfigSettings&)> >, true> > >::~_Hashtable_alloc()
1940 11 1 0 3 0 0 3 0 0 0 0 0 0
fn=std::__detail::_Hashtable_base<std::basic_string_view<char, std::char_traits<char> >, std::pair<std::basic_string_view<char, std::char_traits<char> > const, std::function<bool (std::vector<std::basic_string_view<char, std::char_traits<char> >, std::allocator<std::basic_string_view<char, std::char_traits<char> > > > const&, ConfigSettings&)> >, std::__detail::_Select1st, std::equal_to<std::basic_string_view<char, std::char_traits<char> > >, std::hash<std::basic_string_view<char, std::char_traits<char> > >, std::__detail::_Mod_range_hashing, std::__detail::_Default_ranged_hash, std::__detail::_Hashtable_traits<true, false, true> >::_Hashtable_base(std::hash<std::basic_string_view<char, std::char_traits<char> > > const&, std::equal_to<std::basic_string_view<char, std::char_traits<char> > > const&)
1728 7 1 1 0 0 0 4 0 0 0 0 0 0
1729 10 1 1 4 0 0 2 0 0 0 0 0 0
1730 3 0 0 2 0 0 0 0 0 0 0 0 0
fn=std::__detail::_Hashtable_base<std::basic_string_view<char, std::char_traits<char> >, std::pair<std::basic_string_view<char, std::char_traits<char> > const, std::function<bool (std::vector<std::basic_string_view<char, std::char_traits<char> >, std::allocator<std::basic_string_view<char, std::char_traits<char> > > > const&, ConfigSettings&)> >, std::__detail::_Select1st, std::equal_to<std::basic_string_view<char, std::char_traits<char> > >, std::hash<std::basic_string_view<char, std::char_traits<char> > >, std::__detail::_Mod_range_hashing, std::__detail::_Default_ranged_hash, std::__detail::_Hashtable_traits<true, false, true> >::_M_eq() const
1785 1560 0 0 468 0 0 468 0 0 0 0 0 0
fn=std::__detail::_Hashtable_base<std::basic_string_view<char, std::char_traits<char> >, std::pair<std::basic_string_view<char, std::char_traits<char> > const, std::function<bool (std::vector<std::basic_string_view<char, std::char_traits<char> >, std::allocator<std::basic_string_view<char, std::char_traits<char> > > > const&, ConfigSettings&)> >, std::__detail::_Select1st, std::equal_to<std::basic_string_view<char, std::char_traits<char> > >, std::hash<std::basic_string_view<char, std::char_traits<char> > >, std::__detail::_Mod_range_hashing, std::__detail::_Default_ranged_hash, std::__detail::_Hashtable_traits<true, false, true> >::_M_key_equals(std::basic_string_view<char, std::char_traits<char> > const&, std::__detail::_Hash_node_value<std::pair<std::basic_string_view<char, std::char_traits<char> > const, std::function<bool (std::vector<std::basic_string_view<char, std::char_traits<char> >, std::allocator<std::basic_string_view<char, std::char_traits<char> > > > const&, ConfigSettings&)> >, true> const&) const
344 390 1 1 78 0 0 78 0 0 0 0 0 0
354 78 0 0 0 0 0 0 0 0 0 0 0 0
1733 858 1 1 78 0 0 468 0 0 0 0 0 0
1740 1326 0 0 312 0 0 390 0 0 0 0 0 0
1741 468 0 0 390 0 0 0 0 0 78 2 0 0
fn=std::__detail::_Hashtable_ebo_helper<0, std::allocator<std::__detail::_Hash_node<std::pair<std::basic_string_view<char, std::char_traits<char> > const, std::function<bool (std::vector<std::basic_string_view<char, std::char_traits<char> >, std::allocator<std::basic_string_view<char, std::char_traits<char> > > > const&, ConfigSettings&)> >, true> >, true>::_Hashtable_ebo_helper<std::allocator<std::__detail::_Hash_node<std::pair<std::basic_string_view<char, std::char_traits<char> > const, std::function<bool (std::vector<std::basic_string_view<char, std::char_traits<char> >, std::allocator<std::basic_string_view<char, std::char_traits<char> > > > const&, ConfigSettings&)> >, true> > >(std::allocator<std::__detail::_Hash_node<std::pair<std::basic_string_view<char, std::char_traits<char> > const, std::function<bool (std::vector<std::basic_string_view<char, std::char_traits<char> >, std::allocator<std::basic_string_view<char, std::char_traits<char> > > > const&, ConfigSettings&)> >, true> >&&)
1246 6 1 1 0 0 0 3 0 0 0 0 0 0
1247 10 0 0 4 0 0 5 0 0 0 0 0 0
1248 3 0 0 2 0 0 0 0 0 0 0 0 0
fn=std::__detail::_Hashtable_ebo_helper<0, std::allocator<std::__detail::_Hash_node<std::pair<std::basic_string_view<char, std::char_traits<char> > const, std::function<bool (std::vector<std::basic_string_view<char, std::char_traits<char> >, std::allocator<std::basic_string_view<char, std::char_traits<char> > > > const&, ConfigSettings&)> >, true> >, true>::_M_get()
1251 287 1 0 123 0 0 82 0 0 0 0 0 0
fn=std::__detail::_Hashtable_ebo_helper<0, std::allocator<std::__detail::_Hash_node<std::pair<std::basic_string_view<char, std::char_traits<char> > const, std::function<bool (std::vector<std::basic_string_view<char, std::char_traits<char> >, std::allocator<std::basic_string_view<char, std::char_traits<char> > > > const&, ConfigSettings&)> >, true> >, true>::~_Hashtable_ebo_helper()
1240 9 0 0 3 0 0 3 0 0 0 0 0 0
fn=std::__detail::_Hashtable_ebo_helper<0, std::equal_to<std::basic_string_view<char, std::char_traits<char> > >, true>::_Hashtable_ebo_helper<std::equal_to<std::basic_string_view<char, std::char_traits<char> > > const&>(std::equal_to<std::basic_string_view<char, std::char_traits<char> > > const&)
1246 6 0 0 0 0 0 3 0 0 0 0 0 0
1247 3 0 0 1 0 0 1 0 0 0 0 0 0
1248 3 0 0 2 0 0 0 0 0 0 0 0 0
fn=std::__detail::_Hashtable_ebo_helper<0, std::equal_to<std::basic_string_view<char, std::char_traits<char> > >, true>::_M_cget() const
1250 1092 0 0 468 0 0 312 0 0 0 0 0 0
fn=std::__detail::_Hashtable_ebo_helper<1, std::hash<std::basic_string_view<char, std::char_traits<char> > >, true>::_Hashtable_ebo_helper<std::hash<std::basic_string_view<char, std::char_traits<char> > > const&>(std::hash<std::basic_string_view<char, std::char_traits<char> > > const&)
1246 6 2 2 0 0 0 3 0 0 0 0 0 0
1247 3 0 0 1 0 0 1 0 0 0 0 0 0
1248 3 0 0 2 0 0 0 0 0 0 0 0 0
fn=std::__detail::_Hashtable_ebo_helper<1, std::hash<std::basic_string_view<char, std::char_traits<char> > >, true>::_M_cget() const
1250 91 1 1 39 0 0 26 0 0 0 0 0 0
fn=std::__detail::_Hashtable_hash_traits<std::hash<std::basic_string_view<char, std::char_traits<char> > > >::__small_size_threshold()
303 114 0 0 0 0 0 38 0 0 0 0 0 0
304 114 0 0 76 0 0 0 0 0 0 0 0 0
fn=std::__detail::_Insert_base<std::basic_string_view<char, std::char_traits<char> >, std::pair<std::basic_string_view<char, std::char_traits<char> > const, std::function<bool (std::vector<std::basic_string_view<char, std::char_traits<char> >, std::allocator<std::basic_string_view<char, std::char_traits<char> > > > const&, ConfigSettings&)> >, std::allocator<std::pair<std::basic_string_view<char, std::char_traits<char> > const, std::function<bool (std::vector<std::basic_string_view<char, std::char_traits<char> >, std::allocator<std::basic_string_view<char, std::char_traits<char> > > > const&, ConfigSettings&)> > >, std::__detail::_Select1st, std::equal_to<std::basic_string_view<char, std::char_traits<char> > >, std::hash<std::basic_string_view<char, std::char_traits<char> > >, std::__detail::_Mod_range_hashing, std::__detail::_Default_ranged_hash, std::__detail::_Prime_rehash_policy, std::__detail::_Hashtable_traits<true, false, true> >::_M_conjure_hashtable()
928 8 1 1 0 0 0 4 0 0 0 0 0 0
929 6 0 0 6 0 0 0 0 0 0 0 0 0
fn=std::__detail::_Mod_range_hashing::operator()(unsigned long, unsigned long) const
532 126 0 0 0 0 0 84 0 0 0 0 0 0
534 126 0 0 84 0 0 0 0 0 0 0 0 0
fn=std::__detail::_Node_const_iterator<std::pair<std::basic_string_view<char, std::char_traits<char> > const, std::function<bool (std::vector<std::basic_string_view<char, std::char_traits<char> >, std::allocator<std::basic_string_view<char, std::char_traits<char> > > > const&, ConfigSettings&)> >, false, true>::_Node_const_iterator(std::__detail::_Hash_node<std::pair<std::basic_string_view<char, std::char_traits<char> > const, std::function<bool (std::vector<std::basic_string_view<char, std::char_traits<char> >, std::allocator<std::basic_string_view<char, std::char_traits<char> > > > const&, ConfigSettings&)> >, true>*)
489 144 1 1 0 0 0 72 0 0 0 0 0 0
490 192 0 0 96 0 0 24 0 0 0 0 0 0
fn=std::__detail::_Node_const_iterator<std::pair<std::basic_string_view<char, std::char_traits<char> > const, std::function<bool (std::vector<std::basic_string_view<char, std::char_traits<char> >, std::allocator<std::basic_string_view<char, std::char_traits<char> > > > const&, ConfigSettings&)> >, false, true>::operator->() const
339 48 0 0 12 0 0 12 0 0 0 0 0 0
501 60 8 1 0 0 0 24 0 0 0 0 0 0
502 72 0 0 48 0 0 12 0 0 0 0 0 0
fn=std::__detail::_Node_iterator<std::pair<std::basic_string_view<char, std::char_traits<char> > const, std::function<bool (std::vector<std::basic_string_view<char, std::char_traits<char> >, std::allocator<std::basic_string_view<char, std::char_traits<char> > > > const&, ConfigSettings&)> >, false, true>::_Node_iterator(std::__detail::_Hash_node<std::pair<std::basic_string_view<char, std::char_traits<char> > const, std::function<bool (std::vector<std::basic_string_view<char, std::char_traits<char> >, std::allocator<std::basic_string_view<char, std::char_traits<char> > > > const&, ConfigSettings&)> >, true>*)
442 78 1 1 0 0 0 39 0 0 0 0 0 0
443 104 0 0 52 0 0 13 0 0 0 0 0 0
fn=std::__detail::_Node_iterator_base<std::pair<std::basic_string_view<char, std::char_traits<char> > const, std::function<bool (std::vector<std::basic_string_view<char, std::char_traits<char> >, std::allocator<std::basic_string_view<char, std::char_traits<char> > > > const&, ConfigSettings&)> >, true>::_Node_iterator_base(std::__detail::_Hash_node<std::pair<std::basic_string_view<char, std::char_traits<char> > const, std::function<bool (std::vector<std::basic_string_view<char, std::char_traits<char> >, std::allocator<std::basic_string_view<char, std::char_traits<char> > > > const&, ConfigSettings&)> >, true>*)
399 185 0 0 0 0 0 111 0 0 0 0 0 0
400 222 0 0 148 0 0 37 0 0 0 0 0 0
fn=std::__detail::_Prime_rehash_policy::_M_state() const
577 52 0 0 0 0 0 26 0 0 0 0 0 0
578 52 1 1 52 0 0 0 0 0 0 0 0 0
fn=std::__detail::_Prime_rehash_policy::_Prime_rehash_policy(float)
550 5 1 1 0 0 0 3 0 0 0 0 0 0
551 8 0 0 5 0 0 2 0 0 0 0 0 0
fn=std::__detail::_RehashStateGuard<std::__detail::_Prime_rehash_policy>::_RehashStateGuard(std::__detail::_Prime_rehash_policy&)
730 78 0 0 0 0 0 39 0 0 0 0 0 0
731 65 1 1 26 0 0 26 0 0 0 0 0 0
732 65 0 0 26 0 0 26 0 0 0 0 0 0
733 39 0 0 26 0 0 0 0 0 0 0 0 0
fn=std::__detail::_RehashStateGuard<std::__detail::_Prime_rehash_policy>::~_RehashStateGuard()
736 65 0 0 0 0 0 26 0 0 0 0 0 0
738 52 0 0 26 0 0 0 0 0 13 4 0 0
740 39 0 0 26 0 0 0 0 0 0 0 0 0
fn=std::__detail::_Select1st::__1st_type<std::pair<std::basic_string_view<char, std::char_traits<char> > const, std::function<bool (std::vector<std::basic_string_view<char, std::char_traits<char> >, std::allocator<std::basic_string_view<char, std::char_traits<char> > > > const&, ConfigSettings&)> > const&>::type&& std::__detail::_Select1st::operator()<std::pair<std::basic_string_view<char, std::char_traits<char> > const, std::function<bool (std::vector<std::basic_string_view<char, std::char_traits<char> >, std::allocator<std::basic_string_view<char, std::char_traits<char> > > > const&, ConfigSettings&)> > const&>(std::pair<std::basic_string_view<char, std::char_traits<char> > const, std::function<bool (std::vector<std::basic_string_view<char, std::char_traits<char> >, std::allocator<std::basic_string_view<char, std::char_traits<char> > > > const&, ConfigSettings&)> > const&) const
112 1014 2 2 0 0 0 507 0 0 0 0 0 0
113 845 0 0 507 0 0 169 0 0 0 0 0 0
fn=std::__detail::operator==(std::__detail::_Node_iterator_base<std::pair<std::basic_string_view<char, std::char_traits<char> > const, std::function<bool (std::vector<std::basic_string_view<char, std::char_traits<char> >, std::allocator<std::basic_string_view<char, std::char_traits<char> > > > const&, ConfigSettings&)> >, true> const&, std::__detail::_Node_iterator_base<std::pair<std::basic_string_view<char, std::char_traits<char> > const, std::function<bool (std::vector<std::basic_string_view<char, std::char_traits<char> >, std::allocator<std::basic_string_view<char, std::char_traits<char> > > > const&, ConfigSettings&)> >, true> const&)
407 60 0 0 0 0 0 36 0 0 0 0 0 0
409 96 0 0 72 0 0 0 0 0 0 0 0 0
fn=unsigned long std::__detail::_Hash_code_base<std::basic_string_view<char, std::char_traits<char> >, std::pair<std::basic_string_view<char, std::char_traits<char> > const, std::function<bool (std::vector<std::basic_string_view<char, std::char_traits<char> >, std::allocator<std::basic_string_view<char, std::char_traits<char> > > > const&, ConfigSettings&)> >, std::__detail::_Select1st, std::hash<std::basic_string_view<char, std::char_traits<char> > >, std::__detail::_Mod_range_hashing, std::__detail::_Default_ranged_hash, true>::_M_hash_code_tr<std::basic_string_view<char, std::char_traits<char> > >(std::basic_string_view<char, std::char_traits<char> > const&) const
1340 78 2 2 0 0 0 39 0 0 0 0 0 0
1344 104 0 0 26 0 0 26 0 0 0 0 0 0
1345 26 0 0 26 0 0 0 0 0 0 0 0 0
fn=void std::__detail::_Insert_base<std::basic_string_view<char, std::char_traits<char> >, std::pair<std::basic_string_view<char, std::char_traits<char> > const, std::function<bool (std::vector<std::basic_string_view<char, std::char_traits<char> >, std::allocator<std::basic_string_view<char, std::char_traits<char> > > > const&, ConfigSettings&)> >, std::allocator<std::pair<std::basic_string_view<char, std::char_traits<char> > const, std::function<bool (std::vector<std::basic_string_view<char, std::char_traits<char> >, std::allocator<std::basic_string_view<char, std::char_traits<char> > > > const&, ConfigSettings&)> > >, std::__detail::_Select1st, std::equal_to<std::basic_string_view<char, std::char_traits<char> > >, std::hash<std::basic_string_view<char, std::char_traits<char> > >, std::__detail::_Mod_range_hashing, std::__detail::_Default_ranged_hash, std::__detail::_Prime_rehash_policy, std::__detail::_Hashtable_traits<true, false, true> >::_M_insert_range<std::pair<std::basic_string_view<char, std::char_traits<char> > const, std::function<bool (std::vector<std::basic_string_view<char, std::char_traits<char> >, std::allocator<std::basic_string_view<char, std::char_traits<char> > > > const&, ConfigSettings&)> > const*, std::__detail::_AllocNode<std::allocator<std::__detail::_Hash_node<std::pair<std::basic_string_view<char, std::char_traits<char> > const, std::function<bool (std::vector<std::basic_string_view<char, std::char_traits<char> >, std::allocator<std::basic_string_view<char, std::char_traits<char> > > > const&, ConfigSettings&)> >, true> > > >(std::pair<std::basic_string_view<char, std::char_traits<char> > const, std::function<bool (std::vector<std::basic_string_view<char, std::char_traits<char> >, std::allocator<std::basic_string_view<char, std::char_traits<char> > > > const&, ConfigSettings&)> > const*, std::pair<std::basic_string_view<char, std::char_traits<char> > const, std::function<bool (std::vector<std::basic_string_view<char, std::char_traits<char> >, std::allocator<std::basic_string_view<char, std::char_traits<char> > > > const&, ConfigSettings&)> > const*, std::__detail::_AllocNode<std::allocator<std::__detail::_Hash_node<std::pair<std::basic_string_view<char, std::char_traits<char> > const, std::function<bool (std::vector<std::basic_string_view<char, std::char_traits<char> >, std::allocator<std::basic_string_view<char, std::char_traits<char> > > > const&, ConfigSettings&)> >, true> > > const&, std::integral_constant<bool, true>)
1011 8 1 1 0 0 0 5 0 0 0 0 0 0
1017 4 0 0 1 0 0 2 0 0 0 0 0 0
1018 56 1 1 41 0 0 0 0 0 14 5 0 0
1019 78 0 0 39 0 0 13 0 0 0 0 0 0
1020 4 0 0 2 0 0 0 0 0 0 0 0 0
fn=void std::__detail::_Insert_base<std::basic_string_view<char, std::char_traits<char> >, std::pair<std::basic_string_view<char, std::char_traits<char> > const, std::function<bool (std::vector<std::basic_string_view<char, std::char_traits<char> >, std::allocator<std::basic_string_view<char, std::char_traits<char> > > > const&, ConfigSettings&)> >, std::allocator<std::pair<std::basic_string_view<char, std::char_traits<char> > const, std::function<bool (std::vector<std::basic_string_view<char, std::char_traits<char> >, std::allocator<std::basic_string_view<char, std::char_traits<char> > > > const&, ConfigSettings&)> > >, std::__detail::_Select1st, std::equal_to<std::basic_string_view<char, std::char_traits<char> > >, std::hash<std::basic_string_view<char, std::char_traits<char> > >, std::__detail::_Mod_range_hashing, std::__detail::_Default_ranged_hash, std::__detail::_Prime_rehash_policy, std::__detail::_Hashtable_traits<true, false, true> >::insert<std::pair<std::basic_string_view<char, std::char_traits<char> > const, std::function<bool (std::vector<std::basic_string_view<char, std::char_traits<char> >, std::allocator<std::basic_string_view<char, std::char_traits<char> > > > const&, ConfigSettings&)> > const*>(std::pair<std::basic_string_view<char, std::char_traits<char> > const, std::function<bool (std::vector<std::basic_string_view<char, std::char_traits<char> >, std::allocator<std::basic_string_view<char, std::char_traits<char> > > > const&, ConfigSettings&)> > const*, std::pair<std::basic_string_view<char, std::char_traits<char> > const, std::function<bool (std::vector<std::basic_string_view<char, std::char_traits<char> >, std::allocator<std::basic_string_view<char, std::char_traits<char> > > > const&, ConfigSettings&)> > const*)
997 10 1 1 1 0 0 5 0 0 0 0 0 0
999 4 0 0 1 0 0 2 0 0 0 0 0 0
1000 5 1 1 1 0 0 1 0 0 0 0 0 0
1001 7 0 0 3 0 0 1 0 0 0 0 0 0
1002 5 0 0 4 0 0 0 0 0 1 1 0 0
fl=/usr/include/c++/14/bits/invoke.h
fn=bool std::__invoke_impl<bool, bool (*&)(std::vector<std::basic_string_view<char, std::char_traits<char> >, std::allocator<std::basic_string_view<char, std::char_traits<char> > > > const&, ConfigSettings&), std::vector<std::basic_string_view<char, std::char_traits<char> >, std::allocator<std::basic_string_view<char, std::char_traits<char> > > > const&, ConfigSettings&>(std::__invoke_other, bool (*&)(std::vector<std::basic_string_view<char, std::char_traits<char> >, std::allocator<std::basic_string_view<char, std::char_traits<char> > > > const&, ConfigSettings&), std::vector<std::basic_string_view<char, std::char_traits<char> >, std::allocator<std::basic_string_view<char, std::char_traits<char> > > > const&, ConfigSettings&)
60 108 0 0 0 0 0 72 0 0 0 0 0 0
61 228 0 0 96 0 0 48 0 0 0 0 12 12
fn=std::enable_if<is_invocable_r_v<bool, bool (*&)(std::vector<std::basic_string_view<char, std::char_traits<char> >, std::allocator<std::basic_string_view<char, std::char_traits<char> > > > const&, ConfigSettings&), std::vector<std::basic_string_view<char, std::char_traits<char> >, std::allocator<std::basic_string_view<char, std::char_traits<char> > > > const&, ConfigSettings&>, bool>::type std::__invoke_r<bool, bool (*&)(std::vector<std::basic_string_view<char, std::char_traits<char> >, std::allocator<std::basic_string_view<char, std::char_traits<char> > > > const&, ConfigSettings&), std::vector<std::basic_string_view<char, std::char_traits<char> >, std::allocator<std::basic_string_view<char, std::char_traits<char> > > > const&, ConfigSettings&>(bool (*&)(std::vector<std::basic_string_view<char, std::char_traits<char> >, std::allocator<std::basic_string_view<char, std::char_traits<char> > > > const&, ConfigSettings&), std::vector<std::basic_string_view<char, std::char_traits<char> >, std::allocator<std::basic_string_view<char, std::char_traits<char> > > > const&, ConfigSettings&)
104 108 0 0 0 0 0 72 0 0 0 0 0 0
114 180 1 1 36 0 0 48 0 0 0 0 0 0
117 60 0 0 48 0 0 0 0 0 0 0 0 0
fl=/usr/include/c++/14/bits/move.h
fn=AABB const& std::forward<AABB const&>(std::remove_reference<AABB const&>::type&)
70 148 0 0 0 0 0 74 0 0 0 0 0 0
71 111 0 0 111 0 0 0 0 0 0 0 0 0
fn=AABB&& std::forward<AABB>(std::remove_reference<AABB>::type&)
70 452 4 0 0 0 0 226 0 0 0 0 0 0
71 339 0 0 339 0 0 0 0 0 0 0 0 0
fn=AABB* std::__addressof<AABB>(AABB&)
51 360 4 1 0 0 0 180 0 0 0 0 0 0
52 270 0 0 270 0 0 0 0 0 0 0 0 0
fn=ConfigSettings& std::forward<ConfigSettings&>(std::remove_reference<ConfigSettings&>::type&)
70 220 1 0 0 0 0 110 0 0 0 0 0 0
71 165 0 0 165 0 0 0 0 0 0 0 0 0
fn=MaterialID&& std::forward<MaterialID>(std::remove_reference<MaterialID>::type&)
70 240 0 0 0 0 0 120 0 0 0 0 0 0
71 180 0 0 180 0 0 0 0 0 0 0 0 0
fn=Renderer::HitRecord&& std::forward<Renderer::HitRecord>(std::remove_reference<Renderer::HitRecord>::type&)
70 1017717904 0 0 0 0 0 508858952 0 0 0 0 0 0
71 763288428 0 0 763288428 0 0 0 0 0 0 0 0 0
fn=Renderer::HitRecord* std::__addressof<Renderer::HitRecord>(Renderer::HitRecord&)
51 493473856 0 0 0 0 0 246736928 0 0 0 0 0 0
52 370105392 0 0 370105392 0 0 0 0 0 0 0 0 0
fn=Renderer::Intersection&& std::forward<Renderer::Intersection>(std::remove_reference<Renderer::Intersection>::type&)
70 83003136 1 1 0 0 0 41501568 31 0 0 0 0 0
71 62252352 1 1 62252352 0 0 0 0 0 0 0 0 0
fn=Renderer::Intersection* std::__addressof<Renderer::Intersection>(Renderer::Intersection&)
51 74397320 1 1 0 0 0 37198660 0 0 0 0 0 0
52 55797990 0 0 55797990 0 0 0 0 0 0 0 0 0
fn=bool (&std::forward<bool (&)(std::vector<std::basic_string_view<char, std::char_traits<char> >, std::allocator<std::basic_string_view<char, std::char_traits<char> > > > const&, ConfigSettings&)>(std::remove_reference<bool (&)(std::vector<std::basic_string_view<char, std::char_traits<char> >, std::allocator<std::basic_string_view<char, std::char_traits<char> > > > const&, ConfigSettings&)>::type&))(std::vector<std::basic_string_view<char, std::char_traits<char> >, std::allocator<std::basic_string_view<char, std::char_traits<char> > > > const&, ConfigSettings&)
70 208 1 1 0 0 0 104 0 0 0 0 0 0
71 156 0 0 156 0 0 0 0 0 0 0 0 0
fn=bool (* const&std::forward<bool (* const&)(std::vector<std::basic_string_view<char, std::char_traits<char> >, std::allocator<std::basic_string_view<char, std::char_traits<char> > > > const&, ConfigSettings&)>(std::remove_reference<bool (* const&)(std::vector<std::basic_string_view<char, std::char_traits<char> >, std::allocator<std::basic_string_view<char, std::char_traits<char> > > > const&, ConfigSettings&)>::type&))(std::vector<std::basic_string_view<char, std::char_traits<char> >, std::allocator<std::basic_string_view<char, std::char_traits<char> > > > const&, ConfigSettings&)
70 104 0 0 0 0 0 52 0 0 0 0 0 0
71 78 0 0 78 0 0 0 0 0 0 0 0 0
fn=bool (* const*std::__addressof<bool (* const)(std::vector<std::basic_string_view<char, std::char_traits<char> >, std::allocator<std::basic_string_view<char, std::char_traits<char> > > > const&, ConfigSettings&)>(bool (* const&)(std::vector<std::basic_string_view<char, std::char_traits<char> >, std::allocator<std::basic_string_view<char, std::char_traits<char> > > > const&, ConfigSettings&)))(std::vector<std::basic_string_view<char, std::char_traits<char> >, std::allocator<std::basic_string_view<char, std::char_traits<char> > > > const&, ConfigSettings&)
51 100 0 0 0 0 0 50 0 0 0 0 0 0
52 75 0 0 75 0 0 0 0 0 0 0 0 0
fn=bool (*&std::forward<bool (*&)(std::vector<std::basic_string_view<char, std::char_traits<char> >, std::allocator<std::basic_string_view<char, std::char_traits<char> > > > const&, ConfigSettings&)>(std::remove_reference<bool (*&)(std::vector<std::basic_string_view<char, std::char_traits<char> >, std::allocator<std::basic_string_view<char, std::char_traits<char> > > > const&, ConfigSettings&)>::type&))(std::vector<std::basic_string_view<char, std::char_traits<char> >, std::allocator<std::basic_string_view<char, std::char_traits<char> > > > const&, ConfigSettings&)
70 96 1 1 0 0 0 48 0 0 0 0 0 0
71 72 0 0 72 0 0 0 0 0 0 0 0 0
fn=bool&& std::forward<bool>(std::remove_reference<bool>::type&)
70 52 1 0 0 0 0 26 0 0 0 0 0 0
71 39 0 0 39 0 0 0 0 0 0 0 0 0
fn=char const (&std::forward<char const (&) [11]>(std::remove_reference<char const (&) [11]>::type&)) [11]
70 4 0 0 0 0 0 2 0 0 0 0 0 0
71 3 0 0 3 0 0 0 0 0 0 0 0 0
fn=char const (&std::forward<char const (&) [13]>(std::remove_reference<char const (&) [13]>::type&)) [13]
70 4 0 0 0 0 0 2 0 0 0 0 0 0
71 3 0 0 3 0 0 0 0 0 0 0 0 0
fn=char const (&std::forward<char const (&) [14]>(std::remove_reference<char const (&) [14]>::type&)) [14]
70 12 0 0 0 0 0 6 0 0 0 0 0 0
71 9 0 0 9 0 0 0 0 0 0 0 0 0
fn=char const (&std::forward<char const (&) [15]>(std::remove_reference<char const (&) [15]>::type&)) [15]
70 8 0 0 0 0 0 4 0 0 0 0 0 0
71 6 0 0 6 0 0 0 0 0 0 0 0 0
fn=char const (&std::forward<char const (&) [17]>(std::remove_reference<char const (&) [17]>::type&)) [17]
70 4 0 0 0 0 0 2 0 0 0 0 0 0
71 3 0 0 3 0 0 0 0 0 0 0 0 0
fn=char const (&std::forward<char const (&) [19]>(std::remove_reference<char const (&) [19]>::type&)) [19]
70 8 0 0 0 0 0 4 0 0 0 0 0 0
71 6 0 0 6 0 0 0 0 0 0 0 0 0
fn=char const (&std::forward<char const (&) [23]>(std::remove_reference<char const (&) [23]>::type&)) [23]
70 4 0 0 0 0 0 2 0 0 0 0 0 0
71 3 0 0 3 0 0 0 0 0 0 0 0 0
fn=char const (&std::forward<char const (&) [24]>(std::remove_reference<char const (&) [24]>::type&)) [24]
70 4 0 0 0 0 0 2 0 0 0 0 0 0
71 3 0 0 3 0 0 0 0 0 0 0 0 0
fn=char const (&std::forward<char const (&) [7]>(std::remove_reference<char const (&) [7]>::type&)) [7]
70 4 0 0 0 0 0 2 0 0 0 0 0 0
71 3 0 0 3 0 0 0 0 0 0 0 0 0
fn=char const* std::__addressof<char const>(char const&)
51 392 4 1 0 0 0 196 0 0 0 0 0 0
52 294 0 0 294 0 0 0 0 0 0 0 0 0
fn=char const* std::addressof<char const>(char const&)
162 490 8 0 0 0 0 196 0 0 0 0 0 0
163 490 9 0 294 0 0 98 0 0 0 0 0 0
fn=char* std::__addressof<char>(char&)
51 344 0 0 0 0 0 172 0 0 0 0 0 0
52 258 0 0 258 0 0 0 0 0 0 0 0 0
fn=char* std::addressof<char>(char&)
162 430 8 1 0 0 0 172 0 0 0 0 0 0
163 430 0 0 258 0 0 86 1 1 0 0 0 0
fn=char*& std::forward<char*&>(std::remove_reference<char*&>::type&)
70 16 0 0 0 0 0 8 0 0 0 0 0 0
71 12 0 0 12 0 0 0 0 0 0 0 0 0
fn=double const& std::forward<double const&>(std::remove_reference<double const&>::type&)
70 2208 0 0 0 0 0 1104 0 0 0 0 0 0
71 1656 0 0 1656 0 0 0 0 0 0 0 0 0
fn=double&& std::forward<double>(std::remove_reference<double>::type&)
70 212 0 0 0 0 0 106 0 0 0 0 0 0
71 159 0 0 159 0 0 0 0 0 0 0 0 0
fn=int const& std::forward<int const&>(std::remove_reference<int const&>::type&)
70 148 0 0 0 0 0 74 0 0 0 0 0 0
71 111 0 0 111 0 0 0 0 0 0 0 0 0
fn=std::__cxx11::basic_string<char, std::char_traits<char>, std::allocator<char> >&& std::forward<std::__cxx11::basic_string<char, std::char_traits<char>, std::allocator<char> > >(std::remove_reference<std::__cxx11::basic_string<char, std::char_traits<char>, std::allocator<char> > >::type&)
70 248 4 1 0 0 0 124 0 0 0 0 0 0
71 186 0 0 186 0 0 0 0 0 0 0 0 0
fn=std::__cxx11::basic_string<char, std::char_traits<char>, std::allocator<char> >* std::__addressof<std::__cxx11::basic_string<char, std::char_traits<char>, std::allocator<char> > >(std::__cxx11::basic_string<char, std::char_traits<char>, std::allocator<char> >&)
51 476 6 1 0 0 0 238 0 0 0 0 0 0
52 357 0 0 357 0 0 0 0 0 0 0 0 0
fn=std::__detail::_Hash_node<std::pair<std::basic_string_view<char, std::char_traits<char> > const, std::function<bool (std::vector<std::basic_string_view<char, std::char_traits<char> >, std::allocator<std::basic_string_view<char, std::char_traits<char> > > > const&, ConfigSettings&)> >, true>* std::__addressof<std::__detail::_Hash_node<std::pair<std::basic_string_view<char, std::char_traits<char> > const, std::function<bool (std::vector<std::basic_string_view<char, std::char_traits<char> >, std::allocator<std::basic_string_view<char, std::char_traits<char> > > > const&, ConfigSettings&)> >, true> >(std::__detail::_Hash_node<std::pair<std::basic_string_view<char, std::char_traits<char> > const, std::function<bool (std::vector<std::basic_string_view<char, std::char_traits<char> >, std::allocator<std::basic_string_view<char, std::char_traits<char> > > > const&, ConfigSettings&)> >, true>&)
51 52 1 0 0 0 0 26 0 0 0 0 0 0
52 39 0 0 39 0 0 0 0 0 0 0 0 0
fn=std::__detail::_Hash_node<std::pair<std::basic_string_view<char, std::char_traits<char> > const, std::function<bool (std::vector<std::basic_string_view<char, std::char_traits<char> >, std::allocator<std::basic_string_view<char, std::char_traits<char> > > > const&, ConfigSettings&)> >, true>* std::addressof<std::__detail::_Hash_node<std::pair<std::basic_string_view<char, std::char_traits<char> > const, std::function<bool (std::vector<std::basic_string_view<char, std::char_traits<char> >, std::allocator<std::basic_string_view<char, std::char_traits<char> > > > const&, ConfigSettings&)> >, true> >(std::__detail::_Hash_node<std::pair<std::basic_string_view<char, std::char_traits<char> > const, std::function<bool (std::vector<std::basic_string_view<char, std::char_traits<char> >, std::allocator<std::basic_string_view<char, std::char_traits<char> > > > const&, ConfigSettings&)> >, true>&)
162 65 2 1 0 0 0 26 0 0 0 0 0 0
163 65 0 0 39 0 0 13 0 0 0 0 0 0
fn=std::__detail::_Hash_node_base** std::__addressof<std::__detail::_Hash_node_base*>(std::__detail::_Hash_node_base*&)
51 4 0 0 0 0 0 2 0 0 0 0 0 0
52 3 0 0 3 0 0 0 0 0 0 0 0 0
fn=std::__detail::_Hash_node_base** std::addressof<std::__detail::_Hash_node_base*>(std::__detail::_Hash_node_base*&)
162 5 0 0 0 0 0 2 0 0 0 0 0 0
163 5 1 0 3 0 0 1 0 0 0 0 0 0
fn=std::__detail::_Node_iterator<std::pair<std::basic_string_view<char, std::char_traits<char> > const, std::function<bool (std::vector<std::basic_string_view<char, std::char_traits<char> >, std::allocator<std::basic_string_view<char, std::char_traits<char> > > > const&, ConfigSettings&)> >, false, true>& std::forward<std::__detail::_Node_iterator<std::pair<std::basic_string_view<char, std::char_traits<char> > const, std::function<bool (std::vector<std::basic_string_view<char, std::char_traits<char> >, std::allocator<std::basic_string_view<char, std::char_traits<char> > > > const&, ConfigSettings&)> >, false, true>&>(std::remove_reference<std::__detail::_Node_iterator<std::pair<std::basic_string_view<char, std::char_traits<char> > const, std::function<bool (std::vector<std::basic_string_view<char, std::char_traits<char> >, std::allocator<std::basic_string_view<char, std::char_traits<char> > > > const&, ConfigSettings&)> >, false, true>&>::type&)
70 52 0 0 0 0 0 26 0 0 0 0 0 0
71 39 1 1 39 0 0 0 0 0 0 0 0 0
fn=std::__detail::_Prime_rehash_policy* std::__addressof<std::__detail::_Prime_rehash_policy>(std::__detail::_Prime_rehash_policy&)
51 52 0 0 0 0 0 26 0 0 0 0 0 0
52 39 0 0 39 0 0 0 0 0 0 0 0 0
fn=std::allocator<std::_Sp_counted_ptr_inplace<ConfigSettings, std::allocator<void>, (__gnu_cxx::_Lock_policy)2> >* std::__addressof<std::allocator<std::_Sp_counted_ptr_inplace<ConfigSettings, std::allocator<void>, (__gnu_cxx::_Lock_policy)2> > >(std::allocator<std::_Sp_counted_ptr_inplace<ConfigSettings, std::allocator<void>, (__gnu_cxx::_Lock_policy)2> >&)
51 8 3 1 0 0 0 4 0 0 0 0 0 0
52 6 0 0 6 0 0 0 0 0 0 0 0 0
fn=std::allocator<std::__detail::_Hash_node<std::pair<std::basic_string_view<char, std::char_traits<char> > const, std::function<bool (std::vector<std::basic_string_view<char, std::char_traits<char> >, std::allocator<std::basic_string_view<char, std::char_traits<char> > > > const&, ConfigSettings&)> >, true> >&& std::forward<std::allocator<std::__detail::_Hash_node<std::pair<std::basic_string_view<char, std::char_traits<char> > const, std::function<bool (std::vector<std::basic_string_view<char, std::char_traits<char> >, std::allocator<std::basic_string_view<char, std::char_traits<char> > > > const&, ConfigSettings&)> >, true> > >(std::remove_reference<std::allocator<std::__detail::_Hash_node<std::pair<std::basic_string_view<char, std::char_traits<char> > const, std::function<bool (std::vector<std::basic_string_view<char, std::char_traits<char> >, std::allocator<std::basic_string_view<char, std::char_traits<char> > > > const&, ConfigSettings&)> >, true> > >::type&)
70 8 0 0 0 0 0 4 0 0 0 0 0 0
71 6 0 0 6 0 0 0 0 0 0 0 0 0
fn=std::basic_string_view<char, std::char_traits<char> > const& std::forward<std::basic_string_view<char, std::char_traits<char> > const&>(std::remove_reference<std::basic_string_view<char, std::char_traits<char> > const&>::type&)
70 1176 1 1 0 0 0 588 0 0 0 0 0 0
71 882 0 0 882 0 0 0 0 0 0 0 0 0
fn=std::basic_string_view<char, std::char_traits<char> >&& std::forward<std::basic_string_view<char, std::char_traits<char> > >(std::remove_reference<std::basic_string_view<char, std::char_traits<char> > >::type&)
70 8344 1 1 0 0 0 4172 0 0 0 0 0 0
71 6258 0 0 6258 0 0 0 0 0 0 0 0 0
fn=std::basic_string_view<char, std::char_traits<char> >* std::__addressof<std::basic_string_view<char, std::char_traits<char> > >(std::basic_string_view<char, std::char_traits<char> >&)
51 5808 2 1 0 0 0 2904 0 0 0 0 0 0
52 4356 0 0 4356 0 0 0 0 0 0 0 0 0
fn=std::enable_if<std::__and_<std::__not_<std::__is_tuple_like<double> >, std::is_move_constructible<double>, std::is_move_assignable<double> >::value, void>::type std::swap<double>(double&, double&)
213 32390742024 1 1 3598971336 0 0 14395885344 0 0 0 0 0 0
221 17994856680 62 1 7197942672 0 0 7197942672 0 0 0 0 0 0
222 21593828016 0 0 10796914008 0 0 7197942672 0 0 0 0 0 0
223 21593828016 0 0 7197942672 0 0 7197942672 0 0 0 0 0 0
224 21593828016 0 0 14395885344 0 0 0 0 0 3598971336 13 0 0
fn=std::equal_to<std::basic_string_view<char, std::char_traits<char> > > const& std::forward<std::equal_to<std::basic_string_view<char, std::char_traits<char> > > const&>(std::remove_reference<std::equal_to<std::basic_string_view<char, std::char_traits<char> > > const&>::type&)
70 4 0 0 0 0 0 2 0 0 0 0 0 0
71 3 0 0 3 0 0 0 0 0 0 0 0 0
fn=std::function<bool (std::vector<std::basic_string_view<char, std::char_traits<char> >, std::allocator<std::basic_string_view<char, std::char_traits<char> > > > const&, ConfigSettings&)> const& std::forward<std::function<bool (std::vector<std::basic_string_view<char, std::char_traits<char> >, std::allocator<std::basic_string_view<char, std::char_traits<char> > > > const&, ConfigSettings&)> const&>(std::remove_reference<std::function<bool (std::vector<std::basic_string_view<char, std::char_traits<char> >, std::allocator<std::basic_string_view<char, std::char_traits<char> > > > const&, ConfigSettings&)> const&>::type&)
70 208 1 1 0 0 0 104 0 0 0 0 0 0
71 156 0 0 156 0 0 0 0 0 0 0 0 0
fn=std::hash<std::basic_string_view<char, std::char_traits<char> > > const& std::forward<std::hash<std::basic_string_view<char, std::char_traits<char> > > const&>(std::remove_reference<std::hash<std::basic_string_view<char, std::char_traits<char> > > const&>::type&)
70 4 1 1 0 0 0 2 0 0 0 0 0 0
71 3 0 0 3 0 0 0 0 0 0 0 0 0
fn=std::pair<std::basic_string_view<char, std::char_traits<char> > const, std::function<bool (std::vector<std::basic_string_view<char, std::char_traits<char> >, std::allocator<std::basic_string_view<char, std::char_traits<char> > > > const&, ConfigSettings&)> > const& std::forward<std::pair<std::basic_string_view<char, std::char_traits<char> > const, std::function<bool (std::vector<std::basic_string_view<char, std::char_traits<char> >, std::allocator<std::basic_string_view<char, std::char_traits<char> > > > const&, ConfigSettings&)> > const&>(std::remove_reference<std::pair<std::basic_string_view<char, std::char_traits<char> > const, std::function<bool (std::vector<std::basic_string_view<char, std::char_traits<char> >, std::allocator<std::basic_string_view<char, std::char_traits<char> > > > const&, ConfigSettings&)> > const&>::type&)
70 936 1 1 0 0 0 468 0 0 0 0 0 0
71 702 0 0 702 0 0 0 0 0 0 0 0 0
fn=std::remove_reference<AABB&>::type&& std::move<AABB&>(AABB&)
126 184 6 1 0 0 0 92 0 0 0 0 0 0
127 138 0 0 138 0 0 0 0 0 0 0 0 0
fn=std::remove_reference<MaterialID&>::type&& std::move<MaterialID&>(MaterialID&)
126 72 0 0 0 0 0 36 0 0 0 0 0 0
127 54 0 0 54 0 0 0 0 0 0 0 0 0
fn=std::remove_reference<double&>::type&& std::move<double&>(double&)
126 43187656096 17 1 0 0 0 21593828048 0 0 0 0 0 0
127 32390742072 0 0 32390742072 0 0 0 0 0 0 0 0 0
fn=std::remove_reference<std::__cxx11::basic_string<char, std::char_traits<char>, std::allocator<char> >&>::type&& std::move<std::__cxx11::basic_string<char, std::char_traits<char>, std::allocator<char> >&>(std::__cxx11::basic_string<char, std::char_traits<char>, std::allocator<char> >&)
126 124 5 1 0 0 0 62 0 0 0 0 0 0
127 93 0 0 93 0 0 0 0 0 0 0 0 0
fn=std::remove_reference<std::allocator<char>&>::type&& std::move<std::allocator<char>&>(std::allocator<char>&)
126 256 4 0 0 0 0 128 0 0 0 0 0 0
127 192 0 0 192 0 0 0 0 0 0 0 0 0
fn=std::remove_reference<std::basic_string_view<char, std::char_traits<char> >&>::type&& std::move<std::basic_string_view<char, std::char_traits<char> >&>(std::basic_string_view<char, std::char_traits<char> >&)
126 3148 5 1 0 0 0 1574 0 0 0 0 0 0
127 2361 0 0 2361 0 0 0 0 0 0 0 0 0
fn=std::remove_reference<unsigned int&>::type&& std::move<unsigned int&>(unsigned int&)
126 64 16 1 0 0 0 32 0 0 0 0 0 0
127 48 0 0 48 0 0 0 0 0 0 0 0 0
fn=std::vector<std::basic_string_view<char, std::char_traits<char> >, std::allocator<std::basic_string_view<char, std::char_traits<char> > > > const& std::forward<std::vector<std::basic_string_view<char, std::char_traits<char> >, std::allocator<std::basic_string_view<char, std::char_traits<char> > > > const&>(std::remove_reference<std::vector<std::basic_string_view<char, std::char_traits<char> >, std::allocator<std::basic_string_view<char, std::char_traits<char> > > > const&>::type&)
70 192 8 1 0 0 0 96 0 0 0 0 0 0
71 144 0 0 144 0 0 0 0 0 0 0 0 0
fn=unsigned int&& std::forward<unsigned int>(std::remove_reference<unsigned int>::type&)
70 212 16 1 0 0 0 106 0 0 0 0 0 0
71 159 0 0 159 0 0 0 0 0 0 0 0 0
fl=/usr/include/c++/14/bits/new_allocator.h
fn=(anonymous namespace)::processLine(std::basic_string_view<char, std::char_traits<char> >, ConfigSettings&)
88 1 0 0 0 0 0 0 0 0 0 0 0 0
fn=ImageSOA::ImageSOA(unsigned long, unsigned long)
88 3 0 0 0 0 0 0 0 0 0 0 0 0
fn=decltype (::new ((void*)(0)) std::__cxx11::basic_string<char, std::char_traits<char>, std::allocator<char> >((declval<std::basic_string_view<char, std::char_traits<char> > const&>)())) std::construct_at<std::__cxx11::basic_string<char, std::char_traits<char>, std::allocator<char> >, std::basic_string_view<char, std::char_traits<char> > const&>(std::__cxx11::basic_string<char, std::char_traits<char>, std::allocator<char> >*, std::basic_string_view<char, std::char_traits<char> > const&)
88 18 0 0 0 0 0 0 0 0 0 0 0 0
fn=main
88 1 0 0 0 0 0 0 0 0 0 0 0 0
fn=std::_Hashtable<std::basic_string_view<char, std::char_traits<char> >, std::pair<std::basic_string_view<char, std::char_traits<char> > const, std::function<bool (std::vector<std::basic_string_view<char, std::char_traits<char> >, std::allocator<std::basic_string_view<char, std::char_traits<char> > > > const&, ConfigSettings&)> >, std::allocator<std::pair<std::basic_string_view<char, std::char_traits<char> > const, std::function<bool (std::vector<std::basic_string_view<char, std::char_traits<char> >, std::allocator<std::basic_string_view<char, std::char_traits<char> > > > const&, ConfigSettings&)> > >, std::__detail::_Select1st, std::equal_to<std::basic_string_view<char, std::char_traits<char> > >, std::hash<std::basic_string_view<char, std::char_traits<char> > >, std::__detail::_Mod_range_hashing, std::__detail::_Default_ranged_hash, std::__detail::_Prime_rehash_policy, std::__detail::_Hashtable_traits<true, false, true> >::_Hashtable(std::hash<std::basic_string_view<char, std::char_traits<char> > > const&, std::equal_to<std::basic_string_view<char, std::char_traits<char> > > const&, std::allocator<std::pair<std::basic_string_view<char, std::char_traits<char> > const, std::function<bool (std::vector<std::basic_string_view<char, std::char_traits<char> >, std::allocator<std::basic_string_view<char, std::char_traits<char> > > > const&, ConfigSettings&)> > > const&)
88 1 0 0 0 0 0 0 0 0 0 0 0 0
fn=std::_Sp_counted_ptr_inplace<ConfigSettings, std::allocator<void>, (__gnu_cxx::_Lock_policy)2>::_M_destroy()
88 1 0 0 0 0 0 0 0 0 0 0 0 0
fn=std::_Vector_base<std::__cxx11::basic_string<char, std::char_traits<char>, std::allocator<char> >, std::allocator<std::__cxx11::basic_string<char, std::char_traits<char>, std::allocator<char> > > >::_Vector_impl::_Vector_impl(std::allocator<std::__cxx11::basic_string<char, std::char_traits<char>, std::allocator<char> > > const&)
92 1 0 0 0 0 0 0 0 0 0 0 0 0
fn=std::_Vector_base<unsigned char, std::allocator<unsigned char> >::_Vector_impl::_Vector_impl(std::allocator<unsigned char> const&)
92 6 0 0 0 0 0 0 0 0 0 0 0 0
fn=std::__cxx11::basic_string<char, std::char_traits<char>, std::allocator<char> >::_Alloc_hider::_Alloc_hider(char*, std::allocator<char> const&)
92 22 0 0 0 0 0 0 0 0 0 0 0 0
fn=std::__cxx11::basic_string<char, std::char_traits<char>, std::allocator<char> >::_Alloc_hider::_Alloc_hider(char*, std::allocator<char>&&)
92 33 0 0 0 0 0 0 0 0 0 0 0 0
fn=std::__cxx11::basic_string<char, std::char_traits<char>, std::allocator<char> >::basic_string()
88 2 0 0 0 0 0 0 0 0 0 0 0 0
fn=std::__detail::_Hashtable_alloc<std::allocator<std::__detail::_Hash_node<std::pair<std::basic_string_view<char, std::char_traits<char> > const, std::function<bool (std::vector<std::basic_string_view<char, std::char_traits<char> >, std::allocator<std::basic_string_view<char, std::char_traits<char> > > > const&, ConfigSettings&)> >, true> > >::_M_allocate_buckets(unsigned long)
88 1 0 0 0 0 0 0 0 0 0 0 0 0
fn=std::__detail::_Hashtable_alloc<std::allocator<std::__detail::_Hash_node<std::pair<std::basic_string_view<char, std::char_traits<char> > const, std::function<bool (std::vector<std::basic_string_view<char, std::char_traits<char> >, std::allocator<std::basic_string_view<char, std::char_traits<char> > > > const&, ConfigSettings&)> >, true> > >::_M_deallocate_buckets(std::__detail::_Hash_node_base**, unsigned long)
88 1 0 0 0 0 0 0 0 0 0 0 0 0
fn=std::__detail::_Hashtable_ebo_helper<0, std::allocator<std::__detail::_Hash_node<std::pair<std::basic_string_view<char, std::char_traits<char> > const, std::function<bool (std::vector<std::basic_string_view<char, std::char_traits<char> >, std::allocator<std::basic_string_view<char, std::char_traits<char> > > > const&, ConfigSettings&)> >, true> >, true>::_Hashtable_ebo_helper<std::allocator<std::__detail::_Hash_node<std::pair<std::basic_string_view<char, std::char_traits<char> > const, std::function<bool (std::vector<std::basic_string_view<char, std::char_traits<char> >, std::allocator<std::basic_string_view<char, std::char_traits<char> > > > const&, ConfigSettings&)> >, true> > >(std::allocator<std::__detail::_Hash_node<std::pair<std::basic_string_view<char, std::char_traits<char> > const, std::function<bool (std::vector<std::basic_string_view<char, std::char_traits<char> >, std::allocator<std::basic_string_view<char, std::char_traits<char> > > > const&, ConfigSettings&)> >, true> >&&)
92 1 0 0 0 0 0 0 0 0 0 0 0 0
fn=std::__new_allocator<AABB>::allocate(unsigned long, void const*)
126 90 7 1 10 0 0 50 0 0 0 0 0 0
134 70 9 1 10 0 0 0 0 0 10 2 0 0
151 80 1 1 10 0 0 10 0 0 0 0 0 0
152 20 0 0 20 0 0 0 0 0 0 0 0 0
233 10 0 0 0 0 0 0 0 0 0 0 0 0
fn=std::__new_allocator<AABB>::deallocate(AABB*, unsigned long)
156 70 0 0 0 0 0 40 0 0 0 0 0 0
172 100 1 0 20 0 0 10 0 0 0 0 0 0
173 20 0 0 20 0 0 0 0 0 0 0 0 0
fn=std::__new_allocator<MaterialID>::allocate(unsigned long, void const*)
126 54 8 2 6 0 0 30 0 0 0 0 0 0
134 42 0 0 6 0 0 0 0 0 6 2 0 0
151 30 4 1 6 0 0 6 0 0 0 0 0 0
152 12 0 0 12 0 0 0 0 0 0 0 0 0
233 6 0 0 0 0 0 0 0 0 0 0 0 0
fn=std::__new_allocator<MaterialID>::deallocate(MaterialID*, unsigned long)
156 42 4 1 0 0 0 24 0 0 0 0 0 0
172 36 5 1 12 0 0 6 0 0 0 0 0 0
173 12 0 0 12 0 0 0 0 0 0 0 0 0
fn=std::__new_allocator<char>::allocate(unsigned long, void const*)
126 90 8 2 10 0 0 50 1 0 0 0 0 0
134 70 0 0 10 0 0 0 0 0 10 8 0 0
151 40 0 0 10 0 0 10 0 0 0 0 0 0
152 20 0 0 20 0 0 0 0 0 0 0 0 0
233 10 0 0 0 0 0 0 0 0 0 0 0 0
fn=std::__new_allocator<char>::deallocate(char*, unsigned long)
156 70 3 0 0 0 0 40 0 0 0 0 0 0
172 50 0 0 20 0 0 10 0 0 0 0 0 0
173 20 0 0 20 0 0 0 0 0 0 0 0 0
fn=std::__new_allocator<double>::allocate(unsigned long, void const*)
126 855 19 2 95 0 0 475 0 0 0 0 0 0
134 665 0 0 95 0 0 0 0 0 95 1 0 0
151 475 19 1 95 0 0 95 0 0 0 0 0 0
152 190 0 0 190 0 0 0 0 0 0 0 0 0
233 95 0 0 0 0 0 0 0 0 0 0 0 0
fn=std::__new_allocator<double>::deallocate(double*, unsigned long)
156 665 15 1 0 0 0 380 0 0 0 0 0 0
172 570 0 0 190 0 0 95 0 0 0 0 0 0
173 190 0 0 190 0 0 0 0 0 0 0 0 0
fn=std::__new_allocator<int>::allocate(unsigned long, void const*)
126 45 5 0 5 0 0 25 0 0 0 0 0 0
134 35 5 1 5 0 0 0 0 0 5 1 0 0
151 25 0 0 5 0 0 5 0 0 0 0 0 0
152 10 0 0 10 0 0 0 0 0 0 0 0 0
233 5 0 0 0 0 0 0 0 0 0 0 0 0
fn=std::__new_allocator<int>::deallocate(int*, unsigned long)
156 35 0 0 0 0 0 20 0 0 0 0 0 0
172 30 4 0 10 0 0 5 0 0 0 0 0 0
173 10 0 0 10 0 0 0 0 0 0 0 0 0
fn=std::__new_allocator<std::_Sp_counted_ptr_inplace<ConfigSettings, std::allocator<void>, (__gnu_cxx::_Lock_policy)2> >::allocate(unsigned long, void const*)
126 9 2 2 1 0 0 5 0 0 0 0 0 0
134 7 0 0 1 0 0 0 0 0 1 0 0 0
151 8 1 1 1 0 0 1 0 0 0 0 0 0
152 2 0 0 2 0 0 0 0 0 0 0 0 0
233 1 0 0 0 0 0 0 0 0 0 0 0 0
fn=std::__new_allocator<std::_Sp_counted_ptr_inplace<ConfigSettings, std::allocator<void>, (__gnu_cxx::_Lock_policy)2> >::deallocate(std::_Sp_counted_ptr_inplace<ConfigSettings, std::allocator<void>, (__gnu_cxx::_Lock_policy)2>*, unsigned long)
156 7 1 0 0 0 0 4 0 0 0 0 0 0
172 10 1 1 2 0 0 1 0 0 0 0 0 0
173 2 0 0 2 0 0 0 0 0 0 0 0 0
fn=std::__new_allocator<std::__cxx11::basic_string<char, std::char_traits<char>, std::allocator<char> > >::allocate(unsigned long, void const*)
126 63 12 2 7 0 0 35 0 0 0 0 0 0
134 49 0 0 7 0 0 0 0 0 7 3 0 0
151 35 6 1 7 0 0 7 0 0 0 0 0 0
152 14 0 0 14 0 0 0 0 0 0 0 0 0
233 7 0 0 0 0 0 0 0 0 0 0 0 0
fn=std::__new_allocator<std::__cxx11::basic_string<char, std::char_traits<char>, std::allocator<char> > >::deallocate(std::__cxx11::basic_string<char, std::char_traits<char>, std::allocator<char> >*, unsigned long)
156 49 6 1 0 0 0 28 0 0 0 0 0 0
172 49 0 0 14 0 0 7 0 0 0 0 0 0
173 14 0 0 14 0 0 0 0 0 0 0 0 0
fn=std::__new_allocator<std::__detail::_Hash_node<std::pair<std::basic_string_view<char, std::char_traits<char> > const, std::function<bool (std::vector<std::basic_string_view<char, std::char_traits<char> >, std::allocator<std::basic_string_view<char, std::char_traits<char> > > > const&, ConfigSettings&)> >, true> >::allocate(unsigned long, void const*)
126 117 1 1 13 0 0 65 0 0 0 0 0 0
134 91 1 1 13 0 0 0 0 0 13 3 0 0
151 65 0 0 13 0 0 13 0 0 0 0 0 0
152 26 0 0 26 0 0 0 0 0 0 0 0 0
233 13 0 0 0 0 0 0 0 0 0 0 0 0
fn=std::__new_allocator<std::__detail::_Hash_node<std::pair<std::basic_string_view<char, std::char_traits<char> > const, std::function<bool (std::vector<std::basic_string_view<char, std::char_traits<char> >, std::allocator<std::basic_string_view<char, std::char_traits<char> > > > const&, ConfigSettings&)> >, true> >::deallocate(std::__detail::_Hash_node<std::pair<std::basic_string_view<char, std::char_traits<char> > const, std::function<bool (std::vector<std::basic_string_view<char, std::char_traits<char> >, std::allocator<std::basic_string_view<char, std::char_traits<char> > > > const&, ConfigSettings&)> >, true>*, unsigned long)
156 91 1 0 0 0 0 52 0 0 0 0 0 0
172 91 0 0 26 0 0 13 0 0 0 0 0 0
173 26 0 0 26 0 0 0 0 0 0 0 0 0
fn=std::__new_allocator<std::__detail::_Hash_node_base*>::allocate(unsigned long, void const*)
126 9 1 1 1 0 0 5 0 0 0 0 0 0
134 7 0 0 1 0 0 0 0 0 1 1 0 0
151 5 1 1 1 0 0 1 0 0 0 0 0 0
152 2 0 0 2 0 0 0 0 0 0 0 0 0
233 1 0 0 0 0 0 0 0 0 0 0 0 0
fn=std::__new_allocator<std::__detail::_Hash_node_base*>::deallocate(std::__detail::_Hash_node_base**, unsigned long)
156 7 0 0 0 0 0 4 0 0 0 0 0 0
172 6 1 0 2 0 0 1 0 0 0 0 0 0
173 2 0 0 2 0 0 0 0 0 0 0 0 0
fn=std::__new_allocator<std::basic_string_view<char, std::char_traits<char> > >::allocate(unsigned long, void const*)
126 2169 9 1 241 0 0 1205 0 0 0 0 0 0
134 1687 5 1 241 0 0 0 0 0 241 2 0 0
151 1205 0 0 241 0 0 241 0 0 0 0 0 0
152 482 0 0 482 0 0 0 0 0 0 0 0 0
233 241 0 0 0 0 0 0 0 0 0 0 0 0
fn=std::__new_allocator<std::basic_string_view<char, std::char_traits<char> > >::deallocate(std::basic_string_view<char, std::char_traits<char> >*, unsigned long)
156 1687 0 0 0 0 0 964 0 0 0 0 0 0
172 1687 0 0 482 0 0 241 0 0 0 0 0 0
173 482 0 0 482 0 0 0 0 0 0 0 0 0
fn=std::__new_allocator<unsigned char>::allocate(unsigned long, void const*)
126 54 2 1 6 0 0 30 0 0 0 0 0 0
134 42 0 0 6 0 0 0 0 0 6 5 0 0
151 24 0 0 6 0 0 6 0 0 0 0 0 0
152 12 0 0 12 0 0 0 0 0 0 0 0 0
233 6 1 1 0 0 0 0 0 0 0 0 0 0
fn=std::__new_allocator<unsigned char>::deallocate(unsigned char*, unsigned long)
156 42 2 0 0 0 0 24 0 0 0 0 0 0
172 30 0 0 12 0 0 6 0 0 0 0 0 0
173 12 0 0 12 0 0 0 0 0 0 0 0 0
fn=std::__new_allocator<unsigned int>::allocate(unsigned long, void const*)
126 45 5 1 5 0 0 25 0 0 0 0 0 0
134 35 5 1 5 0 0 0 0 0 5 1 0 0
151 25 0 0 5 0 0 5 0 0 0 0 0 0
152 10 0 0 10 0 0 0 0 0 0 0 0 0
233 5 0 0 0 0 0 0 0 0 0 0 0 0
fn=std::__new_allocator<unsigned int>::deallocate(unsigned int*, unsigned long)
156 35 4 1 0 0 0 20 0 0 0 0 0 0
172 30 4 1 10 0 0 5 0 0 0 0 0 0
173 10 0 0 10 0 0 0 0 0 0 0 0 0
fn=std::__shared_count<(__gnu_cxx::_Lock_policy)2>::__shared_count<ConfigSettings, std::allocator<void>, ConfigSettings&>(ConfigSettings*&, std::_Sp_alloc_shared_tag<std::allocator<void> >, ConfigSettings&)
88 1 0 0 0 0 0 0 0 0 0 0 0 0
fn=std::vector<std::__cxx11::basic_string<char, std::char_traits<char>, std::allocator<char> >, std::allocator<std::__cxx11::basic_string<char, std::char_traits<char>, std::allocator<char> > > >::_S_check_init_len(unsigned long, std::allocator<std::__cxx11::basic_string<char, std::char_traits<char>, std::allocator<char> > > const&)
92 1 0 0 0 0 0 0 0 0 0 0 0 0
fn=std::vector<unsigned char, std::allocator<unsigned char> >::_S_check_init_len(unsigned long, std::allocator<unsigned char> const&)
92 3 0 0 0 0 0 0 0 0 0 0 0 0
fn=std::vector<unsigned char, std::allocator<unsigned char> >::vector(std::vector<unsigned char, std::allocator<unsigned char> > const&)
92 3 0 0 0 0 0 0 0 0 0 0 0 0
fn=void std::_Construct<std::__cxx11::basic_string<char, std::char_traits<char>, std::allocator<char> >, char*&>(std::__cxx11::basic_string<char, std::char_traits<char>, std::allocator<char> >*, char*&)
88 4 0 0 0 0 0 0 0 0 0 0 0 0
fl=/usr/include/c++/14/bits/ptr_traits.h
fn=AABB* std::__to_address<AABB>(AABB*)
205 40 0 0 0 0 0 20 0 0 0 0 0 0
208 10 0 0 10 0 0 0 0 0 0 0 0 0
209 20 0 0 20 0 0 0 0 0 0 0 0 0
fn=MaterialID* std::__to_address<MaterialID>(MaterialID*)
205 24 0 0 0 0 0 12 0 0 0 0 0 0
208 6 0 0 6 0 0 0 0 0 0 0 0 0
209 12 0 0 12 0 0 0 0 0 0 0 0 0
fn=char const* std::__to_address<char const>(char const*)
205 924 0 0 0 0 0 462 0 0 0 0 0 0
208 231 0 0 231 0 0 0 0 0 0 0 0 0
209 462 0 0 462 0 0 0 0 0 0 0 0 0
fn=double* std::__to_address<double>(double*)
205 380 0 0 0 0 0 190 0 0 0 0 0 0
208 95 0 0 95 0 0 0 0 0 0 0 0 0
209 190 0 0 190 0 0 0 0 0 0 0 0 0
fn=int* std::__to_address<int>(int*)
205 20 0 0 0 0 0 10 0 0 0 0 0 0
208 5 0 0 5 0 0 0 0 0 0 0 0 0
209 10 0 0 10 0 0 0 0 0 0 0 0 0
fn=std::_Sp_counted_ptr_inplace<ConfigSettings, std::allocator<void>, (__gnu_cxx::_Lock_policy)2>* std::__to_address<std::_Sp_counted_ptr_inplace<ConfigSettings, std::allocator<void>, (__gnu_cxx::_Lock_policy)2> >(std::_Sp_counted_ptr_inplace<ConfigSettings, std::allocator<void>, (__gnu_cxx::_Lock_policy)2>*)
205 4 0 0 0 0 0 2 0 0 0 0 0 0
208 1 0 0 1 0 0 0 0 0 0 0 0 0
209 2 0 0 2 0 0 0 0 0 0 0 0 0
fn=std::__cxx11::basic_string<char, std::char_traits<char>, std::allocator<char> >* std::__to_address<std::__cxx11::basic_string<char, std::char_traits<char>, std::allocator<char> > >(std::__cxx11::basic_string<char, std::char_traits<char>, std::allocator<char> >*)
205 24 4 1 0 0 0 12 0 0 0 0 0 0
208 6 0 0 6 0 0 0 0 0 0 0 0 0
209 12 0 0 12 0 0 0 0 0 0 0 0 0
fn=std::__detail::_Hash_node<std::pair<std::basic_string_view<char, std::char_traits<char> > const, std::function<bool (std::vector<std::basic_string_view<char, std::char_traits<char> >, std::allocator<std::basic_string_view<char, std::char_traits<char> > > > const&, ConfigSettings&)> >, true>* std::__to_address<std::__detail::_Hash_node<std::pair<std::basic_string_view<char, std::char_traits<char> > const, std::function<bool (std::vector<std::basic_string_view<char, std::char_traits<char> >, std::allocator<std::basic_string_view<char, std::char_traits<char> > > > const&, ConfigSettings&)> >, true> >(std::__detail::_Hash_node<std::pair<std::basic_string_view<char, std::char_traits<char> > const, std::function<bool (std::vector<std::basic_string_view<char, std::char_traits<char> >, std::allocator<std::basic_string_view<char, std::char_traits<char> > > > const&, ConfigSettings&)> >, true>*)
205 52 1 1 0 0 0 26 0 0 0 0 0 0
208 13 0 0 13 0 0 0 0 0 0 0 0 0
209 26 0 0 26 0 0 0 0 0 0 0 0 0
fn=std::__detail::_Hash_node_base** std::__to_address<std::__detail::_Hash_node_base*>(std::__detail::_Hash_node_base**)
205 4 0 0 0 0 0 2 0 0 0 0 0 0
208 1 0 0 1 0 0 0 0 0 0 0 0 0
209 2 0 0 2 0 0 0 0 0 0 0 0 0
fn=std::__ptr_traits_ptr_to<char const*, char const, false>::pointer_to(char const&)
134 490 9 0 0 0 0 196 0 0 0 0 0 0
135 490 0 0 294 0 0 98 0 0 0 0 0 0
fn=std::__ptr_traits_ptr_to<char*, char, false>::pointer_to(char&)
134 430 0 0 0 0 0 172 0 0 0 0 0 0
135 430 0 0 258 0 0 86 0 0 0 0 0 0
fn=std::__ptr_traits_ptr_to<std::__detail::_Hash_node<std::pair<std::basic_string_view<char, std::char_traits<char> > const, std::function<bool (std::vector<std::basic_string_view<char, std::char_traits<char> >, std::allocator<std::basic_string_view<char, std::char_traits<char> > > > const&, ConfigSettings&)> >, true>*, std::__detail::_Hash_node<std::pair<std::basic_string_view<char, std::char_traits<char> > const, std::function<bool (std::vector<std::basic_string_view<char, std::char_traits<char> >, std::allocator<std::basic_string_view<char, std::char_traits<char> > > > const&, ConfigSettings&)> >, true>, false>::pointer_to(std::__detail::_Hash_node<std::pair<std::basic_string_view<char, std::char_traits<char> > const, std::function<bool (std::vector<std::basic_string_view<char, std::char_traits<char> >, std::allocator<std::basic_string_view<char, std::char_traits<char> > > > const&, ConfigSettings&)> >, true>&)
134 65 0 0 0 0 0 26 0 0 0 0 0 0
135 65 0 0 39 0 0 13 0 0 0 0 0 0
fn=std::__ptr_traits_ptr_to<std::__detail::_Hash_node_base**, std::__detail::_Hash_node_base*, false>::pointer_to(std::__detail::_Hash_node_base*&)
134 5 1 0 0 0 0 2 0 0 0 0 0 0
135 5 0 0 3 0 0 1 0 0 0 0 0 0
fn=std::basic_string_view<char, std::char_traits<char> >* std::__to_address<std::basic_string_view<char, std::char_traits<char> > >(std::basic_string_view<char, std::char_traits<char> >*)
205 964 0 0 0 0 0 482 0 0 0 0 0 0
208 241 0 0 241 0 0 0 0 0 0 0 0 0
209 482 0 0 482 0 0 0 0 0 0 0 0 0
fn=unsigned int* std::__to_address<unsigned int>(unsigned int*)
205 20 0 0 0 0 0 10 0 0 0 0 0 0
208 5 0 0 5 0 0 0 0 0 0 0 0 0
209 10 0 0 10 0 0 0 0 0 0 0 0 0
fl=/usr/include/c++/14/bits/random.h
fn=double std::uniform_real_distribution<double>::operator()<std::mersenne_twister_engine<unsigned long, 64ul, 312ul, 156ul, 31ul, 13043109905998158313ul, 29ul, 6148914691236517205ul, 17ul, 8202884508482404352ul, 37ul, 18444473444759240704ul, 43ul, 6364136223846793005ul> >(std::mersenne_twister_engine<unsigned long, 64ul, 312ul, 156ul, 31ul, 13043109905998158313ul, 29ul, 6148914691236517205ul, 17ul, 8202884508482404352ul, 37ul, 18444473444759240704ul, 43ul, 6364136223846793005ul>&)
2001 1505083446 1 0 0 0 0 752541723 0 0 0 0 0 0
2002 2006777928 0 0 1254236205 0 0 250847241 0 0 0 0 0 0
fn=double std::uniform_real_distribution<double>::operator()<std::mersenne_twister_engine<unsigned long, 64ul, 312ul, 156ul, 31ul, 13043109905998158313ul, 29ul, 6148914691236517205ul, 17ul, 8202884508482404352ul, 37ul, 18444473444759240704ul, 43ul, 6364136223846793005ul> >(std::mersenne_twister_engine<unsigned long, 64ul, 312ul, 156ul, 31ul, 13043109905998158313ul, 29ul, 6148914691236517205ul, 17ul, 8202884508482404352ul, 37ul, 18444473444759240704ul, 43ul, 6364136223846793005ul>&, std::uniform_real_distribution<double>::param_type const&)
2006 2759319651 1 1 250847241 0 0 1505083446 0 0 0 0 0 0
2010 1254236205 0 0 250847241 0 0 250847241 0 0 0 0 0 0
2011 4766097579 1 1 1254236205 0 0 1505083446 0 0 0 0 0 0
2012 1505083446 0 0 1254236205 0 0 0 0 0 250847241 20 0 0
fn=std::__detail::_Adaptor<std::mersenne_twister_engine<unsigned long, 64ul, 312ul, 156ul, 31ul, 13043109905998158313ul, 29ul, 6148914691236517205ul, 17ul, 8202884508482404352ul, 37ul, 18444473444759240704ul, 43ul, 6364136223846793005ul>, double>::_Adaptor(std::mersenne_twister_engine<unsigned long, 64ul, 312ul, 156ul, 31ul, 13043109905998158313ul, 29ul, 6148914691236517205ul, 17ul, 8202884508482404352ul, 37ul, 18444473444759240704ul, 43ul, 6364136223846793005ul>&)
274 1254236205 0 0 0 0 0 752541723 0 0 0 0 0 0
275 1505083446 0 0 1003388964 0 0 250847241 0 0 0 0 0 0
fn=std::__detail::_Adaptor<std::mersenne_twister_engine<unsigned long, 64ul, 312ul, 156ul, 31ul, 13043109905998158313ul, 29ul, 6148914691236517205ul, 17ul, 8202884508482404352ul, 37ul, 18444473444759240704ul, 43ul, 6364136223846793005ul>, double>::operator()()
291 1254236205 1 1 0 0 0 501694482 0 0 0 0 0 0
295 1003388964 0 0 501694482 0 0 250847241 0 0 0 0 0 0
296 501694482 0 0 501694482 0 0 0 0 0 0 0 0 0
fn=std::__detail::_Mod<unsigned long, 0ul, 1ul, 0ul, true, false>::__calc(unsigned long)
244 2496 1 1 0 0 0 1248 0 0 0 0 0 0
246 1248 0 0 624 0 0 624 0 0 0 0 0 0
249 624 0 0 624 0 0 0 0 0 0 0 0 0
250 1248 0 0 1248 0 0 0 0 0 0 0 0 0
fn=std::__detail::_Mod<unsigned long, 312ul, 1ul, 0ul, true, true>::__calc(unsigned long)
244 2488 0 0 0 0 0 1244 0 0 0 0 0 0
246 1244 0 0 622 0 0 622 0 0 0 0 0 0
248 6842 0 0 622 0 0 622 0 0 0 0 0 0
249 622 0 0 622 0 0 0 0 0 0 0 0 0
250 1244 0 0 1244 0 0 0 0 0 0 0 0 0
fn=std::mersenne_twister_engine<unsigned long, 64ul, 312ul, 156ul, 31ul, 13043109905998158313ul, 29ul, 6148914691236517205ul, 17ul, 8202884508482404352ul, 37ul, 18444473444759240704ul, 43ul, 6364136223846793005ul>::mersenne_twister_engine(unsigned long)
647 12 1 0 0 0 0 6 0 0 0 0 0 0
648 16 0 0 8 0 0 2 0 0 0 0 0 0
fn=std::mersenne_twister_engine<unsigned long, 64ul, 312ul, 156ul, 31ul, 13043109905998158313ul, 29ul, 6148914691236517205ul, 17ul, 8202884508482404352ul, 37ul, 18444473444759240704ul, 43ul, 6364136223846793005ul>::min()
672 752541723 0 0 0 0 0 250847241 0 0 0 0 0 0
673 752541723 0 0 501694482 0 0 0 0 0 0 0 0 0
fn=std::uniform_real_distribution<double>::param_type::a() const
1905 2006777928 0 0 0 0 0 1003388964 0 0 0 0 0 0
1906 2006777928 0 0 2006777928 0 0 0 0 0 0 0 0 0
fn=std::uniform_real_distribution<double>::param_type::b() const
1909 1003388964 0 0 0 0 0 501694482 0 0 0 0 0 0
1910 1003388964 0 0 1003388964 0 0 0 0 0 0 0 0 0
fn=std::uniform_real_distribution<double>::param_type::param_type(double, double)
1898 1505083446 975 0 0 0 0 1003388964 0 0 0 0 0 0
1899 1505083446 1 1 1003388964 0 0 501694482 0 0 0 0 0 0
1901 501694482 0 0 0 0 0 0 0 0 250847241 11 0 0
1902 752541723 0 0 501694482 0 0 0 0 0 0 0 0 0
fn=std::uniform_real_distribution<double>::uniform_real_distribution(double, double)
1942 1755930687 1 1 0 0 0 1003388964 0 0 0 0 0 0
1943 1755930687 0 0 752541723 0 0 250847241 0 0 0 0 0 0
1944 752541723 0 0 501694482 0 0 0 0 0 0 0 0 0
fn=unsigned long std::__detail::__mod<unsigned long, 0ul, 1ul, 0ul>(unsigned long)
255 3120 1 1 0 0 0 1248 0 0 0 0 0 0
260 1872 0 0 624 0 0 624 0 0 0 0 0 0
261 1248 0 0 1248 0 0 0 0 0 0 0 0 0
fn=unsigned long std::__detail::__mod<unsigned long, 312ul, 1ul, 0ul>(unsigned long)
255 3110 1 1 0 0 0 1244 0 0 0 0 0 0
260 1866 0 0 622 0 0 622 0 0 0 0 0 0
261 1244 0 0 1244 0 0 0 0 0 0 0 0 0
fl=/usr/include/c++/14/bits/random.tcc
fn=double std::generate_canonical<double, 53ul, std::mersenne_twister_engine<unsigned long, 64ul, 312ul, 156ul, 31ul, 13043109905998158313ul, 29ul, 6148914691236517205ul, 17ul, 8202884508482404352ul, 37ul, 18444473444759240704ul, 43ul, 6364136223846793005ul> >(std::mersenne_twister_engine<unsigned long, 64ul, 312ul, 156ul, 31ul, 13043109905998158313ul, 29ul, 6148914691236517205ul, 17ul, 8202884508482404352ul, 37ul, 18444473444759240704ul, 43ul, 6364136223846793005ul>&)
3349 2257625169 2 1 250847241 0 0 1003388964 1 0 0 0 0 0
3354 250847241 0 0 0 0 0 250847241 1 0 0 0 0 0
3357 501694482 0 0 250847241 1 1 250847241 0 0 0 0 0 0
3359 7023722748 3 3 2006777928 0 0 2257625169 1 0 250847241 0 0 0
3360 2006777928 1 1 250847241 0 0 752541723 0 0 0 0 0 0
3361 1254236205 0 0 501694482 0 0 250847241 0 0 0 0 0 0
3363 501694482 0 0 0 0 0 250847241 0 0 0 0 0 0
3364 501694482 0 0 250847241 1 1 250847241 0 0 0 0 0 0
3365 2006777928 1 1 1003388964 0 0 250847241 0 0 501694482 3051697 0 0
3367 4766108497 1 1 752541723 0 0 752541723 0 0 250847241 125413514 0 0
3368 1003388964 0 0 501694482 0 0 250847241 0 0 0 0 0 0
3370 752541723 0 0 501694482 0 0 250847241 0 0 0 0 0 0
3371 1755930687 0 0 501694482 0 0 0 0 0 250847241 33 0 0
3380 250847241 0 0 250847241 0 0 0 0 0 0 0 0 0
3381 1505083446 0 0 1254236205 0 0 0 0 0 250847241 19 0 0
fn=std::mersenne_twister_engine<unsigned long, 64ul, 312ul, 156ul, 31ul, 13043109905998158313ul, 29ul, 6148914691236517205ul, 17ul, 8202884508482404352ul, 37ul, 18444473444759240704ul, 43ul, 6364136223846793005ul>::_M_gen_rand()
397 3215996 2 2 0 0 0 1607998 0 0 0 0 0 0
401 803999 0 0 0 0 0 803999 0 0 0 0 0 0
402 803999 0 0 0 0 0 803999 0 0 0 0 0 0
404 379487528 70 1 251651687 0 0 803999 0 0 126227843 804057 0 0
406 877966908 0 0 376271532 1 0 125423844 0 0 0 0 0 0
407 627119220 1 1 376271532 47 0 0 0 0 0 0 0 0
408 1254238440 0 0 752543064 40 0 125423844 0 0 0 0 0 0
409 940680880 0 0 125423844 0 0 0 0 0 125423844 62707581 0 0
412 377075531 1 1 250043689 0 0 803999 0 0 125423844 2051365 0 0
414 872338915 1 1 373859535 0 0 124619845 0 0 0 0 0 0
415 623099225 0 0 373859535 0 0 0 0 0 0 0 0 0
416 1246198450 1 1 747719070 0 0 124619845 0 0 0 0 0 0
417 934643974 0 0 124619845 0 0 0 0 0 124619845 62307419 0 0
420 4823994 0 0 1607998 0 0 803999 0 0 0 0 0 0
421 2411997 0 0 1607998 0 0 0 0 0 0 0 0 0
422 5627993 1 1 3215996 0 0 803999 0 0 0 0 0 0
423 5225825 0 0 803999 0 0 0 0 0 803999 402178 0 0
424 1607998 1 0 803999 0 0 803999 0 0 0 0 0 0
425 2411997 0 0 1607998 0 0 0 0 0 0 0 0 0
fn=std::mersenne_twister_engine<unsigned long, 64ul, 312ul, 156ul, 31ul, 13043109905998158313ul, 29ul, 6148914691236517205ul, 17ul, 8202884508482404352ul, 37ul, 18444473444759240704ul, 43ul, 6364136223846793005ul>::operator()()
453 1254236205 2 2 0 0 0 501694482 0 0 0 0 0 0
458 1003388964 0 0 501694482 3 0 0 0 0 250847241 803999 0 0
459 2411997 0 0 803999 0 0 803999 0 0 0 0 0 0
462 2006777928 1 1 1254236205 27 0 501694482 0 0 0 0 0 0
463 1505083446 0 0 501694482 0 0 0 0 0 0 0 0 0
464 1505083446 0 0 501694482 0 0 0 0 0 0 0 0 0
465 1505083446 0 0 501694482 0 0 0 0 0 0 0 0 0
466 752541723 0 0 501694482 0 0 0 0 0 0 0 0 0
468 250847241 0 0 250847241 0 0 0 0 0 0 0 0 0
469 501694482 0 0 501694482 0 0 0 0 0 0 0 0 0
fn=std::mersenne_twister_engine<unsigned long, 64ul, 312ul, 156ul, 31ul, 13043109905998158313ul, 29ul, 6148914691236517205ul, 17ul, 8202884508482404352ul, 37ul, 18444473444759240704ul, 43ul, 6364136223846793005ul>::seed(unsigned long)
326 12 1 1 0 0 0 6 0 0 0 0 0 0
330 4 0 0 2 0 0 2 1 0 0 0 0 0
331 6 1 1 2 0 0 2 0 0 0 0 0 0
333 1874 1 1 1246 0 0 2 0 0 624 8 0 0
335 3110 0 0 1866 0 0 622 0 0 0 0 0 0
336 1866 0 0 1244 0 0 0 0 0 0 0 0 0
337 2488 0 0 622 0 0 622 0 0 0 0 0 0
338 2488 0 0 1244 0 0 622 0 0 0 0 0 0
339 1866 0 0 1244 0 0 622 73 0 0 0 0 0
340 1866 0 0 622 0 0 622 0 0 0 0 0 0
342 4 0 0 2 0 0 2 1 0 0 0 0 0
343 6 0 0 4 0 0 0 0 0 0 0 0 0
fl=/usr/include/c++/14/bits/shared_ptr.h
fn=std::shared_ptr<ConfigSettings> std::make_shared<ConfigSettings, ConfigSettings&>(ConfigSettings&)
1003 9 1 1 1 0 0 4 0 0 0 0 0 0
1008 10 1 1 2 0 0 2 0 0 0 0 0 0
1009 6 0 0 5 0 0 0 0 0 1 1 0 0
fn=std::shared_ptr<ConfigSettings>::shared_ptr<std::allocator<void>, ConfigSettings&>(std::_Sp_alloc_shared_tag<std::allocator<void> >, ConfigSettings&)
462 8 1 1 0 0 0 5 0 0 0 0 0 0
463 9 0 0 3 0 0 2 0 0 0 0 0 0
464 4 0 0 3 0 0 0 0 0 0 0 0 0
fn=std::shared_ptr<ConfigSettings>::~shared_ptr()
175 11 0 0 3 0 0 3 0 0 0 0 0 0
fl=/usr/include/c++/14/bits/shared_ptr_base.h
fn=std::_Sp_counted_base<(__gnu_cxx::_Lock_policy)2>::_M_release()
318 5 1 0 0 0 0 2 0 0 0 0 0 0
321 1 0 0 0 0 0 1 0 0 0 0 0 0
324 1 0 0 0 0 0 1 0 0 0 0 0 0
328 1 0 0 0 0 0 1 0 0 0 0 0 0
331 1 0 0 0 0 0 1 0 0 0 0 0 0
332 1 1 1 0 0 0 1 0 0 0 0 0 0
333 2 0 0 0 0 0 1 0 0 0 0 0 0
334 3 0 0 1 0 0 1 0 0 0 0 0 0
337 7 0 0 2 1 0 0 0 0 1 0 0 0
343 6 1 1 4 0 0 2 0 0 0 0 0 0
346 7 0 0 4 1 0 1 0 0 0 0 1 1
347 7 0 0 4 0 0 1 0 0 0 0 1 1
348 1 1 1 0 0 0 0 0 0 0 0 0 0
363 2 1 0 2 0 0 0 0 0 0 0 0 0
fn=std::_Sp_counted_base<(__gnu_cxx::_Lock_policy)2>::_Sp_counted_base()
129 4 1 1 0 0 0 2 0 0 0 0 0 0
130 10 0 0 5 0 0 3 0 0 0 0 0 0
fn=std::_Sp_counted_base<(__gnu_cxx::_Lock_policy)2>::~_Sp_counted_base()
133 4 1 0 0 0 0 2 0 0 0 0 0 0
134 6 0 0 3 0 0 1 0 0 0 0 0 0
fn=std::_Sp_counted_ptr_inplace<ConfigSettings, std::allocator<void>, (__gnu_cxx::_Lock_policy)2>::_Impl::_Impl(std::allocator<void>)
590 13 1 1 3 0 0 3 0 0 0 0 0 0
fn=std::_Sp_counted_ptr_inplace<ConfigSettings, std::allocator<void>, (__gnu_cxx::_Lock_policy)2>::_Impl::_M_alloc()
592 20 1 1 6 0 0 6 0 0 0 0 0 0
fn=std::_Sp_counted_ptr_inplace<ConfigSettings, std::allocator<void>, (__gnu_cxx::_Lock_policy)2>::_M_destroy()
621 8 0 0 1 0 0 3 0 0 0 0 0 0
623 7 1 1 1 0 0 3 0 0 0 0 0 0
624 6 0 0 1 0 0 1 0 0 0 0 0 0
625 3 0 0 1 0 0 1 0 0 0 0 0 0
626 9 1 1 4 0 0 1 0 0 1 0 0 0
fn=std::_Sp_counted_ptr_inplace<ConfigSettings, std::allocator<void>, (__gnu_cxx::_Lock_policy)2>::_M_dispose()
614 6 1 1 0 0 0 3 0 0 0 0 0 0
616 10 1 1 2 0 0 4 0 0 0 0 0 0
617 4 0 0 3 0 0 0 0 0 0 0 0 0
fn=std::_Sp_counted_ptr_inplace<ConfigSettings, std::allocator<void>, (__gnu_cxx::_Lock_policy)2>::_M_ptr()
653 33 4 2 9 0 0 9 0 0 0 0 0 0
fn=std::_Sp_counted_ptr_inplace<ConfigSettings, std::allocator<void>, (__gnu_cxx::_Lock_policy)2>::_Sp_counted_ptr_inplace<ConfigSettings&>(std::allocator<void>, ConfigSettings&)
602 7 0 0 0 0 0 4 0 0 0 0 0 0
603 10 1 1 3 0 0 3 0 0 0 0 0 0
607 9 0 0 2 0 0 4 0 0 0 0 0 0
609 4 0 0 3 0 0 0 0 0 0 0 0 0
fn=std::_Sp_counted_ptr_inplace<ConfigSettings, std::allocator<void>, (__gnu_cxx::_Lock_policy)2>::~_Sp_counted_ptr_inplace()
611 14 2 2 4 0 0 4 0 0 0 0 0 0
fn=std::_Sp_ebo_helper<0, std::allocator<void>, true>::_S_get(std::_Sp_ebo_helper<0, std::allocator<void>, true>&)
474 14 0 0 6 0 0 4 0 0 0 0 0 0
fn=std::_Sp_ebo_helper<0, std::allocator<void>, true>::_Sp_ebo_helper(std::allocator<void> const&)
470 8 0 0 2 0 0 3 0 0 0 0 0 0
fn=std::__shared_count<(__gnu_cxx::_Lock_policy)2>::__shared_count<ConfigSettings, std::allocator<void>, ConfigSettings&>(ConfigSettings*&, std::_Sp_alloc_shared_tag<std::allocator<void> >, ConfigSettings&)
962 12 1 1 1 0 0 7 0 0 0 0 0 0
966 4 1 1 1 0 0 2 0 0 0 0 0 0
967 5 0 0 0 0 0 1 0 0 0 0 0 0
968 4 0 0 0 0 0 2 0 0 0 0 0 0
969 12 1 1 2 0 0 4 0 0 0 0 0 0
971 4 0 0 0 0 0 1 0 0 0 0 0 0
972 3 0 0 2 0 0 1 0 0 0 0 0 0
973 5 1 1 2 0 0 2 0 0 0 0 0 0
974 10 0 0 5 0 0 1 0 0 1 1 0 0
fn=std::__shared_count<(__gnu_cxx::_Lock_policy)2>::~__shared_count()
1066 5 1 0 0 0 0 2 0 0 0 0 0 0
1068 4 0 0 2 1 0 0 0 0 1 0 0 0
1069 4 0 0 2 0 0 1 0 0 0 0 0 0
1070 3 0 0 2 0 0 0 0 0 0 0 0 0
fn=std::__shared_ptr<ConfigSettings, (__gnu_cxx::_Lock_policy)2>::__shared_ptr<std::allocator<void>, ConfigSettings&>(std::_Sp_alloc_shared_tag<std::allocator<void> >, ConfigSettings&)
1712 8 2 2 0 0 0 5 0 0 0 0 0 0
1713 13 0 0 5 0 0 3 1 0 0 0 0 0
1714 10 1 1 6 0 0 1 0 0 0 0 0 0
fn=std::__shared_ptr<ConfigSettings, (__gnu_cxx::_Lock_policy)2>::get() const
1666 24 1 1 0 0 0 12 0 0 0 0 0 0
1667 24 0 0 24 0 0 0 0 0 0 0 0 0
fn=std::__shared_ptr<ConfigSettings, (__gnu_cxx::_Lock_policy)2>::~__shared_ptr()
1525 12 1 1 3 0 0 3 0 0 0 0 0 0
fn=std::__shared_ptr_access<ConfigSettings, (__gnu_cxx::_Lock_policy)2, false, false>::_M_get() const
1363 30 1 1 0 0 0 12 0 0 0 0 0 0
1364 30 0 0 18 0 0 6 0 0 0 0 0 0
fn=std::__shared_ptr_access<ConfigSettings, (__gnu_cxx::_Lock_policy)2, false, false>::operator->() const
1355 30 1 1 0 0 0 12 0 0 0 0 0 0
1358 18 0 0 6 0 0 6 0 0 0 0 0 0
1359 12 0 0 12 0 0 0 0 0 0 0 0 0
fn=std::enable_if<!std::__shared_ptr<ConfigSettings, (__gnu_cxx::_Lock_policy)2>::__has_esft_base<ConfigSettings, void>::value, void>::type std::__shared_ptr<ConfigSettings, (__gnu_cxx::_Lock_policy)2>::_M_enable_shared_from_this_with<ConfigSettings, ConfigSettings>(ConfigSettings*)
1766 5 1 1 0 0 0 3 0 0 0 0 0 0
1767 3 0 0 2 0 0 0 0 0 0 0 0 0
fl=/usr/include/c++/14/bits/std_function.h
fn=bool (* const&std::_Any_data::_M_access<bool (*)(std::vector<std::basic_string_view<char, std::char_traits<char> >, std::allocator<std::basic_string_view<char, std::char_traits<char> > > > const&, ConfigSettings&)>() const)(std::vector<std::basic_string_view<char, std::char_traits<char> >, std::allocator<std::basic_string_view<char, std::char_traits<char> > > > const&, ConfigSettings&)
95 125 1 1 0 0 0 50 0 0 0 0 0 0
96 125 0 0 75 0 0 25 1 1 0 0 0 0
fn=bool (*&std::_Any_data::_M_access<bool (*)(std::vector<std::basic_string_view<char, std::char_traits<char> >, std::allocator<std::basic_string_view<char, std::char_traits<char> > > > const&, ConfigSettings&)>())(std::vector<std::basic_string_view<char, std::char_traits<char> >, std::allocator<std::basic_string_view<char, std::char_traits<char> > > > const&, ConfigSettings&)
90 130 2 0 0 0 0 52 1 0 0 0 0 0
91 130 0 0 78 0 0 26 0 0 0 0 0 0
fn=bool std::_Function_base::_Base_manager<bool (*)(std::vector<std::basic_string_view<char, std::char_traits<char> >, std::allocator<std::basic_string_view<char, std::char_traits<char> > > > const&, ConfigSettings&)>::_M_not_empty_function<bool (std::vector<std::basic_string_view<char, std::char_traits<char> >, std::allocator<std::basic_string_view<char, std::char_traits<char> > > > const&, ConfigSettings&)>(bool (*)(std::vector<std::basic_string_view<char, std::char_traits<char> >, std::allocator<std::basic_string_view<char, std::char_traits<char> > > > const&, ConfigSettings&))
225 52 2 2 0 0 0 26 0 0 0 0 0 0
226 52 0 0 39 0 0 0 0 0 0 0 0 0
fn=std::_Any_data::_M_access()
85 364 1 1 156 0 0 104 0 0 0 0 0 0
fn=std::_Any_data::_M_access() const
86 175 0 0 75 0 0 50 0 0 0 0 0 0
fn=std::_Function_base::_Base_manager<bool (*)(std::vector<std::basic_string_view<char, std::char_traits<char> >, std::allocator<std::basic_string_view<char, std::char_traits<char> > > > const&, ConfigSettings&)>::_M_destroy(std::_Any_data&, std::integral_constant<bool, true>)
166 130 1 0 0 0 0 52 0 0 0 0 0 0
168 78 0 0 26 0 0 26 0 0 0 0 0 0
169 78 0 0 52 0 0 0 0 0 0 0 0 0
fn=std::_Function_base::_Base_manager<bool (*)(std::vector<std::basic_string_view<char, std::char_traits<char> >, std::allocator<std::basic_string_view<char, std::char_traits<char> > > > const&, ConfigSettings&)>::_M_get_pointer(std::_Any_data const&)
134 125 1 1 0 0 0 50 1 1 0 0 0 0
138 100 0 0 25 0 0 50 0 0 0 0 0 0
139 75 0 0 25 0 0 25 0 0 0 0 0 0
143 50 0 0 50 0 0 0 0 0 0 0 0 0
fn=std::_Function_base::_Base_manager<bool (*)(std::vector<std::basic_string_view<char, std::char_traits<char> >, std::allocator<std::basic_string_view<char, std::char_traits<char> > > > const&, ConfigSettings&)>::_M_manager(std::_Any_data&, std::_Any_data const&, std::_Manager_operation)
180 312 4 2 0 0 0 195 1 0 0 0 0 0
183 169 0 0 39 0 0 0 0 0 65 10 0 0
198 52 0 0 13 0 0 13 0 0 0 0 0 0
199 52 1 1 13 0 0 13 0 0 0 0 0 0
200 13 0 0 0 0 0 0 0 0 0 0 0 0
203 78 1 0 26 0 0 26 0 0 0 0 0 0
204 26 0 0 0 0 0 0 0 0 0 0 0 0
206 39 0 0 0 0 0 0 0 0 0 0 0 0
207 117 0 0 117 0 0 0 0 0 0 0 0 0
fn=std::_Function_base::_Function_base()
239 312 0 0 104 0 0 130 0 0 0 0 0 0
fn=std::_Function_base::_M_empty() const
247 250 1 1 100 0 0 50 0 0 0 0 0 0
fn=std::_Function_base::~_Function_base()
241 130 1 0 0 0 0 52 1 0 0 0 0 0
243 104 1 0 52 2 0 0 0 0 26 0 0 0
244 208 0 0 104 0 0 26 0 0 0 0 26 1
245 78 0 0 52 0 0 0 0 0 0 0 0 0
fn=std::_Function_handler<bool (std::vector<std::basic_string_view<char, std::char_traits<char> >, std::allocator<std::basic_string_view<char, std::char_traits<char> > > > const&, ConfigSettings&), bool (*)(std::vector<std::basic_string_view<char, std::char_traits<char> >, std::allocator<std::basic_string_view<char, std::char_traits<char> > > > const&, ConfigSettings&)>::_M_invoke(std::_Any_data const&, std::vector<std::basic_string_view<char, std::char_traits<char> >, std::allocator<std::basic_string_view<char, std::char_traits<char> > > > const&, ConfigSettings&)
288 108 0 0 0 0 0 72 0 0 0 0 0 0
290 180 0 0 36 0 0 48 0 0 0 0 0 0
292 60 0 0 48 0 0 0 0 0 0 0 0 0
fn=std::_Function_handler<bool (std::vector<std::basic_string_view<char, std::char_traits<char> >, std::allocator<std::basic_string_view<char, std::char_traits<char> > > > const&, ConfigSettings&), bool (*)(std::vector<std::basic_string_view<char, std::char_traits<char> >, std::allocator<std::basic_string_view<char, std::char_traits<char> > > > const&, ConfigSettings&)>::_M_manager(std::_Any_data&, std::_Any_data const&, std::_Manager_operation)
267 312 2 1 0 0 0 195 1 0 0 0 0 0
270 234 2 1 39 0 0 0 0 0 78 0 0 0
282 234 1 0 117 0 0 39 0 0 0 0 0 0
284 39 0 0 0 0 0 0 0 0 0 0 0 0
285 117 0 0 117 0 0 0 0 0 0 0 0 0
fn=std::function<bool (std::vector<std::basic_string_view<char, std::char_traits<char> >, std::allocator<std::basic_string_view<char, std::char_traits<char> > > > const&, ConfigSettings&)>::function(std::function<bool (std::vector<std::basic_string_view<char, std::char_traits<char> >, std::allocator<std::basic_string_view<char, std::char_traits<char> > > > const&, ConfigSettings&)> const&)
386 91 0 0 0 0 0 52 0 0 0 0 0 0
387 117 1 1 39 0 0 52 0 0 0 0 0 0
389 65 0 0 13 0 0 13 0 0 13 2 0 0
391 104 1 1 52 0 0 13 0 0 0 0 13 1
392 52 0 0 39 0 0 13 0 0 0 0 0 0
393 52 0 0 39 0 0 13 0 0 0 0 0 0
395 65 0 0 39 0 0 0 0 0 0 0 0 0
fn=std::function<bool (std::vector<std::basic_string_view<char, std::char_traits<char> >, std::allocator<std::basic_string_view<char, std::char_traits<char> > > > const&, ConfigSettings&)>::function<bool (&)(std::vector<std::basic_string_view<char, std::char_traits<char> >, std::allocator<std::basic_string_view<char, std::char_traits<char> > > > const&, ConfigSettings&), void>(bool (&)(std::vector<std::basic_string_view<char, std::char_traits<char> >, std::allocator<std::basic_string_view<char, std::char_traits<char> > > > const&, ConfigSettings&))
435 78 1 1 0 0 0 39 0 0 0 0 0 0
437 117 1 1 39 0 0 52 0 0 0 0 0 0
447 65 0 0 13 0 0 13 0 0 13 0 0 0
449 104 1 1 26 0 0 26 0 0 0 0 0 0
451 39 0 0 13 0 0 13 0 0 0 0 0 0
452 39 0 0 13 0 0 13 0 0 0 0 0 0
454 39 0 0 26 0 0 0 0 0 0 0 0 0
fn=std::function<bool (std::vector<std::basic_string_view<char, std::char_traits<char> >, std::allocator<std::basic_string_view<char, std::char_traits<char> > > > const&, ConfigSettings&)>::operator bool() const
573 65 1 1 0 0 0 26 0 0 0 0 0 0
574 78 0 0 39 0 0 13 0 0 0 0 0 0
fn=std::function<bool (std::vector<std::basic_string_view<char, std::char_traits<char> >, std::allocator<std::basic_string_view<char, std::char_traits<char> > > > const&, ConfigSettings&)>::operator()(std::vector<std::basic_string_view<char, std::char_traits<char> >, std::allocator<std::basic_string_view<char, std::char_traits<char> > > > const&, ConfigSettings&) const
587 108 1 1 0 0 0 72 0 0 0 0 0 0
589 60 0 0 12 0 0 12 0 0 12 2 0 0
591 180 1 0 60 0 0 36 0 0 0 0 12 1
592 60 0 0 48 0 0 0 0 0 0 0 0 0
fn=std::function<bool (std::vector<std::basic_string_view<char, std::char_traits<char> >, std::allocator<std::basic_string_view<char, std::char_traits<char> > > > const&, ConfigSettings&)>::~function()
334 286 1 0 78 0 0 78 0 0 0 0 0 0
fn=void std::_Function_base::_Base_manager<bool (*)(std::vector<std::basic_string_view<char, std::char_traits<char> >, std::allocator<std::basic_string_view<char, std::char_traits<char> > > > const&, ConfigSettings&)>::_M_create<bool (&)(std::vector<std::basic_string_view<char, std::char_traits<char> >, std::allocator<std::basic_string_view<char, std::char_traits<char> > > > const&, ConfigSettings&)>(std::_Any_data&, bool (&)(std::vector<std::basic_string_view<char, std::char_traits<char> >, std::allocator<std::basic_string_view<char, std::char_traits<char> > > > const&, ConfigSettings&), std::integral_constant<bool, true>)
150 91 1 1 0 0 0 52 0 0 0 0 0 0
152 143 1 1 26 0 0 52 0 0 0 0 0 0
153 52 0 0 39 0 0 0 0 0 0 0 0 0
fn=void std::_Function_base::_Base_manager<bool (*)(std::vector<std::basic_string_view<char, std::char_traits<char> >, std::allocator<std::basic_string_view<char, std::char_traits<char> > > > const&, ConfigSettings&)>::_M_create<bool (* const&)(std::vector<std::basic_string_view<char, std::char_traits<char> >, std::allocator<std::basic_string_view<char, std::char_traits<char> > > > const&, ConfigSettings&)>(std::_Any_data&, bool (* const&)(std::vector<std::basic_string_view<char, std::char_traits<char> >, std::allocator<std::basic_string_view<char, std::char_traits<char> > > > const&, ConfigSettings&), std::integral_constant<bool, true>)
150 91 0 0 0 0 0 52 0 0 0 0 0 0
152 156 1 1 39 0 0 52 0 0 0 0 0 0
153 52 0 0 39 0 0 0 0 0 0 0 0 0
fn=void std::_Function_base::_Base_manager<bool (*)(std::vector<std::basic_string_view<char, std::char_traits<char> >, std::allocator<std::basic_string_view<char, std::char_traits<char> > > > const&, ConfigSettings&)>::_M_init_functor<bool (&)(std::vector<std::basic_string_view<char, std::char_traits<char> >, std::allocator<std::basic_string_view<char, std::char_traits<char> > > > const&, ConfigSettings&)>(std::_Any_data&, bool (&)(std::vector<std::basic_string_view<char, std::char_traits<char> >, std::allocator<std::basic_string_view<char, std::char_traits<char> > > > const&, ConfigSettings&))
211 78 0 0 0 0 0 39 0 0 0 0 0 0
215 104 0 0 26 0 0 26 0 0 0 0 0 0
216 39 1 1 26 0 0 0 0 0 0 0 0 0
fn=void std::_Function_base::_Base_manager<bool (*)(std::vector<std::basic_string_view<char, std::char_traits<char> >, std::allocator<std::basic_string_view<char, std::char_traits<char> > > > const&, ConfigSettings&)>::_M_init_functor<bool (* const&)(std::vector<std::basic_string_view<char, std::char_traits<char> >, std::allocator<std::basic_string_view<char, std::char_traits<char> > > > const&, ConfigSettings&)>(std::_Any_data&, bool (* const&)(std::vector<std::basic_string_view<char, std::char_traits<char> >, std::allocator<std::basic_string_view<char, std::char_traits<char> > > > const&, ConfigSettings&))
211 78 1 1 0 0 0 39 0 0 0 0 0 0
215 104 0 0 26 0 0 26 0 0 0 0 0 0
216 39 0 0 26 0 0 0 0 0 0 0 0 0
fl=/usr/include/c++/14/bits/stl_algo.h
fn=double const& std::clamp<double>(double const&, double const&, double const&)
3623 76507200 1 1 0 0 0 43718400 0 0 0 0 0 0
3625 21859200 0 0 0 0 0 0 0 0 10929600 8 0 0
3626 109296000 1 0 32788800 0 0 21859200 0 0 0 0 0 0
3627 21859200 0 0 21859200 0 0 0 0 0 0 0 0 0
fl=/usr/include/c++/14/bits/stl_algobase.h
fn=AABB* std::__niter_base<AABB*>(AABB*)
316 120 2 1 0 0 0 60 0 0 0 0 0 0
318 90 0 0 90 0 0 0 0 0 0 0 0 0
fn=MaterialID* std::__niter_base<MaterialID*>(MaterialID*)
316 72 6 1 0 0 0 36 0 0 0 0 0 0
318 54 0 0 54 0 0 0 0 0 0 0 0 0
fn=__gnu_cxx::__enable_if<std::__is_byte<unsigned char>::__value, void>::__type std::__fill_a1<unsigned char>(unsigned char*, unsigned char*, unsigned char const&)
960 21 2 2 0 0 0 12 0 0 0 0 0 0
962 9 0 0 6 0 0 3 0 0 0 0 0 0
964 9 0 0 0 0 0 3 0 0 3 2 0 0
971 15 1 1 9 0 0 3 0 0 3 0 0 0
972 18 0 0 9 0 0 3 0 0 0 0 0 0
973 6 0 0 6 3 0 0 0 0 0 0 0 0
fn=double const& std::max<double>(double const&, double const&)
257 56552325 20 2 0 0 0 33931395 0 0 0 0 0 0
262 67862790 0 0 45241860 0 0 0 0 0 11310465 127359 0 0
263 761728 0 0 380864 0 0 0 0 0 0 0 0 0
264 10929601 0 0 10929601 0 0 0 0 0 0 0 0 0
265 22620930 0 0 22620930 0 0 0 0 0 0 0 0 0
fn=double const& std::min<double>(double const&, double const&)
233 56814980 98 1 0 0 0 34088988 0 0 0 0 0 0
238 68177976 0 0 45451984 0 0 0 0 0 11362996 26 0 0
239 2 0 0 1 0 0 0 0 0 0 0 0 0
240 11362995 0 0 11362995 0 0 0 0 0 0 0 0 0
241 22725992 0 0 22725992 0 0 0 0 0 0 0 0 0
fn=double* std::__niter_base<double*>(double*)
316 1140 20 1 0 0 0 570 0 0 0 0 0 0
318 855 12 1 855 0 0 0 0 0 0 0 0 0
fn=int* std::__niter_base<int*>(int*)
316 60 0 0 0 0 0 30 0 0 0 0 0 0
318 45 0 0 45 0 0 0 0 0 0 0 0 0
fn=std::__cxx11::basic_string<char, std::char_traits<char>, std::allocator<char> >* std::__niter_base<std::__cxx11::basic_string<char, std::char_traits<char>, std::allocator<char> >*>(std::__cxx11::basic_string<char, std::char_traits<char>, std::allocator<char> >*)
316 72 0 0 0 0 0 36 0 0 0 0 0 0
318 54 0 0 54 0 0 0 0 0 0 0 0 0
fn=std::__size_to_integer(unsigned long)
1040 21 1 1 9 0 0 6 0 0 0 0 0 0
fn=std::basic_string_view<char, std::char_traits<char> >* std::__niter_base<std::basic_string_view<char, std::char_traits<char> >*>(std::basic_string_view<char, std::char_traits<char> >*)
316 2892 13 1 0 0 0 1446 0 0 0 0 0 0
318 2169 0 0 2169 0 0 0 0 0 0 0 0 0
fn=unsigned char* std::__copy_move<false, true, std::random_access_iterator_tag>::__copy_m<unsigned char const, unsigned char>(unsigned char const*, unsigned char const*, unsigned char*)
448 21 1 1 0 0 0 12 0 0 0 0 0 0
450 9 0 0 6 0 0 3 0 0 0 0 0 0
451 15 0 0 3 0 0 0 0 0 3 0 0 0
452 21 1 0 9 0 0 3 0 0 0 0 0 0
456 9 0 0 6 3 0 0 0 0 0 0 0 0
457 6 0 0 6 0 0 0 0 0 0 0 0 0
fn=unsigned char* std::__copy_move_a1<false, unsigned char const*, unsigned char*>(unsigned char const*, unsigned char const*, unsigned char*)
547 21 0 0 0 0 0 12 0 0 0 0 0 0
548 24 0 0 15 3 0 3 0 0 0 0 0 0
fn=unsigned char* std::__copy_move_a2<false, unsigned char const*, unsigned char*>(unsigned char const*, unsigned char const*, unsigned char*)
512 21 1 1 0 0 0 12 0 0 0 0 0 0
516 9 0 0 0 0 0 3 0 0 3 2 0 0
521 21 1 0 9 0 0 3 0 0 0 0 0 0
522 6 0 0 6 3 0 0 0 0 0 0 0 0
fn=unsigned char* std::__copy_move_a<false, __gnu_cxx::__normal_iterator<unsigned char const*, std::vector<unsigned char, std::allocator<unsigned char> > >, unsigned char*>(__gnu_cxx::__normal_iterator<unsigned char const*, std::vector<unsigned char, std::allocator<unsigned char> > >, __gnu_cxx::__normal_iterator<unsigned char const*, std::vector<unsigned char, std::allocator<unsigned char> > >, unsigned char*)
553 27 1 1 0 0 0 18 0 0 0 0 0 0
555 60 1 0 9 0 0 15 0 0 0 0 0 0
559 15 0 0 12 3 0 0 0 0 0 0 0 0
fn=unsigned char* std::__fill_n_a<unsigned char*, unsigned long, unsigned char>(unsigned char*, unsigned long, unsigned char const&, std::random_access_iterator_tag)
1140 21 1 1 0 0 0 12 0 0 0 0 0 0
1146 6 1 1 3 0 0 0 0 0 3 2 0 0
1151 24 0 0 12 0 0 3 0 0 0 0 0 0
1152 9 0 0 6 0 0 0 0 0 0 0 0 0
1153 6 0 0 6 3 0 0 0 0 0 0 0 0
fn=unsigned char* std::__niter_base<unsigned char*>(unsigned char*)
316 12 1 1 0 0 0 6 0 0 0 0 0 0
318 9 0 0 9 0 0 0 0 0 0 0 0 0
fn=unsigned char* std::__niter_wrap<unsigned char*>(unsigned char* const&, unsigned char*)
353 15 0 0 0 0 0 9 0 0 0 0 0 0
354 9 0 0 9 0 0 0 0 0 0 0 0 0
fn=unsigned char* std::copy<__gnu_cxx::__normal_iterator<unsigned char const*, std::vector<unsigned char, std::allocator<unsigned char> > >, unsigned char*>(__gnu_cxx::__normal_iterator<unsigned char const*, std::vector<unsigned char, std::allocator<unsigned char> > >, __gnu_cxx::__normal_iterator<unsigned char const*, std::vector<unsigned char, std::allocator<unsigned char> > >, unsigned char*)
642 24 1 1 0 0 0 15 0 0 0 0 0 0
651 39 1 0 9 0 0 9 0 0 0 0 0 0
652 9 0 0 9 3 0 0 0 0 0 0 0 0
fn=unsigned char* std::fill_n<unsigned char*, unsigned long, unsigned char>(unsigned char*, unsigned long, unsigned char const&)
1175 21 1 1 0 0 0 12 0 0 0 0 0 0
1180 27 0 0 9 0 0 6 0 0 0 0 0 0
1182 6 0 0 6 0 0 0 0 0 0 0 0 0
fn=unsigned int* std::__niter_base<unsigned int*>(unsigned int*)
316 60 0 0 0 0 0 30 0 0 0 0 0 0
318 45 0 0 45 0 0 0 0 0 0 0 0 0
fn=unsigned long const& std::max<unsigned long>(unsigned long const&, unsigned long const&)
257 1254238045 4 2 0 0 0 752542827 0 0 0 0 0 0
262 1505085654 0 0 1003390436 0 0 0 0 0 250847609 90 0 0
263 176 0 0 88 0 0 0 0 0 0 0 0 0
264 250847521 0 0 250847521 0 0 0 0 0 0 0 0 0
265 501695218 0 0 501695218 0 0 0 0 0 0 0 0 0
fn=unsigned long const& std::min<unsigned long>(unsigned long const&, unsigned long const&)
233 6260 4 1 0 0 0 3756 0 0 0 0 0 0
238 7512 0 0 5008 0 0 0 0 0 1252 45 0 0
240 1252 4 1 1252 0 0 0 0 0 0 0 0 0
241 2504 0 0 2504 0 0 0 0 0 0 0 0 0
fn=void std::__fill_a<unsigned char*, unsigned char>(unsigned char*, unsigned char*, unsigned char const&)
997 21 1 1 0 0 0 12 0 0 0 0 0 0
998 27 0 0 15 3 0 3 0 0 0 0 0 0
fl=/usr/include/c++/14/bits/stl_construct.h
fn=decltype (::new ((void*)(0)) AABB((declval<AABB const&>)())) std::construct_at<AABB, AABB const&>(AABB*, AABB const&)
94 112 0 0 0 0 0 64 0 0 0 0 0 0
97 384 9 1 176 0 0 128 11 11 0 0 0 0
fn=decltype (::new ((void*)(0)) AABB((declval<AABB>)())) std::construct_at<AABB, AABB>(AABB*, AABB&&)
94 322 0 0 0 0 0 184 0 0 0 0 0 0
97 1104 21 2 506 0 0 368 28 28 0 0 0 0
fn=decltype (::new ((void*)(0)) MaterialID((declval<MaterialID>)())) std::construct_at<MaterialID, MaterialID>(MaterialID*, MaterialID&&)
94 126 0 0 0 0 0 72 0 0 0 0 0 0
97 252 0 0 108 0 0 54 0 0 0 0 0 0
fn=decltype (::new ((void*)(0)) double((declval<double const&>)())) std::construct_at<double, double const&>(double*, double const&)
94 1617 0 0 0 0 0 924 0 0 0 0 0 0
97 3234 0 0 1386 0 0 693 13 13 0 0 0 0
fn=decltype (::new ((void*)(0)) double((declval<double>)())) std::construct_at<double, double>(double*, double&&)
94 112 15 1 0 0 0 64 0 0 0 0 0 0
97 224 0 0 96 0 0 48 1 1 0 0 0 0
fn=decltype (::new ((void*)(0)) int((declval<int const&>)())) std::construct_at<int, int const&>(int*, int const&)
94 112 5 0 0 0 0 64 0 0 0 0 0 0
97 224 0 0 96 0 0 48 0 0 0 0 0 0
fn=decltype (::new ((void*)(0)) std::__cxx11::basic_string<char, std::char_traits<char>, std::allocator<char> >((declval<std::__cxx11::basic_string<char, std::char_traits<char>, std::allocator<char> > >)())) std::construct_at<std::__cxx11::basic_string<char, std::char_traits<char>, std::allocator<char> >, std::__cxx11::basic_string<char, std::char_traits<char>, std::allocator<char> > >(std::__cxx11::basic_string<char, std::char_traits<char>, std::allocator<char> >*, std::__cxx11::basic_string<char, std::char_traits<char>, std::allocator<char> >&&)
94 217 3 1 0 0 0 124 0 0 0 0 0 0
97 465 0 0 155 0 0 93 0 0 0 0 0 0
fn=decltype (::new ((void*)(0)) std::__cxx11::basic_string<char, std::char_traits<char>, std::allocator<char> >((declval<std::basic_string_view<char, std::char_traits<char> > const&>)())) std::construct_at<std::__cxx11::basic_string<char, std::char_traits<char>, std::allocator<char> >, std::basic_string_view<char, std::char_traits<char> > const&>(std::__cxx11::basic_string<char, std::char_traits<char>, std::allocator<char> >*, std::basic_string_view<char, std::char_traits<char> > const&)
94 234 1 1 18 0 0 144 0 0 0 0 0 0
97 504 6 1 180 0 0 72 0 0 18 15 0 0
fn=decltype (::new ((void*)(0)) std::basic_string_view<char, std::char_traits<char> >((declval<std::basic_string_view<char, std::char_traits<char> > >)())) std::construct_at<std::basic_string_view<char, std::char_traits<char> >, std::basic_string_view<char, std::char_traits<char> > >(std::basic_string_view<char, std::char_traits<char> >*, std::basic_string_view<char, std::char_traits<char> >&&)
94 5509 9 1 0 0 0 3148 0 0 0 0 0 0
97 12592 9 1 5509 0 0 3148 9 9 0 0 0 0
fn=decltype (::new ((void*)(0)) std::basic_string_view<char, std::char_traits<char> >((declval<std::basic_string_view<char, std::char_traits<char> > const&>)())) std::construct_at<std::basic_string_view<char, std::char_traits<char> >, std::basic_string_view<char, std::char_traits<char> > const&>(std::basic_string_view<char, std::char_traits<char> >*, std::basic_string_view<char, std::char_traits<char> > const&)
94 434 1 1 0 0 0 248 0 0 0 0 0 0
97 992 0 0 434 0 0 248 2 2 0 0 0 0
fn=decltype (::new ((void*)(0)) std::pair<std::basic_string_view<char, std::char_traits<char> > const, std::function<bool (std::vector<std::basic_string_view<char, std::char_traits<char> >, std::allocator<std::basic_string_view<char, std::char_traits<char> > > > const&, ConfigSettings&)> >((declval<std::basic_string_view<char, std::char_traits<char> > const&>)(), (declval<std::function<bool (std::vector<std::basic_string_view<char, std::char_traits<char> >, std::allocator<std::basic_string_view<char, std::char_traits<char> > > > const&, ConfigSettings&)> const&>)())) std::construct_at<std::pair<std::basic_string_view<char, std::char_traits<char> > const, std::function<bool (std::vector<std::basic_string_view<char, std::char_traits<char> >, std::allocator<std::basic_string_view<char, std::char_traits<char> > > > const&, ConfigSettings&)> >, std::basic_string_view<char, std::char_traits<char> > const&, std::function<bool (std::vector<std::basic_string_view<char, std::char_traits<char> >, std::allocator<std::basic_string_view<char, std::char_traits<char> > > > const&, ConfigSettings&)> const&>(std::pair<std::basic_string_view<char, std::char_traits<char> > const, std::function<bool (std::vector<std::basic_string_view<char, std::char_traits<char> >, std::allocator<std::basic_string_view<char, std::char_traits<char> > > > const&, ConfigSettings&)> >*, std::basic_string_view<char, std::char_traits<char> > const&, std::function<bool (std::vector<std::basic_string_view<char, std::char_traits<char> >, std::allocator<std::basic_string_view<char, std::char_traits<char> > > > const&, ConfigSettings&)> const&)
94 143 0 0 0 0 0 104 0 0 0 0 0 0
97 338 1 1 117 0 0 52 0 0 0 0 0 0
fn=decltype (::new ((void*)(0)) unsigned int((declval<unsigned int>)())) std::construct_at<unsigned int, unsigned int>(unsigned int*, unsigned int&&)
94 112 12 0 0 0 0 64 0 0 0 0 0 0
97 224 1 0 96 0 0 48 0 0 0 0 0 0
fn=void std::_Construct<ConfigSettings, ConfigSettings&>(ConfigSettings*, ConfigSettings&)
109 7 0 0 0 0 0 4 0 0 0 0 0 0
112 2 0 0 0 0 0 0 0 0 1 1 0 0
119 52 4 4 24 0 0 24 0 0 0 0 0 0
120 3 0 0 3 0 0 0 0 0 0 0 0 0
fn=void std::_Construct<Renderer::Intersection, Renderer::Intersection>(Renderer::Intersection*, Renderer::Intersection&&)
109 28233779 1 1 0 0 0 16133588 0 0 0 0 0 0
112 8066794 0 0 0 0 0 0 0 0 4033397 0 0 0
119 88734734 2 2 36300573 0 0 36300573 0 0 0 0 0 0
120 12100191 0 0 12100191 0 0 0 0 0 0 0 0 0
fn=void std::_Construct<std::__cxx11::basic_string<char, std::char_traits<char>, std::allocator<char> >, char*&>(std::__cxx11::basic_string<char, std::char_traits<char>, std::allocator<char> >*, char*&)
109 52 1 1 4 0 0 32 0 0 0 0 0 0
112 8 0 0 0 0 0 0 0 0 4 3 0 0
119 64 2 2 12 0 0 16 0 0 0 0 0 0
120 40 0 0 32 0 0 0 0 0 4 3 0 0
fn=void std::_Destroy<AABB*>(AABB*, AABB*)
182 12 1 1 0 0 0 6 0 0 0 0 0 0
192 4 0 0 0 0 0 0 0 0 2 2 0 0
196 10 1 1 4 0 0 2 0 0 0 0 0 0
197 4 0 0 4 0 0 0 0 0 0 0 0 0
fn=void std::_Destroy<ConfigSettings>(ConfigSettings*)
146 5 1 0 0 0 0 2 0 0 0 0 0 0
149 3 0 0 1 0 0 1 0 0 0 0 0 0
153 3 0 0 2 0 0 0 0 0 0 0 0 0
fn=void std::_Destroy<MaterialID*>(MaterialID*, MaterialID*)
182 6 1 1 0 0 0 3 0 0 0 0 0 0
192 2 0 0 0 0 0 0 0 0 1 1 0 0
196 5 1 0 2 0 0 1 0 0 0 0 0 0
197 2 0 0 2 0 0 0 0 0 0 0 0 0
fn=void std::_Destroy<double*>(double*, double*)
182 120 1 1 0 0 0 60 0 0 0 0 0 0
192 40 0 0 0 0 0 0 0 0 20 5 0 0
196 100 1 1 40 0 0 20 0 0 0 0 0 0
197 40 0 0 40 0 0 0 0 0 0 0 0 0
fn=void std::_Destroy<int*>(int*, int*)
182 6 1 1 0 0 0 3 0 0 0 0 0 0
192 2 0 0 0 0 0 0 0 0 1 1 0 0
196 5 0 0 2 0 0 1 0 0 0 0 0 0
197 2 0 0 2 0 0 0 0 0 0 0 0 0
fn=void std::_Destroy<std::__cxx11::basic_string<char, std::char_traits<char>, std::allocator<char> > >(std::__cxx11::basic_string<char, std::char_traits<char>, std::allocator<char> >*)
146 110 1 0 0 0 0 44 0 0 0 0 0 0
149 66 0 0 22 0 0 22 0 0 0 0 0 0
153 66 0 0 44 0 0 0 0 0 0 0 0 0
fn=void std::_Destroy<std::__cxx11::basic_string<char, std::char_traits<char>, std::allocator<char> >*>(std::__cxx11::basic_string<char, std::char_traits<char>, std::allocator<char> >*, std::__cxx11::basic_string<char, std::char_traits<char>, std::allocator<char> >*)
182 12 1 0 0 0 0 6 0 0 0 0 0 0
192 4 0 0 0 0 0 0 0 0 2 1 0 0
196 10 0 0 4 0 0 2 0 0 0 0 0 0
197 4 0 0 4 0 0 0 0 0 0 0 0 0
fn=void std::_Destroy<std::basic_string_view<char, std::char_traits<char> >*>(std::basic_string_view<char, std::char_traits<char> >*, std::basic_string_view<char, std::char_traits<char> >*)
182 372 2 1 0 0 0 186 0 0 0 0 0 0
192 124 0 0 0 0 0 0 0 0 62 19 0 0
196 310 0 0 124 0 0 62 0 0 0 0 0 0
197 124 0 0 124 0 0 0 0 0 0 0 0 0
fn=void std::_Destroy<unsigned char*>(unsigned char*, unsigned char*)
182 36 1 1 0 0 0 18 0 0 0 0 0 0
192 12 0 0 0 0 0 0 0 0 6 3 0 0
196 30 1 0 12 0 0 6 1 0 0 0 0 0
197 12 0 0 12 0 0 0 0 0 0 0 0 0
fn=void std::_Destroy<unsigned int*>(unsigned int*, unsigned int*)
182 6 1 0 0 0 0 3 0 0 0 0 0 0
192 2 0 0 0 0 0 0 0 0 1 0 0 0
196 5 0 0 2 0 0 1 0 0 0 0 0 0
197 2 0 0 2 0 0 0 0 0 0 0 0 0
fn=void std::_Destroy_aux<false>::__destroy<std::__cxx11::basic_string<char, std::char_traits<char>, std::allocator<char> >*>(std::__cxx11::basic_string<char, std::char_traits<char>, std::allocator<char> >*, std::__cxx11::basic_string<char, std::char_traits<char>, std::allocator<char> >*)
160 12 1 0 0 0 0 6 0 0 0 0 0 0
162 96 1 1 70 0 0 0 0 0 24 8 0 0
163 110 0 0 22 0 0 44 0 0 0 0 0 0
164 8 0 0 4 0 0 0 0 0 0 0 0 0
fn=void std::_Destroy_aux<true>::__destroy<AABB*>(AABB*, AABB*)
172 16 1 1 4 0 0 6 0 0 0 0 0 0
fn=void std::_Destroy_aux<true>::__destroy<MaterialID*>(MaterialID*, MaterialID*)
172 8 1 0 2 0 0 3 0 0 0 0 0 0
fn=void std::_Destroy_aux<true>::__destroy<double*>(double*, double*)
172 160 1 1 40 0 0 60 0 0 0 0 0 0
fn=void std::_Destroy_aux<true>::__destroy<int*>(int*, int*)
172 8 2 2 2 0 0 3 0 0 0 0 0 0
fn=void std::_Destroy_aux<true>::__destroy<std::basic_string_view<char, std::char_traits<char> >*>(std::basic_string_view<char, std::char_traits<char> >*, std::basic_string_view<char, std::char_traits<char> >*)
172 496 3 0 124 0 0 186 0 0 0 0 0 0
fn=void std::_Destroy_aux<true>::__destroy<unsigned char*>(unsigned char*, unsigned char*)
172 48 1 0 12 0 0 18 0 0 0 0 0 0
fn=void std::_Destroy_aux<true>::__destroy<unsigned int*>(unsigned int*, unsigned int*)
172 8 1 0 2 0 0 3 0 0 0 0 0 0
fn=void std::destroy_at<AABB>(AABB*)
80 120 3 0 0 0 0 60 0 0 0 0 0 0
89 90 0 0 60 0 0 0 0 0 0 0 0 0
fn=void std::destroy_at<ConfigSettings>(ConfigSettings*)
80 4 0 0 0 0 0 2 0 0 0 0 0 0
89 3 0 0 2 0 0 0 0 0 0 0 0 0
fn=void std::destroy_at<std::__cxx11::basic_string<char, std::char_traits<char>, std::allocator<char> > >(std::__cxx11::basic_string<char, std::char_traits<char>, std::allocator<char> >*)
80 265 6 1 0 0 0 106 0 0 0 0 0 0
88 159 0 0 53 0 0 53 0 0 0 0 0 0
89 159 5 1 106 0 0 0 0 0 0 0 0 0
fn=void std::destroy_at<std::basic_string_view<char, std::char_traits<char> > >(std::basic_string_view<char, std::char_traits<char> >*)
80 1936 0 0 0 0 0 968 0 0 0 0 0 0
89 1452 0 0 968 0 0 0 0 0 0 0 0 0
fn=void std::destroy_at<std::pair<std::basic_string_view<char, std::char_traits<char> > const, std::function<bool (std::vector<std::basic_string_view<char, std::char_traits<char> >, std::allocator<std::basic_string_view<char, std::char_traits<char> > > > const&, ConfigSettings&)> > >(std::pair<std::basic_string_view<char, std::char_traits<char> > const, std::function<bool (std::vector<std::basic_string_view<char, std::char_traits<char> >, std::allocator<std::basic_string_view<char, std::char_traits<char> > > > const&, ConfigSettings&)> >*)
80 65 0 0 0 0 0 26 0 0 0 0 0 0
88 39 1 1 13 0 0 13 0 0 0 0 0 0
89 39 0 0 26 0 0 0 0 0 0 0 0 0
fl=/usr/include/c++/14/bits/stl_function.h
fn=std::equal_to<std::basic_string_view<char, std::char_traits<char> > >::operator()(std::basic_string_view<char, std::char_traits<char> > const&, std::basic_string_view<char, std::char_traits<char> > const&) const
374 1092 0 0 0 0 0 624 0 0 0 0 0 0
375 1716 1 0 1248 0 0 156 0 0 0 0 0 0
fl=/usr/include/c++/14/bits/stl_iterator.h
fn=__gnu_cxx::__normal_iterator<AABB*, std::vector<AABB, std::allocator<AABB> > >::__normal_iterator(AABB* const&)
1067 260 10 2 0 0 0 156 0 0 0 0 0 0
1068 364 0 0 260 0 0 52 0 0 0 0 0 0
fn=__gnu_cxx::__normal_iterator<AABB*, std::vector<AABB, std::allocator<AABB> > >::base() const
1153 80 4 1 0 0 0 40 0 0 0 0 0 0
1154 60 0 0 60 0 0 0 0 0 0 0 0 0
fn=__gnu_cxx::__normal_iterator<AABB*, std::vector<AABB, std::allocator<AABB> > >::difference_type __gnu_cxx::operator-<AABB*, std::vector<AABB, std::allocator<AABB> > >(__gnu_cxx::__normal_iterator<AABB*, std::vector<AABB, std::allocator<AABB> > > const&, __gnu_cxx::__normal_iterator<AABB*, std::vector<AABB, std::allocator<AABB> > > const&)
1325 70 0 0 0 0 0 40 0 0 0 0 0 0
1328 160 0 0 70 0 0 20 0 0 0 0 0 0
fn=__gnu_cxx::__normal_iterator<AABB*, std::vector<AABB, std::allocator<AABB> > >::operator*() const
1090 64 0 0 0 0 0 32 0 0 0 0 0 0
1091 64 12 1 64 0 0 0 0 0 0 0 0 0
fn=__gnu_cxx::__normal_iterator<AABB*, std::vector<AABB, std::allocator<AABB> > >::operator-(long) const
1148 144 0 0 16 0 0 64 0 0 0 0 0 0
1149 336 8 1 128 0 0 32 0 0 16 4 0 0
fn=__gnu_cxx::__normal_iterator<MaterialID*, std::vector<MaterialID, std::allocator<MaterialID> > >::__normal_iterator(MaterialID* const&)
1067 240 18 1 0 0 0 144 0 0 0 0 0 0
1068 336 0 0 240 0 0 48 0 0 0 0 0 0
fn=__gnu_cxx::__normal_iterator<MaterialID*, std::vector<MaterialID, std::allocator<MaterialID> > >::base() const
1153 48 1 1 0 0 0 24 0 0 0 0 0 0
1154 36 0 0 36 0 0 0 0 0 0 0 0 0
fn=__gnu_cxx::__normal_iterator<MaterialID*, std::vector<MaterialID, std::allocator<MaterialID> > >::difference_type __gnu_cxx::operator-<MaterialID*, std::vector<MaterialID, std::allocator<MaterialID> > >(__gnu_cxx::__normal_iterator<MaterialID*, std::vector<MaterialID, std::allocator<MaterialID> > > const&, __gnu_cxx::__normal_iterator<MaterialID*, std::vector<MaterialID, std::allocator<MaterialID> > > const&)
1325 42 0 0 0 0 0 24 0 0 0 0 0 0
1328 90 0 0 42 0 0 12 0 0 0 0 0 0
fn=__gnu_cxx::__normal_iterator<MaterialID*, std::vector<MaterialID, std::allocator<MaterialID> > >::operator*() const
1090 72 0 0 0 0 0 36 0 0 0 0 0 0
1091 72 0 0 72 0 0 0 0 0 0 0 0 0
fn=__gnu_cxx::__normal_iterator<MaterialID*, std::vector<MaterialID, std::allocator<MaterialID> > >::operator-(long) const
1148 162 19 1 18 0 0 72 0 0 0 0 0 0
1149 324 17 1 144 0 0 36 0 0 18 9 0 0
fn=__gnu_cxx::__normal_iterator<double*, std::vector<double, std::allocator<double> > >::__normal_iterator(double* const&)
1067 1110 13 2 0 0 0 666 0 0 0 0 0 0
1068 1554 0 0 1110 0 0 222 0 0 0 0 0 0
fn=__gnu_cxx::__normal_iterator<double*, std::vector<double, std::allocator<double> > >::base() const
1153 760 1 1 0 0 0 380 0 0 0 0 0 0
1154 570 0 0 570 0 0 0 0 0 0 0 0 0
fn=__gnu_cxx::__normal_iterator<double*, std::vector<double, std::allocator<double> > >::difference_type __gnu_cxx::operator-<double*, std::vector<double, std::allocator<double> > >(__gnu_cxx::__normal_iterator<double*, std::vector<double, std::allocator<double> > > const&, __gnu_cxx::__normal_iterator<double*, std::vector<double, std::allocator<double> > > const&)
1325 665 0 0 0 0 0 380 0 0 0 0 0 0
1328 1425 0 0 665 0 0 190 0 0 0 0 0 0
fn=__gnu_cxx::__normal_iterator<double*, std::vector<double, std::allocator<double> > >::operator*() const
1090 64 0 0 0 0 0 32 0 0 0 0 0 0
1091 64 0 0 64 0 0 0 0 0 0 0 0 0
fn=__gnu_cxx::__normal_iterator<double*, std::vector<double, std::allocator<double> > >::operator-(long) const
1148 144 2 1 16 0 0 64 0 0 0 0 0 0
1149 288 6 0 128 0 0 32 0 0 16 3 0 0
fn=__gnu_cxx::__normal_iterator<int*, std::vector<int, std::allocator<int> > >::__normal_iterator(int* const&)
1067 50 5 1 0 0 0 30 0 0 0 0 0 0
1068 70 0 0 50 0 0 10 0 0 0 0 0 0
fn=__gnu_cxx::__normal_iterator<int*, std::vector<int, std::allocator<int> > >::base() const
1153 40 5 1 0 0 0 20 0 0 0 0 0 0
1154 30 5 1 30 0 0 0 0 0 0 0 0 0
fn=__gnu_cxx::__normal_iterator<int*, std::vector<int, std::allocator<int> > >::difference_type __gnu_cxx::operator-<int*, std::vector<int, std::allocator<int> > >(__gnu_cxx::__normal_iterator<int*, std::vector<int, std::allocator<int> > > const&, __gnu_cxx::__normal_iterator<int*, std::vector<int, std::allocator<int> > > const&)
1325 35 1 1 0 0 0 20 0 0 0 0 0 0
1328 75 0 0 35 0 0 10 0 0 0 0 0 0
fn=__gnu_cxx::__normal_iterator<std::__cxx11::basic_string<char, std::char_traits<char>, std::allocator<char> >*, std::vector<std::__cxx11::basic_string<char, std::char_traits<char>, std::allocator<char> >, std::allocator<std::__cxx11::basic_string<char, std::char_traits<char>, std::allocator<char> > > > >::__normal_iterator(std::__cxx11::basic_string<char, std::char_traits<char>, std::allocator<char> >* const&)
1067 240 8 2 0 0 0 144 0 0 0 0 0 0
1068 336 0 0 240 0 0 48 0 0 0 0 0 0
fn=__gnu_cxx::__normal_iterator<std::__cxx11::basic_string<char, std::char_traits<char>, std::allocator<char> >*, std::vector<std::__cxx11::basic_string<char, std::char_traits<char>, std::allocator<char> >, std::allocator<std::__cxx11::basic_string<char, std::char_traits<char>, std::allocator<char> > > > >::base() const
1153 48 4 1 0 0 0 24 0 0 0 0 0 0
1154 36 0 0 36 0 0 0 0 0 0 0 0 0
fn=__gnu_cxx::__normal_iterator<std::__cxx11::basic_string<char, std::char_traits<char>, std::allocator<char> >*, std::vector<std::__cxx11::basic_string<char, std::char_traits<char>, std::allocator<char> >, std::allocator<std::__cxx11::basic_string<char, std::char_traits<char>, std::allocator<char> > > > >::difference_type __gnu_cxx::operator-<std::__cxx11::basic_string<char, std::char_traits<char>, std::allocator<char> >*, std::vector<std::__cxx11::basic_string<char, std::char_traits<char>, std::allocator<char> >, std::allocator<std::__cxx11::basic_string<char, std::char_traits<char>, std::allocator<char> > > > >(__gnu_cxx::__normal_iterator<std::__cxx11::basic_string<char, std::char_traits<char>, std::allocator<char> >*, std::vector<std::__cxx11::basic_string<char, std::char_traits<char>, std::allocator<char> >, std::allocator<std::__cxx11::basic_string<char, std::char_traits<char>, std::allocator<char> > > > > const&, __gnu_cxx::__normal_iterator<std::__cxx11::basic_string<char, std::char_traits<char>, std::allocator<char> >*, std::vector<std::__cxx11::basic_string<char, std::char_traits<char>, std::allocator<char> >, std::allocator<std::__cxx11::basic_string<char, std::char_traits<char>, std::allocator<char> > > > > const&)
1325 42 0 0 0 0 0 24 0 0 0 0 0 0
1328 90 0 0 42 0 0 12 0 0 0 0 0 0
fn=__gnu_cxx::__normal_iterator<std::__cxx11::basic_string<char, std::char_traits<char>, std::allocator<char> >*, std::vector<std::__cxx11::basic_string<char, std::char_traits<char>, std::allocator<char> >, std::allocator<std::__cxx11::basic_string<char, std::char_traits<char>, std::allocator<char> > > > >::operator*() const
1090 72 0 0 0 0 0 36 0 0 0 0 0 0
1091 72 0 0 72 0 0 0 0 0 0 0 0 0
fn=__gnu_cxx::__normal_iterator<std::__cxx11::basic_string<char, std::char_traits<char>, std::allocator<char> >*, std::vector<std::__cxx11::basic_string<char, std::char_traits<char>, std::allocator<char> >, std::allocator<std::__cxx11::basic_string<char, std::char_traits<char>, std::allocator<char> > > > >::operator-(long) const
1148 162 9 1 18 0 0 72 0 0 0 0 0 0
1149 324 13 1 144 0 0 36 0 0 18 4 0 0
fn=__gnu_cxx::__normal_iterator<std::basic_string_view<char, std::char_traits<char> > const*, std::vector<std::basic_string_view<char, std::char_traits<char> >, std::allocator<std::basic_string_view<char, std::char_traits<char> > > > >::__normal_iterator(std::basic_string_view<char, std::char_traits<char> > const* const&)
1067 620 16 2 0 0 0 372 0 0 0 0 0 0
1068 868 0 0 620 0 0 124 0 0 0 0 0 0
fn=__gnu_cxx::__normal_iterator<std::basic_string_view<char, std::char_traits<char> > const*, std::vector<std::basic_string_view<char, std::char_traits<char> >, std::allocator<std::basic_string_view<char, std::char_traits<char> > > > >::base() const
1153 496 0 0 0 0 0 248 0 0 0 0 0 0
1154 372 0 0 372 0 0 0 0 0 0 0 0 0
fn=__gnu_cxx::__normal_iterator<std::basic_string_view<char, std::char_traits<char> >*, std::vector<std::basic_string_view<char, std::char_traits<char> >, std::allocator<std::basic_string_view<char, std::char_traits<char> > > > >::__normal_iterator(std::basic_string_view<char, std::char_traits<char> >* const&)
1067 5440 2 1 0 0 0 3264 0 0 0 0 0 0
1068 7616 4 1 5440 0 0 1088 0 0 0 0 0 0
fn=__gnu_cxx::__normal_iterator<std::basic_string_view<char, std::char_traits<char> >*, std::vector<std::basic_string_view<char, std::char_traits<char> >, std::allocator<std::basic_string_view<char, std::char_traits<char> > > > >::base() const
1153 1928 5 1 0 0 0 964 0 0 0 0 0 0
1154 1446 0 0 1446 0 0 0 0 0 0 0 0 0
fn=__gnu_cxx::__normal_iterator<std::basic_string_view<char, std::char_traits<char> >*, std::vector<std::basic_string_view<char, std::char_traits<char> >, std::allocator<std::basic_string_view<char, std::char_traits<char> > > > >::difference_type __gnu_cxx::operator-<std::basic_string_view<char, std::char_traits<char> >*, std::vector<std::basic_string_view<char, std::char_traits<char> >, std::allocator<std::basic_string_view<char, std::char_traits<char> > > > >(__gnu_cxx::__normal_iterator<std::basic_string_view<char, std::char_traits<char> >*, std::vector<std::basic_string_view<char, std::char_traits<char> >, std::allocator<std::basic_string_view<char, std::char_traits<char> > > > > const&, __gnu_cxx::__normal_iterator<std::basic_string_view<char, std::char_traits<char> >*, std::vector<std::basic_string_view<char, std::char_traits<char> >, std::allocator<std::basic_string_view<char, std::char_traits<char> > > > > const&)
1325 1687 0 0 0 0 0 964 0 0 0 0 0 0
1328 3615 0 0 1687 0 0 482 0 0 0 0 0 0
fn=__gnu_cxx::__normal_iterator<std::basic_string_view<char, std::char_traits<char> >*, std::vector<std::basic_string_view<char, std::char_traits<char> >, std::allocator<std::basic_string_view<char, std::char_traits<char> > > > >::operator*() const
1090 1212 0 0 0 0 0 606 0 0 0 0 0 0
1091 1212 0 0 1212 0 0 0 0 0 0 0 0 0
fn=__gnu_cxx::__normal_iterator<std::basic_string_view<char, std::char_traits<char> >*, std::vector<std::basic_string_view<char, std::char_traits<char> >, std::allocator<std::basic_string_view<char, std::char_traits<char> > > > >::operator-(long) const
1148 2727 4 1 303 0 0 1212 0 0 0 0 0 0
1149 5454 6 1 2424 0 0 606 0 0 303 6 0 0
fn=__gnu_cxx::__normal_iterator<unsigned char const*, std::vector<unsigned char, std::allocator<unsigned char> > >::__normal_iterator(unsigned char const* const&)
1067 30 1 1 0 0 0 18 0 0 0 0 0 0
1068 42 0 0 30 0 0 6 0 0 0 0 0 0
fn=__gnu_cxx::__normal_iterator<unsigned char const*, std::vector<unsigned char, std::allocator<unsigned char> > >::base() const
1153 24 0 0 0 0 0 12 0 0 0 0 0 0
1154 18 0 0 18 0 0 0 0 0 0 0 0 0
fn=__gnu_cxx::__normal_iterator<unsigned int*, std::vector<unsigned int, std::allocator<unsigned int> > >::__normal_iterator(unsigned int* const&)
1067 210 3 1 0 0 0 126 0 0 0 0 0 0
1068 294 16 1 210 0 0 42 0 0 0 0 0 0
fn=__gnu_cxx::__normal_iterator<unsigned int*, std::vector<unsigned int, std::allocator<unsigned int> > >::base() const
1153 40 3 1 0 0 0 20 0 0 0 0 0 0
1154 30 0 0 30 0 0 0 0 0 0 0 0 0
fn=__gnu_cxx::__normal_iterator<unsigned int*, std::vector<unsigned int, std::allocator<unsigned int> > >::difference_type __gnu_cxx::operator-<unsigned int*, std::vector<unsigned int, std::allocator<unsigned int> > >(__gnu_cxx::__normal_iterator<unsigned int*, std::vector<unsigned int, std::allocator<unsigned int> > > const&, __gnu_cxx::__normal_iterator<unsigned int*, std::vector<unsigned int, std::allocator<unsigned int> > > const&)
1325 35 0 0 0 0 0 20 0 0 0 0 0 0
1328 75 0 0 35 0 0 10 0 0 0 0 0 0
fn=__gnu_cxx::__normal_iterator<unsigned int*, std::vector<unsigned int, std::allocator<unsigned int> > >::operator*() const
1090 64 7 1 0 0 0 32 0 0 0 0 0 0
1091 64 0 0 64 0 0 0 0 0 0 0 0 0
fn=__gnu_cxx::__normal_iterator<unsigned int*, std::vector<unsigned int, std::allocator<unsigned int> > >::operator-(long) const
1148 144 1 0 16 0 0 64 0 0 0 0 0 0
1149 288 4 1 128 0 0 32 0 0 16 4 0 0
fn=bool __gnu_cxx::operator==<std::basic_string_view<char, std::char_traits<char> > const*, std::vector<std::basic_string_view<char, std::char_traits<char> >, std::allocator<std::basic_string_view<char, std::char_traits<char> > > > >(__gnu_cxx::__normal_iterator<std::basic_string_view<char, std::char_traits<char> > const*, std::vector<std::basic_string_view<char, std::char_traits<char> >, std::allocator<std::basic_string_view<char, std::char_traits<char> > > > > const&, __gnu_cxx::__normal_iterator<std::basic_string_view<char, std::char_traits<char> > const*, std::vector<std::basic_string_view<char, std::char_traits<char> >, std::allocator<std::basic_string_view<char, std::char_traits<char> > > > > const&)
1188 434 10 1 0 0 0 248 0 0 0 0 0 0
1194 806 0 0 434 0 0 124 0 0 0 0 0 0
fn=unsigned char const* std::__niter_base<unsigned char const*, std::vector<unsigned char, std::allocator<unsigned char> > >(__gnu_cxx::__normal_iterator<unsigned char const*, std::vector<unsigned char, std::allocator<unsigned char> > >)
1348 30 0 0 0 0 0 12 0 0 0 0 0 0
1350 36 0 0 18 0 0 6 0 0 0 0 0 0
fl=/usr/include/c++/14/bits/stl_iterator_base_funcs.h
fn=void std::__cxx11::basic_string<char, std::char_traits<char>, std::allocator<char> >::_M_construct<char const*>(char const*, char const*, std::forward_iterator_tag)
106 44 0 0 44 0 0 0 0 0 0 0 0 0
151 88 0 0 44 0 0 44 0 0 0 0 0 0
152 22 0 0 0 0 0 0 0 0 0 0 0 0
fn=void std::vector<std::__cxx11::basic_string<char, std::char_traits<char>, std::allocator<char> >, std::allocator<std::__cxx11::basic_string<char, std::char_traits<char>, std::allocator<char> > > >::_M_range_initialize<char**>(char**, char**, std::forward_iterator_tag)
106 3 1 1 2 0 0 0 0 0 0 0 0 0
151 4 0 0 2 0 0 2 0 0 0 0 0 0
152 1 0 0 0 0 0 0 0 0 0 0 0 0
fl=/usr/include/c++/14/bits/stl_iterator_base_types.h
fn=std::vector<std::__cxx11::basic_string<char, std::char_traits<char>, std::allocator<char> >, std::allocator<std::__cxx11::basic_string<char, std::char_traits<char>, std::allocator<char> > > >::vector<char**, void>(char**, char**, std::allocator<std::__cxx11::basic_string<char, std::char_traits<char>, std::allocator<char> > > const&)
240 1 0 0 0 0 0 0 0 0 0 0 0 0
fn=unsigned char* std::fill_n<unsigned char*, unsigned long, unsigned char>(unsigned char*, unsigned long, unsigned char const&)
240 3 0 0 0 0 0 0 0 0 0 0 0 0
fn=void std::__cxx11::basic_string<char, std::char_traits<char>, std::allocator<char> >::_M_construct<char const*>(char const*, char const*, std::forward_iterator_tag)
240 22 0 0 0 0 0 0 0 0 0 0 0 0
fn=void std::vector<std::__cxx11::basic_string<char, std::char_traits<char>, std::allocator<char> >, std::allocator<std::__cxx11::basic_string<char, std::char_traits<char>, std::allocator<char> > > >::_M_range_initialize<char**>(char**, char**, std::forward_iterator_tag)
240 1 0 0 0 0 0 0 0 0 0 0 0 0
fl=/usr/include/c++/14/bits/stl_pair.h
fn=std::pair<std::__detail::_Node_iterator<std::pair<std::basic_string_view<char, std::char_traits<char> > const, std::function<bool (std::vector<std::basic_string_view<char, std::char_traits<char> >, std::allocator<std::basic_string_view<char, std::char_traits<char> > > > const&, ConfigSettings&)> >, false, true>, bool>::pair<std::__detail::_Node_iterator<std::pair<std::basic_string_view<char, std::char_traits<char> > const, std::function<bool (std::vector<std::basic_string_view<char, std::char_traits<char> >, std::allocator<std::basic_string_view<char, std::char_traits<char> > > > const&, ConfigSettings&)> >, false, true>&, bool>(std::__detail::_Node_iterator<std::pair<std::basic_string_view<char, std::char_traits<char> > const, std::function<bool (std::vector<std::basic_string_view<char, std::char_traits<char> >, std::allocator<std::basic_string_view<char, std::char_traits<char> > > > const&, ConfigSettings&)> >, false, true>&, bool&&)
442 91 0 0 0 0 0 52 0 0 0 0 0 0
444 156 1 1 78 0 0 52 0 0 0 0 0 0
445 39 0 0 26 0 0 0 0 0 0 0 0 0
fn=std::pair<std::basic_string_view<char, std::char_traits<char> > const, std::function<bool (std::vector<std::basic_string_view<char, std::char_traits<char> >, std::allocator<std::basic_string_view<char, std::char_traits<char> > > > const&, ConfigSettings&)> >::pair(std::basic_string_view<char, std::char_traits<char> > const&, std::function<bool (std::vector<std::basic_string_view<char, std::char_traits<char> >, std::allocator<std::basic_string_view<char, std::char_traits<char> > > > const&, ConfigSettings&)> const&)
428 91 1 1 0 0 0 52 0 0 0 0 0 0
431 156 1 1 78 0 0 39 0 0 0 0 0 0
432 39 0 0 26 0 0 0 0 0 0 0 0 0
fn=std::pair<std::basic_string_view<char, std::char_traits<char> > const, std::function<bool (std::vector<std::basic_string_view<char, std::char_traits<char> >, std::allocator<std::basic_string_view<char, std::char_traits<char> > > > const&, ConfigSettings&)> >::pair<char const (&) [11], bool (&)(std::vector<std::basic_string_view<char, std::char_traits<char> >, std::allocator<std::basic_string_view<char, std::char_traits<char> > > > const&, ConfigSettings&)>(char const (&) [11], bool (&)(std::vector<std::basic_string_view<char, std::char_traits<char> >, std::allocator<std::basic_string_view<char, std::char_traits<char> > > > const&, ConfigSettings&))
442 8 1 1 0 0 0 5 0 0 0 0 0 0
444 15 1 1 4 0 0 4 0 0 0 0 0 0
445 4 0 0 3 0 0 0 0 0 0 0 0 0
fn=std::pair<std::basic_string_view<char, std::char_traits<char> > const, std::function<bool (std::vector<std::basic_string_view<char, std::char_traits<char> >, std::allocator<std::basic_string_view<char, std::char_traits<char> > > > const&, ConfigSettings&)> >::pair<char const (&) [13], bool (&)(std::vector<std::basic_string_view<char, std::char_traits<char> >, std::allocator<std::basic_string_view<char, std::char_traits<char> > > > const&, ConfigSettings&)>(char const (&) [13], bool (&)(std::vector<std::basic_string_view<char, std::char_traits<char> >, std::allocator<std::basic_string_view<char, std::char_traits<char> > > > const&, ConfigSettings&))
442 8 0 0 0 0 0 5 0 0 0 0 0 0
444 15 1 1 4 0 0 4 0 0 0 0 0 0
445 4 0 0 3 0 0 0 0 0 0 0 0 0
fn=std::pair<std::basic_string_view<char, std::char_traits<char> > const, std::function<bool (std::vector<std::basic_string_view<char, std::char_traits<char> >, std::allocator<std::basic_string_view<char, std::char_traits<char> > > > const&, ConfigSettings&)> >::pair<char const (&) [14], bool (&)(std::vector<std::basic_string_view<char, std::char_traits<char> >, std::allocator<std::basic_string_view<char, std::char_traits<char> > > > const&, ConfigSettings&)>(char const (&) [14], bool (&)(std::vector<std::basic_string_view<char, std::char_traits<char> >, std::allocator<std::basic_string_view<char, std::char_traits<char> > > > const&, ConfigSettings&))
442 24 2 2 0 0 0 15 0 0 0 0 0 0
444 45 1 1 12 0 0 12 0 0 0 0 0 0
445 12 0 0 9 0 0 0 0 0 0 0 0 0
fn=std::pair<std::basic_string_view<char, std::char_traits<char> > const, std::function<bool (std::vector<std::basic_string_view<char, std::char_traits<char> >, std::allocator<std::basic_string_view<char, std::char_traits<char> > > > const&, ConfigSettings&)> >::pair<char const (&) [15], bool (&)(std::vector<std::basic_string_view<char, std::char_traits<char> >, std::allocator<std::basic_string_view<char, std::char_traits<char> > > > const&, ConfigSettings&)>(char const (&) [15], bool (&)(std::vector<std::basic_string_view<char, std::char_traits<char> >, std::allocator<std::basic_string_view<char, std::char_traits<char> > > > const&, ConfigSettings&))
442 16 1 1 0 0 0 10 0 0 0 0 0 0
444 30 0 0 8 0 0 8 0 0 0 0 0 0
445 8 1 1 6 0 0 0 0 0 0 0 0 0
fn=std::pair<std::basic_string_view<char, std::char_traits<char> > const, std::function<bool (std::vector<std::basic_string_view<char, std::char_traits<char> >, std::allocator<std::basic_string_view<char, std::char_traits<char> > > > const&, ConfigSettings&)> >::pair<char const (&) [17], bool (&)(std::vector<std::basic_string_view<char, std::char_traits<char> >, std::allocator<std::basic_string_view<char, std::char_traits<char> > > > const&, ConfigSettings&)>(char const (&) [17], bool (&)(std::vector<std::basic_string_view<char, std::char_traits<char> >, std::allocator<std::basic_string_view<char, std::char_traits<char> > > > const&, ConfigSettings&))
442 8 1 1 0 0 0 5 0 0 0 0 0 0
444 15 1 1 4 0 0 4 0 0 0 0 0 0
445 4 0 0 3 0 0 0 0 0 0 0 0 0
fn=std::pair<std::basic_string_view<char, std::char_traits<char> > const, std::function<bool (std::vector<std::basic_string_view<char, std::char_traits<char> >, std::allocator<std::basic_string_view<char, std::char_traits<char> > > > const&, ConfigSettings&)> >::pair<char const (&) [19], bool (&)(std::vector<std::basic_string_view<char, std::char_traits<char> >, std::allocator<std::basic_string_view<char, std::char_traits<char> > > > const&, ConfigSettings&)>(char const (&) [19], bool (&)(std::vector<std::basic_string_view<char, std::char_traits<char> >, std::allocator<std::basic_string_view<char, std::char_traits<char> > > > const&, ConfigSettings&))
442 16 0 0 0 0 0 10 0 0 0 0 0 0
444 30 1 1 8 0 0 8 0 0 0 0 0 0
445 8 0 0 6 0 0 0 0 0 0 0 0 0
fn=std::pair<std::basic_string_view<char, std::char_traits<char> > const, std::function<bool (std::vector<std::basic_string_view<char, std::char_traits<char> >, std::allocator<std::basic_string_view<char, std::char_traits<char> > > > const&, ConfigSettings&)> >::pair<char const (&) [23], bool (&)(std::vector<std::basic_string_view<char, std::char_traits<char> >, std::allocator<std::basic_string_view<char, std::char_traits<char> > > > const&, ConfigSettings&)>(char const (&) [23], bool (&)(std::vector<std::basic_string_view<char, std::char_traits<char> >, std::allocator<std::basic_string_view<char, std::char_traits<char> > > > const&, ConfigSettings&))
442 8 1 1 0 0 0 5 0 0 0 0 0 0
444 15 1 1 4 0 0 4 0 0 0 0 0 0
445 4 0 0 3 0 0 0 0 0 0 0 0 0
fn=std::pair<std::basic_string_view<char, std::char_traits<char> > const, std::function<bool (std::vector<std::basic_string_view<char, std::char_traits<char> >, std::allocator<std::basic_string_view<char, std::char_traits<char> > > > const&, ConfigSettings&)> >::pair<char const (&) [24], bool (&)(std::vector<std::basic_string_view<char, std::char_traits<char> >, std::allocator<std::basic_string_view<char, std::char_traits<char> > > > const&, ConfigSettings&)>(char const (&) [24], bool (&)(std::vector<std::basic_string_view<char, std::char_traits<char> >, std::allocator<std::basic_string_view<char, std::char_traits<char> > > > const&, ConfigSettings&))
442 8 0 0 0 0 0 5 0 0 0 0 0 0
444 15 1 1 4 0 0 4 0 0 0 0 0 0
445 4 0 0 3 0 0 0 0 0 0 0 0 0
fn=std::pair<std::basic_string_view<char, std::char_traits<char> > const, std::function<bool (std::vector<std::basic_string_view<char, std::char_traits<char> >, std::allocator<std::basic_string_view<char, std::char_traits<char> > > > const&, ConfigSettings&)> >::pair<char const (&) [7], bool (&)(std::vector<std::basic_string_view<char, std::char_traits<char> >, std::allocator<std::basic_string_view<char, std::char_traits<char> > > > const&, ConfigSettings&)>(char const (&) [7], bool (&)(std::vector<std::basic_string_view<char, std::char_traits<char> >, std::allocator<std::basic_string_view<char, std::char_traits<char> > > > const&, ConfigSettings&))
442 8 1 1 0 0 0 5 0 0 0 0 0 0
444 15 1 1 4 0 0 4 0 0 0 0 0 0
445 4 0 0 3 0 0 0 0 0 0 0 0 0
fn=std::pair<std::basic_string_view<char, std::char_traits<char> > const, std::function<bool (std::vector<std::basic_string_view<char, std::char_traits<char> >, std::allocator<std::basic_string_view<char, std::char_traits<char> > > > const&, ConfigSettings&)> >::~pair()
284 312 1 0 78 0 0 78 0 0 0 0 0 0
fn=std::pair<unsigned int, unsigned int>::operator=(std::pair<unsigned int, unsigned int> const&)
591 5 1 1 0 0 0 3 0 0 0 0 0 0
595 4 0 0 3 1 1 1 0 0 0 0 0 0
596 4 1 1 3 0 0 1 0 0 0 0 0 0
597 1 0 0 1 0 0 0 0 0 0 0 0 0
598 2 0 0 2 0 0 0 0 0 0 0 0 0
fn=std::pair<unsigned int, unsigned int>::pair()
346 4 0 0 0 0 0 2 0 0 0 0 0 0
349 4 0 0 2 0 0 2 0 0 0 0 0 0
350 3 0 0 2 0 0 0 0 0 0 0 0 0
fn=std::pair<unsigned int, unsigned int>::pair<unsigned int, unsigned int>(std::pair<unsigned int, unsigned int>&)
492 5 0 0 0 0 0 3 0 0 0 0 0 0
494 8 0 0 6 0 0 2 0 0 0 0 0 0
495 3 0 0 2 0 0 0 0 0 0 0 0 0
fl=/usr/include/c++/14/bits/stl_uninitialized.h
fn=AABB* std::__relocate_a<AABB*, AABB*, std::allocator<AABB> >(AABB*, AABB*, AABB*, std::allocator<AABB>&)
1139 100 10 1 0 0 0 70 0 0 0 0 0 0
1145 170 5 1 40 0 0 40 0 0 0 0 0 0
1148 50 0 0 40 0 0 0 0 0 0 0 0 0
fn=AABB* std::__relocate_a_1<AABB*, AABB*, std::allocator<AABB> >(AABB*, AABB*, AABB*, std::allocator<AABB>&)
1089 90 0 0 0 0 0 60 0 0 0 0 0 0
1101 20 0 0 10 0 0 10 0 0 0 0 0 0
1102 190 6 1 140 0 0 0 0 0 40 13 0 0
1103 390 0 0 90 0 0 90 0 0 0 0 0 0
1105 10 0 0 10 0 0 0 0 0 0 0 0 0
1106 30 0 0 30 0 0 0 0 0 0 0 0 0
fn=MaterialID* std::__relocate_a<MaterialID*, MaterialID*, std::allocator<MaterialID> >(MaterialID*, MaterialID*, MaterialID*, std::allocator<MaterialID>&)
1139 60 5 1 0 0 0 42 0 0 0 0 0 0
1145 102 4 1 24 0 0 24 0 0 0 0 0 0
1148 30 0 0 24 0 0 0 0 0 0 0 0 0
fn=double* std::__relocate_a<double*, double*, std::allocator<double> >(double*, double*, double*, std::allocator<double>&)
1139 950 0 0 0 0 0 665 0 0 0 0 0 0
1145 1615 4 1 380 0 0 380 0 0 0 0 0 0
1148 475 0 0 380 0 0 0 0 0 0 0 0 0
fn=int* std::__relocate_a<int*, int*, std::allocator<int> >(int*, int*, int*, std::allocator<int>&)
1139 50 0 0 0 0 0 35 0 0 0 0 0 0
1145 85 0 0 20 0 0 20 0 0 0 0 0 0
1148 25 0 0 20 0 0 0 0 0 0 0 0 0
fn=std::__cxx11::basic_string<char, std::char_traits<char>, std::allocator<char> >* std::__do_uninit_copy<char**, std::__cxx11::basic_string<char, std::char_traits<char>, std::allocator<char> >*>(char**, char**, std::__cxx11::basic_string<char, std::char_traits<char>, std::allocator<char> >*)
113 8 0 0 0 0 0 5 0 0 0 0 0 0
116 2 0 0 1 0 0 1 0 0 0 0 0 0
119 24 1 1 18 0 0 0 0 0 5 3 0 0
120 32 0 0 8 0 0 8 0 0 0 0 0 0
121 2 0 0 1 0 0 0 0 0 0 0 0 0
128 3 0 0 3 0 0 0 0 0 0 0 0 0
fn=std::__cxx11::basic_string<char, std::char_traits<char>, std::allocator<char> >* std::__relocate_a<std::__cxx11::basic_string<char, std::char_traits<char>, std::allocator<char> >*, std::__cxx11::basic_string<char, std::char_traits<char>, std::allocator<char> >*, std::allocator<std::__cxx11::basic_string<char, std::char_traits<char>, std::allocator<char> > > >(std::__cxx11::basic_string<char, std::char_traits<char>, std::allocator<char> >*, std::__cxx11::basic_string<char, std::char_traits<char>, std::allocator<char> >*, std::__cxx11::basic_string<char, std::char_traits<char>, std::allocator<char> >*, std::allocator<std::__cxx11::basic_string<char, std::char_traits<char>, std::allocator<char> > >&)
1139 60 4 1 0 0 0 42 0 0 0 0 0 0
1145 102 4 1 24 0 0 24 0 0 0 0 0 0
1148 30 0 0 24 0 0 0 0 0 0 0 0 0
fn=std::__cxx11::basic_string<char, std::char_traits<char>, std::allocator<char> >* std::__relocate_a_1<std::__cxx11::basic_string<char, std::char_traits<char>, std::allocator<char> >*, std::__cxx11::basic_string<char, std::char_traits<char>, std::allocator<char> >*, std::allocator<std::__cxx11::basic_string<char, std::char_traits<char>, std::allocator<char> > > >(std::__cxx11::basic_string<char, std::char_traits<char>, std::allocator<char> >*, std::__cxx11::basic_string<char, std::char_traits<char>, std::allocator<char> >*, std::__cxx11::basic_string<char, std::char_traits<char>, std::allocator<char> >*, std::allocator<std::__cxx11::basic_string<char, std::char_traits<char>, std::allocator<char> > >&)
1089 54 1 1 0 0 0 36 0 0 0 0 0 0
1101 12 0 0 6 0 0 6 0 0 0 0 0 0
1102 179 3 1 136 0 0 0 0 0 37 7 0 0
1103 403 0 0 93 0 0 93 0 0 0 0 0 0
1105 6 0 0 6 0 0 0 0 0 0 0 0 0
1106 18 0 0 18 0 0 0 0 0 0 0 0 0
fn=std::__cxx11::basic_string<char, std::char_traits<char>, std::allocator<char> >* std::__uninitialized_copy<false>::__uninit_copy<char**, std::__cxx11::basic_string<char, std::char_traits<char>, std::allocator<char> >*>(char**, char**, std::__cxx11::basic_string<char, std::char_traits<char>, std::allocator<char> >*)
135 7 1 1 0 0 0 4 0 0 0 0 0 0
137 8 1 1 5 0 0 1 0 0 0 0 0 0
fn=std::__cxx11::basic_string<char, std::char_traits<char>, std::allocator<char> >* std::__uninitialized_copy_a<char**, std::__cxx11::basic_string<char, std::char_traits<char>, std::allocator<char> >*, std::__cxx11::basic_string<char, std::char_traits<char>, std::allocator<char> > >(char**, char**, std::__cxx11::basic_string<char, std::char_traits<char>, std::allocator<char> >*, std::allocator<std::__cxx11::basic_string<char, std::char_traits<char>, std::allocator<char> > >&)
366 8 1 1 0 0 0 5 0 0 0 0 0 0
370 3 0 0 0 0 0 1 0 0 1 1 0 0
373 7 0 0 3 0 0 1 0 0 0 0 0 0
374 2 1 1 2 0 0 0 0 0 0 0 0 0
fn=std::__cxx11::basic_string<char, std::char_traits<char>, std::allocator<char> >* std::uninitialized_copy<char**, std::__cxx11::basic_string<char, std::char_traits<char>, std::allocator<char> >*>(char**, char**, std::__cxx11::basic_string<char, std::char_traits<char>, std::allocator<char> >*)
163 7 1 1 0 0 0 4 0 0 0 0 0 0
174 1 0 0 0 0 0 1 0 0 0 0 0 0
181 1 0 0 0 0 0 1 0 0 0 0 0 0
185 6 1 1 3 0 0 1 0 0 0 0 0 0
186 2 0 0 2 0 0 0 0 0 0 0 0 0
fn=std::basic_string_view<char, std::char_traits<char> >* std::__relocate_a<std::basic_string_view<char, std::char_traits<char> >*, std::basic_string_view<char, std::char_traits<char> >*, std::allocator<std::basic_string_view<char, std::char_traits<char> > > >(std::basic_string_view<char, std::char_traits<char> >*, std::basic_string_view<char, std::char_traits<char> >*, std::basic_string_view<char, std::char_traits<char> >*, std::allocator<std::basic_string_view<char, std::char_traits<char> > >&)
1139 2410 4 2 0 0 0 1687 0 0 0 0 0 0
1145 4097 0 0 964 0 0 964 0 0 0 0 0 0
1148 1205 0 0 964 0 0 0 0 0 0 0 0 0
fn=std::basic_string_view<char, std::char_traits<char> >* std::__relocate_a_1<std::basic_string_view<char, std::char_traits<char> >*, std::basic_string_view<char, std::char_traits<char> >*, std::allocator<std::basic_string_view<char, std::char_traits<char> > > >(std::basic_string_view<char, std::char_traits<char> >*, std::basic_string_view<char, std::char_traits<char> >*, std::basic_string_view<char, std::char_traits<char> >*, std::allocator<std::basic_string_view<char, std::char_traits<char> > >&)
1089 2169 11 1 0 0 0 1446 0 0 0 0 0 0
1101 482 0 0 241 0 0 241 0 0 0 0 0 0
1102 3384 5 1 2418 0 0 0 0 0 725 235 0 0
1103 6292 0 0 1452 0 0 1452 0 0 0 0 0 0
1105 241 0 0 241 0 0 0 0 0 0 0 0 0
1106 723 0 0 723 0 0 0 0 0 0 0 0 0
fn=std::enable_if<std::__is_bitwise_relocatable<MaterialID, void>::value, MaterialID*>::type std::__relocate_a_1<MaterialID, MaterialID>(MaterialID*, MaterialID*, MaterialID*, std::allocator<MaterialID>&)
1112 66 6 1 6 0 0 36 0 0 0 0 0 0
1116 24 0 0 12 0 0 6 0 0 0 0 0 0
1117 12 0 0 6 0 0 0 0 0 6 1 0 0
1120 15 0 0 0 0 0 5 0 0 5 2 0 0
1129 45 8 1 15 0 0 5 0 0 0 0 0 0
1131 24 1 1 12 0 0 0 0 0 0 0 0 0
1132 30 1 1 24 0 0 0 0 0 6 6 0 0
fn=std::enable_if<std::__is_bitwise_relocatable<double, void>::value, double*>::type std::__relocate_a_1<double, double>(double*, double*, double*, std::allocator<double>&)
1112 1045 5 1 95 0 0 570 0 0 0 0 0 0
1116 380 0 0 190 0 0 95 0 0 0 0 0 0
1117 190 0 0 95 0 0 0 0 0 95 5 0 0
1120 225 0 0 0 0 0 75 0 0 75 5 0 0
1129 675 7 1 225 0 0 75 0 0 0 0 0 0
1131 380 1 1 190 0 0 0 0 0 0 0 0 0
1132 475 0 0 380 0 0 0 0 0 95 14 0 0
fn=std::enable_if<std::__is_bitwise_relocatable<int, void>::value, int*>::type std::__relocate_a_1<int, int>(int*, int*, int*, std::allocator<int>&)
1112 55 3 1 5 0 0 30 0 0 0 0 0 0
1116 20 0 0 10 0 0 5 0 0 0 0 0 0
1117 10 5 1 5 0 0 0 0 0 5 4 0 0
1120 12 0 0 0 0 0 4 0 0 4 2 0 0
1129 36 4 0 12 0 0 4 0 0 0 0 0 0
1131 20 1 1 10 0 0 0 0 0 0 0 0 0
1132 25 0 0 20 0 0 0 0 0 5 5 0 0
fn=std::enable_if<std::__is_bitwise_relocatable<unsigned int, void>::value, unsigned int*>::type std::__relocate_a_1<unsigned int, unsigned int>(unsigned int*, unsigned int*, unsigned int*, std::allocator<unsigned int>&)
1112 55 5 1 5 0 0 30 0 0 0 0 0 0
1116 20 0 0 10 0 0 5 0 0 0 0 0 0
1117 10 0 0 5 0 0 0 0 0 5 1 0 0
1120 12 4 1 0 0 0 4 0 0 4 1 0 0
1129 36 4 0 12 0 0 4 0 0 0 0 0 0
1131 20 1 1 10 0 0 0 0 0 0 0 0 0
1132 25 5 1 20 0 0 0 0 0 5 4 0 0
fn=unsigned char* std::__uninitialized_copy<true>::__uninit_copy<__gnu_cxx::__normal_iterator<unsigned char const*, std::vector<unsigned char, std::allocator<unsigned char> > >, unsigned char*>(__gnu_cxx::__normal_iterator<unsigned char const*, std::vector<unsigned char, std::allocator<unsigned char> > >, __gnu_cxx::__normal_iterator<unsigned char const*, std::vector<unsigned char, std::allocator<unsigned char> > >, unsigned char*)
145 21 2 2 0 0 0 12 0 0 0 0 0 0
147 24 0 0 15 3 0 3 0 0 0 0 0 0
fn=unsigned char* std::__uninitialized_copy_a<__gnu_cxx::__normal_iterator<unsigned char const*, std::vector<unsigned char, std::allocator<unsigned char> > >, unsigned char*, unsigned char>(__gnu_cxx::__normal_iterator<unsigned char const*, std::vector<unsigned char, std::allocator<unsigned char> > >, __gnu_cxx::__normal_iterator<unsigned char const*, std::vector<unsigned char, std::allocator<unsigned char> > >, unsigned char*, std::allocator<unsigned char>&)
366 24 0 0 0 0 0 15 0 0 0 0 0 0
370 9 0 0 0 0 0 3 0 0 3 2 0 0
373 21 0 0 9 0 0 3 0 0 0 0 0 0
374 6 0 0 6 0 0 0 0 0 0 0 0 0
fn=unsigned char* std::__uninitialized_fill_n<true>::__uninit_fill_n<unsigned char*, unsigned long, unsigned char>(unsigned char*, unsigned long, unsigned char const&)
292 21 2 2 0 0 0 12 0 0 0 0 0 0
294 24 0 0 15 3 0 3 0 0 0 0 0 0
fn=unsigned char* std::__uninitialized_fill_n_a<unsigned char*, unsigned long, unsigned char, unsigned char>(unsigned char*, unsigned long, unsigned char const&, std::allocator<unsigned char>&)
465 24 0 0 0 0 0 15 0 0 0 0 0 0
469 9 0 0 0 0 0 3 0 0 3 0 0 0
472 21 1 1 9 0 0 3 0 0 0 0 0 0
473 6 0 0 6 3 0 0 0 0 0 0 0 0
fn=unsigned char* std::uninitialized_copy<__gnu_cxx::__normal_iterator<unsigned char const*, std::vector<unsigned char, std::allocator<unsigned char> > >, unsigned char*>(__gnu_cxx::__normal_iterator<unsigned char const*, std::vector<unsigned char, std::allocator<unsigned char> > >, __gnu_cxx::__normal_iterator<unsigned char const*, std::vector<unsigned char, std::allocator<unsigned char> > >, unsigned char*)
163 21 1 1 0 0 0 12 0 0 0 0 0 0
174 3 0 0 0 0 0 3 0 0 0 0 0 0
181 3 0 0 0 0 0 3 0 0 0 0 0 0
185 18 0 0 9 0 0 3 0 0 0 0 0 0
186 6 0 0 6 3 0 0 0 0 0 0 0 0
fn=unsigned char* std::uninitialized_fill_n<unsigned char*, unsigned long, unsigned char>(unsigned char*, unsigned long, unsigned char const&)
312 21 2 2 0 0 0 12 0 0 0 0 0 0
319 3 0 0 0 0 0 3 0 0 0 0 0 0
327 18 0 0 9 0 0 3 0 0 0 0 0 0
328 6 0 0 6 3 0 0 0 0 0 0 0 0
fn=unsigned int* std::__relocate_a<unsigned int*, unsigned int*, std::allocator<unsigned int> >(unsigned int*, unsigned int*, unsigned int*, std::allocator<unsigned int>&)
1139 50 3 1 0 0 0 35 0 0 0 0 0 0
1145 85 3 1 20 0 0 20 0 0 0 0 0 0
1148 25 0 0 20 0 0 0 0 0 0 0 0 0
fn=void std::__relocate_object_a<AABB, AABB, std::allocator<AABB> >(AABB*, AABB*, std::allocator<AABB>&)
1067 210 0 0 0 0 0 120 0 0 0 0 0 0
1075 240 0 0 90 0 0 120 0 0 0 0 0 0
1076 180 0 0 60 0 0 90 0 0 0 0 0 0
1077 90 4 0 60 0 0 0 0 0 0 0 0 0
fn=void std::__relocate_object_a<std::__cxx11::basic_string<char, std::char_traits<char>, std::allocator<char> >, std::__cxx11::basic_string<char, std::char_traits<char>, std::allocator<char> >, std::allocator<std::__cxx11::basic_string<char, std::char_traits<char>, std::allocator<char> > > >(std::__cxx11::basic_string<char, std::char_traits<char>, std::allocator<char> >*, std::__cxx11::basic_string<char, std::char_traits<char>, std::allocator<char> >*, std::allocator<std::__cxx11::basic_string<char, std::char_traits<char>, std::allocator<char> > >&)
1067 217 0 0 0 0 0 124 0 0 0 0 0 0
1075 248 0 0 93 0 0 124 0 0 0 0 0 0
1076 186 0 0 62 0 0 93 0 0 0 0 0 0
1077 93 4 1 62 0 0 0 0 0 0 0 0 0
fn=void std::__relocate_object_a<std::basic_string_view<char, std::char_traits<char> >, std::basic_string_view<char, std::char_traits<char> >, std::allocator<std::basic_string_view<char, std::char_traits<char> > > >(std::basic_string_view<char, std::char_traits<char> >*, std::basic_string_view<char, std::char_traits<char> >*, std::allocator<std::basic_string_view<char, std::char_traits<char> > >&)
1067 3388 6 1 0 0 0 1936 0 0 0 0 0 0
1075 3872 0 0 1452 0 0 1936 0 0 0 0 0 0
1076 2904 0 0 968 0 0 1452 0 0 0 0 0 0
1077 1452 0 0 968 0 0 0 0 0 0 0 0 0
fl=/usr/include/c++/14/bits/stl_vector.h
fn=std::_Vector_base<AABB, std::allocator<AABB> >::_M_allocate(unsigned long)
377 90 10 1 10 0 0 40 0 0 0 0 0 0
380 100 0 0 50 0 0 40 0 0 10 1 0 0
381 50 5 1 40 0 0 0 0 0 10 0 0 0
fn=std::_Vector_base<AABB, std::allocator<AABB> >::_M_deallocate(AABB*, unsigned long)
385 14 0 0 0 0 0 8 0 0 0 0 0 0
388 4 0 0 2 0 0 0 0 0 2 0 0 0
389 24 1 1 12 0 0 12 0 0 0 0 0 0
390 6 0 0 4 0 0 0 0 0 0 0 0 0
fn=std::_Vector_base<AABB, std::allocator<AABB> >::_M_get_Tp_allocator()
300 48 5 1 0 0 0 24 0 0 0 0 0 0
301 36 0 0 36 0 0 0 0 0 0 0 0 0
fn=std::_Vector_base<AABB, std::allocator<AABB> >::_M_get_Tp_allocator() const
305 80 4 1 0 0 0 40 0 0 0 0 0 0
306 60 0 0 60 0 0 0 0 0 0 0 0 0
fn=std::_Vector_base<AABB, std::allocator<AABB> >::_Vector_impl::~_Vector_impl()
132 18 0 0 6 0 0 6 0 0 0 0 0 0
fn=std::_Vector_base<AABB, std::allocator<AABB> >::~_Vector_base()
366 10 1 1 0 0 0 4 0 0 0 0 0 0
368 14 0 0 6 0 0 2 0 0 0 0 0 0
369 16 0 0 8 0 0 0 0 0 0 0 0 0
370 12 0 0 6 0 0 2 0 0 0 0 0 0
fn=std::_Vector_base<MaterialID, std::allocator<MaterialID> >::_M_allocate(unsigned long)
377 54 4 1 6 0 0 24 0 0 0 0 0 0
380 60 4 1 30 0 0 24 0 0 6 0 0 0
381 30 0 0 24 0 0 0 0 0 6 1 0 0
fn=std::_Vector_base<MaterialID, std::allocator<MaterialID> >::_M_deallocate(MaterialID*, unsigned long)
385 7 1 1 0 0 0 4 0 0 0 0 0 0
388 2 1 1 1 0 0 0 0 0 1 0 0 0
389 12 0 0 6 0 0 6 0 0 0 0 0 0
390 3 0 0 2 0 0 0 0 0 0 0 0 0
fn=std::_Vector_base<MaterialID, std::allocator<MaterialID> >::_M_get_Tp_allocator()
300 28 5 1 0 0 0 14 0 0 0 0 0 0
301 21 0 0 21 0 0 0 0 0 0 0 0 0
fn=std::_Vector_base<MaterialID, std::allocator<MaterialID> >::_M_get_Tp_allocator() const
305 48 4 1 0 0 0 24 0 0 0 0 0 0
306 36 0 0 36 0 0 0 0 0 0 0 0 0
fn=std::_Vector_base<MaterialID, std::allocator<MaterialID> >::_Vector_impl::~_Vector_impl()
132 9 1 0 3 0 0 3 0 0 0 0 0 0
fn=std::_Vector_base<MaterialID, std::allocator<MaterialID> >::~_Vector_base()
366 5 1 1 0 0 0 2 0 0 0 0 0 0
368 7 0 0 3 0 0 1 0 0 0 0 0 0
369 7 0 0 4 0 0 0 0 0 0 0 0 0
370 6 0 0 3 0 0 1 0 0 0 0 0 0
fn=std::_Vector_base<double, std::allocator<double> >::_M_allocate(unsigned long)
377 855 11 1 95 0 0 380 0 0 0 0 0 0
380 950 0 0 475 0 0 380 0 0 95 3 0 0
381 475 12 1 380 0 0 0 0 0 95 5 0 0
fn=std::_Vector_base<double, std::allocator<double> >::_M_deallocate(double*, unsigned long)
385 140 1 1 0 0 0 80 0 0 0 0 0 0
388 40 0 0 20 0 0 0 0 0 20 2 0 0
389 240 1 1 120 0 0 120 0 0 0 0 0 0
390 60 0 0 40 0 0 0 0 0 0 0 0 0
fn=std::_Vector_base<double, std::allocator<double> >::_M_get_Tp_allocator()
300 460 4 1 0 0 0 230 0 0 0 0 0 0
301 345 0 0 345 0 0 0 0 0 0 0 0 0
fn=std::_Vector_base<double, std::allocator<double> >::_M_get_Tp_allocator() const
305 760 0 0 0 0 0 380 0 0 0 0 0 0
306 570 0 0 570 0 0 0 0 0 0 0 0 0
fn=std::_Vector_base<double, std::allocator<double> >::_Vector_impl::~_Vector_impl()
132 180 1 0 60 0 0 60 0 0 0 0 0 0
fn=std::_Vector_base<double, std::allocator<double> >::~_Vector_base()
366 100 1 1 0 0 0 40 0 0 0 0 0 0
368 140 0 0 60 0 0 20 0 0 0 0 0 0
369 140 0 0 80 0 0 0 0 0 0 0 0 0
370 120 0 0 60 0 0 20 0 0 0 0 0 0
fn=std::_Vector_base<int, std::allocator<int> >::_M_allocate(unsigned long)
377 45 0 0 5 0 0 20 0 0 0 0 0 0
380 50 5 1 25 0 0 20 0 0 5 0 0 0
381 25 0 0 20 0 0 0 0 0 5 4 0 0
fn=std::_Vector_base<int, std::allocator<int> >::_M_deallocate(int*, unsigned long)
385 7 0 0 0 0 0 4 0 0 0 0 0 0
388 2 0 0 1 0 0 0 0 0 1 1 0 0
389 12 1 1 6 0 0 6 0 0 0 0 0 0
390 3 0 0 2 0 0 0 0 0 0 0 0 0
fn=std::_Vector_base<int, std::allocator<int> >::_M_get_Tp_allocator()
300 24 5 1 0 0 0 12 0 0 0 0 0 0
301 18 0 0 18 0 0 0 0 0 0 0 0 0
fn=std::_Vector_base<int, std::allocator<int> >::_M_get_Tp_allocator() const
305 40 0 0 0 0 0 20 0 0 0 0 0 0
306 30 0 0 30 0 0 0 0 0 0 0 0 0
fn=std::_Vector_base<int, std::allocator<int> >::_Vector_impl::~_Vector_impl()
132 9 0 0 3 0 0 3 0 0 0 0 0 0
fn=std::_Vector_base<int, std::allocator<int> >::~_Vector_base()
366 5 1 1 0 0 0 2 0 0 0 0 0 0
368 7 0 0 3 0 0 1 0 0 0 0 0 0
369 7 0 0 4 0 0 0 0 0 0 0 0 0
370 6 0 0 3 0 0 1 0 0 0 0 0 0
fn=std::_Vector_base<std::__cxx11::basic_string<char, std::char_traits<char>, std::allocator<char> >, std::allocator<std::__cxx11::basic_string<char, std::char_traits<char>, std::allocator<char> > > >::_M_allocate(unsigned long)
377 63 4 0 7 0 0 28 0 0 0 0 0 0
380 70 5 1 35 0 0 28 0 0 7 0 0 0
381 35 0 0 28 0 0 0 0 0 7 4 0 0
fn=std::_Vector_base<std::__cxx11::basic_string<char, std::char_traits<char>, std::allocator<char> >, std::allocator<std::__cxx11::basic_string<char, std::char_traits<char>, std::allocator<char> > > >::_M_deallocate(std::__cxx11::basic_string<char, std::char_traits<char>, std::allocator<char> >*, unsigned long)
385 14 2 2 0 0 0 8 0 0 0 0 0 0
388 4 0 0 2 0 0 0 0 0 2 0 0 0
389 24 1 0 12 0 0 12 0 0 0 0 0 0
390 6 0 0 4 0 0 0 0 0 0 0 0 0
fn=std::_Vector_base<std::__cxx11::basic_string<char, std::char_traits<char>, std::allocator<char> >, std::allocator<std::__cxx11::basic_string<char, std::char_traits<char>, std::allocator<char> > > >::_M_get_Tp_allocator()
300 40 5 1 0 0 0 20 0 0 0 0 0 0
301 30 0 0 30 0 0 0 0 0 0 0 0 0
fn=std::_Vector_base<std::__cxx11::basic_string<char, std::char_traits<char>, std::allocator<char> >, std::allocator<std::__cxx11::basic_string<char, std::char_traits<char>, std::allocator<char> > > >::_M_get_Tp_allocator() const
305 48 0 0 0 0 0 24 0 0 0 0 0 0
306 36 0 0 36 0 0 0 0 0 0 0 0 0
fn=std::_Vector_base<std::__cxx11::basic_string<char, std::char_traits<char>, std::allocator<char> >, std::allocator<std::__cxx11::basic_string<char, std::char_traits<char>, std::allocator<char> > > >::_Vector_base(std::allocator<std::__cxx11::basic_string<char, std::char_traits<char>, std::allocator<char> > > const&)
320 6 2 2 0 0 0 3 0 0 0 0 0 0
321 8 0 0 4 0 0 1 0 0 0 0 0 0
fn=std::_Vector_base<std::__cxx11::basic_string<char, std::char_traits<char>, std::allocator<char> >, std::allocator<std::__cxx11::basic_string<char, std::char_traits<char>, std::allocator<char> > > >::_Vector_impl::_Vector_impl(std::allocator<std::__cxx11::basic_string<char, std::char_traits<char>, std::allocator<char> > > const&)
145 14 2 2 4 0 0 7 1 0 0 0 0 0
146 3 0 0 1 0 0 1 0 0 0 0 0 0
147 3 0 0 2 0 0 0 0 0 0 0 0 0
fn=std::_Vector_base<std::__cxx11::basic_string<char, std::char_traits<char>, std::allocator<char> >, std::allocator<std::__cxx11::basic_string<char, std::char_traits<char>, std::allocator<char> > > >::_Vector_impl::~_Vector_impl()
132 18 1 0 6 0 0 6 0 0 0 0 0 0
fn=std::_Vector_base<std::__cxx11::basic_string<char, std::char_traits<char>, std::allocator<char> >, std::allocator<std::__cxx11::basic_string<char, std::char_traits<char>, std::allocator<char> > > >::_Vector_impl_data::_Vector_impl_data()
98 4 0 0 0 0 0 2 1 1 0 0 0 0
99 6 0 0 3 0 0 3 1 0 0 0 0 0
100 3 0 0 2 0 0 0 0 0 0 0 0 0
fn=std::_Vector_base<std::__cxx11::basic_string<char, std::char_traits<char>, std::allocator<char> >, std::allocator<std::__cxx11::basic_string<char, std::char_traits<char>, std::allocator<char> > > >::~_Vector_base()
366 10 1 0 0 0 0 4 0 0 0 0 0 0
368 14 0 0 6 0 0 2 0 0 0 0 0 0
369 14 1 0 8 0 0 0 0 0 0 0 0 0
370 12 0 0 6 0 0 2 0 0 0 0 0 0
fn=std::_Vector_base<std::basic_string_view<char, std::char_traits<char> >, std::allocator<std::basic_string_view<char, std::char_traits<char> > > >::_M_allocate(unsigned long)
377 2169 14 1 241 0 0 964 0 0 0 0 0 0
380 2410 0 0 1205 0 0 964 0 0 241 2 0 0
381 1205 3 1 964 0 0 0 0 0 241 4 0 0
fn=std::_Vector_base<std::basic_string_view<char, std::char_traits<char> >, std::allocator<std::basic_string_view<char, std::char_traits<char> > > >::_M_deallocate(std::basic_string_view<char, std::char_traits<char> >*, unsigned long)
385 434 14 1 0 0 0 248 0 0 0 0 0 0
388 124 0 0 62 0 0 0 0 0 62 10 0 0
389 744 4 1 372 0 0 372 0 0 0 0 0 0
390 186 0 0 124 0 0 0 0 0 0 0 0 0
fn=std::_Vector_base<std::basic_string_view<char, std::char_traits<char> >, std::allocator<std::basic_string_view<char, std::char_traits<char> > > >::_M_get_Tp_allocator()
300 1212 0 0 0 0 0 606 0 0 0 0 0 0
301 909 0 0 909 0 0 0 0 0 0 0 0 0
fn=std::_Vector_base<std::basic_string_view<char, std::char_traits<char> >, std::allocator<std::basic_string_view<char, std::char_traits<char> > > >::_M_get_Tp_allocator() const
305 1928 0 0 0 0 0 964 0 0 0 0 0 0
306 1446 0 0 1446 0 0 0 0 0 0 0 0 0
fn=std::_Vector_base<std::basic_string_view<char, std::char_traits<char> >, std::allocator<std::basic_string_view<char, std::char_traits<char> > > >::_Vector_impl::~_Vector_impl()
132 558 1 0 186 0 0 186 0 0 0 0 0 0
fn=std::_Vector_base<std::basic_string_view<char, std::char_traits<char> >, std::allocator<std::basic_string_view<char, std::char_traits<char> > > >::~_Vector_base()
366 310 12 2 0 0 0 124 0 0 0 0 0 0
368 434 0 0 186 0 0 62 0 0 0 0 0 0
369 434 0 0 248 0 0 0 0 0 0 0 0 0
370 372 0 0 186 0 0 62 0 0 0 0 0 0
fn=std::_Vector_base<unsigned char, std::allocator<unsigned char> >::_M_allocate(unsigned long)
377 54 2 1 6 0 0 24 0 0 0 0 0 0
380 60 2 1 30 0 0 24 0 0 6 2 0 0
381 30 1 1 24 0 0 0 0 0 6 2 0 0
fn=std::_Vector_base<unsigned char, std::allocator<unsigned char> >::_M_create_storage(unsigned long)
396 36 2 1 0 0 0 18 0 0 0 0 0 0
398 42 1 1 18 0 0 12 0 0 0 0 0 0
399 24 0 0 18 0 0 6 0 0 0 0 0 0
400 36 0 0 24 0 0 6 0 0 0 0 0 0
401 18 0 0 12 0 0 0 0 0 0 0 0 0
fn=std::_Vector_base<unsigned char, std::allocator<unsigned char> >::_M_deallocate(unsigned char*, unsigned long)
385 42 1 0 0 0 0 24 1 0 0 0 0 0
388 12 0 0 6 0 0 0 0 0 6 1 0 0
389 72 1 1 36 0 0 36 0 0 0 0 0 0
390 18 0 0 12 0 0 0 0 0 0 0 0 0
fn=std::_Vector_base<unsigned char, std::allocator<unsigned char> >::_M_get_Tp_allocator()
300 48 1 0 0 0 0 24 0 0 0 0 0 0
301 36 0 0 36 0 0 0 0 0 0 0 0 0
fn=std::_Vector_base<unsigned char, std::allocator<unsigned char> >::_M_get_Tp_allocator() const
305 12 1 0 0 0 0 6 0 0 0 0 0 0
306 9 0 0 9 0 0 0 0 0 0 0 0 0
fn=std::_Vector_base<unsigned char, std::allocator<unsigned char> >::_Vector_base(unsigned long, std::allocator<unsigned char> const&)
332 48 2 1 0 0 0 30 0 0 0 0 0 0
333 30 1 1 12 0 0 6 0 0 0 0 0 0
334 54 1 1 30 0 0 6 0 0 0 0 0 0
fn=std::_Vector_base<unsigned char, std::allocator<unsigned char> >::_Vector_impl::_Vector_impl(std::allocator<unsigned char> const&)
145 84 3 2 24 0 0 42 0 0 0 0 0 0
146 18 0 0 6 0 0 6 0 0 0 0 0 0
147 18 0 0 12 0 0 0 0 0 0 0 0 0
fn=std::_Vector_base<unsigned char, std::allocator<unsigned char> >::_Vector_impl::~_Vector_impl()
132 54 1 0 18 0 0 18 0 0 0 0 0 0
fn=std::_Vector_base<unsigned char, std::allocator<unsigned char> >::_Vector_impl_data::_Vector_impl_data()
98 24 0 0 0 0 0 12 0 0 0 0 0 0
99 36 0 0 18 0 0 18 3 0 0 0 0 0
100 18 0 0 12 0 0 0 0 0 0 0 0 0
fn=std::_Vector_base<unsigned char, std::allocator<unsigned char> >::~_Vector_base()
366 30 1 1 0 0 0 12 0 0 0 0 0 0
368 36 0 0 18 0 0 6 0 0 0 0 0 0
369 30 0 0 24 1 0 0 0 0 0 0 0 0
370 36 0 0 18 0 0 6 0 0 0 0 0 0
fn=std::_Vector_base<unsigned int, std::allocator<unsigned int> >::_M_allocate(unsigned long)
377 45 4 1 5 0 0 20 0 0 0 0 0 0
380 50 0 0 25 0 0 20 0 0 5 2 0 0
381 25 5 1 20 0 0 0 0 0 5 4 0 0
fn=std::_Vector_base<unsigned int, std::allocator<unsigned int> >::_M_deallocate(unsigned int*, unsigned long)
385 7 1 1 0 0 0 4 0 0 0 0 0 0
388 2 0 0 1 0 0 0 0 0 1 0 0 0
389 12 1 1 6 0 0 6 0 0 0 0 0 0
390 3 0 0 2 0 0 0 0 0 0 0 0 0
fn=std::_Vector_base<unsigned int, std::allocator<unsigned int> >::_M_get_Tp_allocator()
300 24 6 0 0 0 0 12 0 0 0 0 0 0
301 18 0 0 18 0 0 0 0 0 0 0 0 0
fn=std::_Vector_base<unsigned int, std::allocator<unsigned int> >::_M_get_Tp_allocator() const
305 40 5 1 0 0 0 20 0 0 0 0 0 0
306 30 0 0 30 0 0 0 0 0 0 0 0 0
fn=std::_Vector_base<unsigned int, std::allocator<unsigned int> >::_Vector_impl::~_Vector_impl()
132 9 0 0 3 0 0 3 0 0 0 0 0 0
fn=std::_Vector_base<unsigned int, std::allocator<unsigned int> >::~_Vector_base()
366 5 1 0 0 0 0 2 0 0 0 0 0 0
368 7 0 0 3 0 0 1 0 0 0 0 0 0
369 7 0 0 4 0 0 0 0 0 0 0 0 0
370 6 0 0 3 0 0 1 0 0 0 0 0 0
fn=std::vector<AABB, std::allocator<AABB> >::_M_check_len(unsigned long, char const*) const
1906 110 14 2 10 0 0 60 0 0 0 0 0 0
1908 140 0 0 30 0 0 20 0 0 10 3 0 0
1911 160 10 2 30 0 0 50 0 0 0 0 0 0
1912 110 4 1 50 0 0 20 0 0 20 4 0 0
1913 60 0 0 50 0 0 0 0 0 10 1 0 0
fn=std::vector<AABB, std::allocator<AABB> >::_S_max_size(std::allocator<AABB> const&)
1926 160 0 0 20 0 0 60 0 0 0 0 0 0
1931 40 0 0 0 0 0 20 0 0 0 0 0 0
1933 40 5 1 0 0 0 20 0 0 0 0 0 0
1934 120 0 0 20 0 0 20 0 0 0 0 0 0
1935 100 0 0 80 0 0 0 0 0 20 9 0 0
fn=std::vector<AABB, std::allocator<AABB> >::_S_relocate(AABB*, AABB*, AABB*, std::allocator<AABB>&)
504 80 0 0 0 0 0 50 0 0 0 0 0 0
509 60 4 0 40 0 0 10 0 0 0 0 0 0
514 20 0 0 20 0 0 0 0 0 0 0 0 0
fn=std::vector<AABB, std::allocator<AABB> >::back()
1235 128 3 1 16 0 0 48 0 0 0 0 0 0
1238 192 2 1 16 0 0 80 0 0 0 0 0 0
1239 80 0 0 64 0 0 0 0 0 16 5 0 0
fn=std::vector<AABB, std::allocator<AABB> >::begin()
873 80 20 2 10 0 0 30 0 0 0 0 0 0
874 110 0 0 60 0 0 10 0 0 10 4 0 0
fn=std::vector<AABB, std::allocator<AABB> >::end()
893 208 11 0 26 0 0 78 0 0 0 0 0 0
894 312 0 0 156 0 0 26 0 0 26 6 0 0
fn=std::vector<AABB, std::allocator<AABB> >::max_size() const
998 100 2 1 0 0 0 40 0 0 0 0 0 0
999 140 0 0 60 0 0 40 0 0 0 0 0 0
fn=std::vector<AABB, std::allocator<AABB> >::operator[](unsigned long) const
1147 15117635840 1 1 0 0 0 9070581504 0 0 0 0 0 0
1150 24188217344 1 1 9070581504 2 0 0 0 0 0 0 0 0
1151 6047054336 0 0 6047054336 0 0 0 0 0 0 0 0 0
fn=std::vector<AABB, std::allocator<AABB> >::push_back(AABB const&)
1283 96 0 0 0 0 0 48 0 0 0 0 0 0
1285 96 0 0 64 0 0 0 0 0 16 7 0 0
1288 77 3 0 44 0 0 33 0 0 0 0 0 0
1290 55 0 0 33 0 0 11 0 0 0 0 0 0
1294 25 4 1 10 0 0 5 0 0 0 0 0 0
1295 59 0 0 32 0 0 0 0 0 0 0 0 0
fn=std::vector<AABB, std::allocator<AABB> >::push_back(AABB&&)
1300 96 6 1 0 0 0 48 0 0 0 0 0 0
1301 176 0 0 64 0 0 32 0 0 0 0 0 0
fn=std::vector<AABB, std::allocator<AABB> >::size() const
992 160 0 0 0 0 0 80 0 0 0 0 0 0
993 400 0 0 240 0 0 0 0 0 0 0 0 0
fn=std::vector<AABB, std::allocator<AABB> >::~vector()
733 10 1 1 0 0 0 4 0 0 0 0 0 0
735 14 0 0 8 1 0 6 0 0 0 0 0 0
736 6 0 0 2 0 0 2 0 0 0 0 0 0
738 12 0 0 6 0 0 2 0 0 0 0 0 0
fn=std::vector<MaterialID, std::allocator<MaterialID> >::_M_check_len(unsigned long, char const*) const
1906 66 8 2 6 0 0 36 0 0 0 0 0 0
1908 84 4 1 18 0 0 12 0 0 6 4 0 0
1911 96 4 1 18 0 0 30 0 0 0 0 0 0
1912 66 4 1 30 0 0 12 0 0 12 3 0 0
1913 36 0 0 30 0 0 0 0 0 6 3 0 0
fn=std::vector<MaterialID, std::allocator<MaterialID> >::_S_max_size(std::allocator<MaterialID> const&)
1926 96 0 0 12 0 0 36 0 0 0 0 0 0
1931 24 3 1 0 0 0 12 0 0 0 0 0 0
1933 24 0 0 0 0 0 12 0 0 0 0 0 0
1934 72 0 0 12 0 0 12 0 0 0 0 0 0
1935 60 0 0 48 0 0 0 0 0 12 3 0 0
fn=std::vector<MaterialID, std::allocator<MaterialID> >::_S_relocate(MaterialID*, MaterialID*, MaterialID*, std::allocator<MaterialID>&)
504 48 2 1 0 0 0 30 0 0 0 0 0 0
509 36 0 0 24 0 0 6 0 0 0 0 0 0
514 12 0 0 12 0 0 0 0 0 0 0 0 0
fn=std::vector<MaterialID, std::allocator<MaterialID> >::back()
1235 144 19 1 18 0 0 54 0 0 0 0 0 0
1238 216 1 1 18 0 0 90 0 0 0 0 0 0
1239 90 0 0 72 0 0 0 0 0 18 9 0 0
fn=std::vector<MaterialID, std::allocator<MaterialID> >::begin()
873 48 8 2 6 0 0 18 0 0 0 0 0 0
874 66 0 0 36 0 0 6 0 0 6 3 0 0
fn=std::vector<MaterialID, std::allocator<MaterialID> >::end()
893 192 13 0 24 0 0 72 0 0 0 0 0 0
894 288 0 0 144 0 0 24 0 0 24 10 0 0
fn=std::vector<MaterialID, std::allocator<MaterialID> >::max_size() const
998 60 0 0 0 0 0 24 0 0 0 0 0 0
999 84 0 0 36 0 0 24 0 0 0 0 0 0
fn=std::vector<MaterialID, std::allocator<MaterialID> >::operator[](unsigned long) const
1147 298805475 0 0 0 0 0 179283285 0 0 0 0 0 0
1150 298805475 0 0 179283285 2 0 0 0 0 0 0 0 0
1151 119522190 0 0 119522190 0 0 0 0 0 0 0 0 0
fn=std::vector<MaterialID, std::allocator<MaterialID> >::push_back(MaterialID&&)
1300 108 1 1 0 0 0 54 0 0 0 0 0 0
1301 198 0 0 72 0 0 36 0 0 0 0 0 0
fn=std::vector<MaterialID, std::allocator<MaterialID> >::size() const
992 96 0 0 0 0 0 48 0 0 0 0 0 0
993 216 0 0 144 0 0 0 0 0 0 0 0 0
fn=std::vector<MaterialID, std::allocator<MaterialID> >::~vector()
733 5 2 2 0 0 0 2 0 0 0 0 0 0
735 7 0 0 4 0 0 3 0 0 0 0 0 0
736 3 0 0 1 0 0 1 0 0 0 0 0 0
738 6 1 0 3 0 0 1 0 0 0 0 0 0
fn=std::vector<double, std::allocator<double> >::_M_check_len(unsigned long, char const*) const
1906 1045 24 2 95 0 0 570 0 0 0 0 0 0
1908 1330 0 0 285 0 0 190 0 0 95 9 0 0
1911 1520 20 2 285 0 0 475 0 0 0 0 0 0
1912 1045 1 1 475 0 0 190 0 0 190 35 0 0
1913 570 0 0 475 0 0 0 0 0 95 2 0 0
fn=std::vector<double, std::allocator<double> >::_S_max_size(std::allocator<double> const&)
1926 1520 1 1 190 0 0 570 0 0 0 0 0 0
1931 380 0 0 0 0 0 190 0 0 0 0 0 0
1933 380 0 0 0 0 0 190 0 0 0 0 0 0
1934 1140 0 0 190 0 0 190 0 0 0 0 0 0
1935 950 0 0 760 0 0 0 0 0 190 12 0 0
fn=std::vector<double, std::allocator<double> >::_S_relocate(double*, double*, double*, std::allocator<double>&)
504 760 1 1 0 0 0 475 0 0 0 0 0 0
509 570 0 0 380 0 0 95 0 0 0 0 0 0
514 190 0 0 190 0 0 0 0 0 0 0 0 0
fn=std::vector<double, std::allocator<double> >::back()
1235 128 15 1 16 0 0 48 0 0 0 0 0 0
1238 192 0 0 16 0 0 80 0 0 0 0 0 0
1239 80 4 1 64 0 0 0 0 0 16 7 0 0
fn=std::vector<double, std::allocator<double> >::begin()
873 760 8 1 95 0 0 285 0 0 0 0 0 0
874 1045 12 1 570 0 0 95 0 0 95 3 0 0
fn=std::vector<double, std::allocator<double> >::end()
893 888 5 0 111 0 0 333 0 0 0 0 0 0
894 1332 0 0 666 0 0 111 0 0 111 3 0 0
fn=std::vector<double, std::allocator<double> >::max_size() const
998 950 7 1 0 0 0 380 0 0 0 0 0 0
999 1330 0 0 570 0 0 380 0 0 0 0 0 0
fn=std::vector<double, std::allocator<double> >::operator[](unsigned long) const
1147 4018322870 0 0 0 0 0 2410993722 0 0 0 0 0 0
1150 4018322870 1 1 2410993722 16 0 0 0 0 0 0 0 0
1151 1607329148 0 0 1607329148 0 0 0 0 0 0 0 0 0
fn=std::vector<double, std::allocator<double> >::push_back(double const&)
1283 1386 13 1 0 0 0 693 0 0 0 0 0 0
1285 1386 0 0 924 0 0 0 0 0 231 32 0 0
1288 987 3 0 564 0 0 423 0 0 0 0 0 0
1290 705 0 0 423 0 0 141 0 0 0 0 0 0
1294 450 16 2 180 0 0 90 0 0 0 0 0 0
1295 834 0 0 462 0 0 0 0 0 0 0 0 0
fn=std::vector<double, std::allocator<double> >::push_back(double&&)
1300 96 0 0 0 0 0 48 0 0 0 0 0 0
1301 176 4 1 64 0 0 32 0 0 0 0 0 0
fn=std::vector<double, std::allocator<double> >::size() const
992 755883384 25 2 0 0 0 377941692 0 0 0 0 0 0
993 1700737614 0 0 1133825076 1 0 0 0 0 0 0 0 0
fn=std::vector<double, std::allocator<double> >::~vector()
733 100 1 0 0 0 0 40 0 0 0 0 0 0
735 140 1 1 80 7 0 60 0 0 0 0 0 0
736 60 0 0 20 0 0 20 0 0 0 0 0 0
738 120 0 0 60 0 0 20 0 0 0 0 0 0
fn=std::vector<int, std::allocator<int> >::_M_check_len(unsigned long, char const*) const
1906 55 5 1 5 0 0 30 0 0 0 0 0 0
1908 70 5 1 15 0 0 10 0 0 5 1 0 0
1911 80 5 1 15 0 0 25 0 0 0 0 0 0
1912 55 5 1 25 0 0 10 0 0 10 3 0 0
1913 30 5 1 25 0 0 0 0 0 5 2 0 0
fn=std::vector<int, std::allocator<int> >::_S_max_size(std::allocator<int> const&)
1926 80 5 1 10 0 0 30 0 0 0 0 0 0
1931 20 0 0 0 0 0 10 0 0 0 0 0 0
1933 20 0 0 0 0 0 10 0 0 0 0 0 0
1934 60 5 1 10 0 0 10 0 0 0 0 0 0
1935 50 0 0 40 0 0 0 0 0 10 3 0 0
fn=std::vector<int, std::allocator<int> >::_S_relocate(int*, int*, int*, std::allocator<int>&)
504 40 0 0 0 0 0 25 0 0 0 0 0 0
509 30 0 0 20 0 0 5 0 0 0 0 0 0
514 10 0 0 10 0 0 0 0 0 0 0 0 0
fn=std::vector<int, std::allocator<int> >::begin()
873 40 3 1 5 0 0 15 0 0 0 0 0 0
874 55 2 1 30 0 0 5 0 0 5 3 0 0
fn=std::vector<int, std::allocator<int> >::end()
893 40 0 0 5 0 0 15 0 0 0 0 0 0
894 60 0 0 30 0 0 5 0 0 5 2 0 0
fn=std::vector<int, std::allocator<int> >::max_size() const
998 50 5 1 0 0 0 20 0 0 0 0 0 0
999 70 0 0 30 0 0 20 0 0 0 0 0 0
fn=std::vector<int, std::allocator<int> >::operator[](unsigned long) const
1147 21625335 0 0 0 0 0 12975201 0 0 0 0 0 0
1150 21625335 0 0 12975201 0 0 0 0 0 0 0 0 0
1151 8650134 0 0 8650134 0 0 0 0 0 0 0 0 0
fn=std::vector<int, std::allocator<int> >::push_back(int const&)
1283 96 0 0 0 0 0 48 0 0 0 0 0 0
1285 96 12 1 64 0 0 0 0 0 16 3 0 0
1288 77 0 0 44 0 0 33 0 0 0 0 0 0
1290 55 0 0 33 0 0 11 0 0 0 0 0 0
1294 25 0 0 10 0 0 5 0 0 0 0 0 0
1295 59 0 0 32 0 0 0 0 0 0 0 0 0
fn=std::vector<int, std::allocator<int> >::size() const
992 80 0 0 0 0 0 40 0 0 0 0 0 0
993 180 0 0 120 0 0 0 0 0 0 0 0 0
fn=std::vector<int, std::allocator<int> >::~vector()
733 5 0 0 0 0 0 2 0 0 0 0 0 0
735 7 0 0 4 0 0 3 0 0 0 0 0 0
736 3 0 0 1 0 0 1 0 0 0 0 0 0
738 6 0 0 3 0 0 1 0 0 0 0 0 0
fn=std::vector<std::__cxx11::basic_string<char, std::char_traits<char>, std::allocator<char> >, std::allocator<std::__cxx11::basic_string<char, std::char_traits<char>, std::allocator<char> > > >::_M_check_len(unsigned long, char const*) const
1906 66 8 2 6 0 0 36 0 0 0 0 0 0
1908 84 0 0 18 0 0 12 0 0 6 0 0 0
1911 96 10 2 18 0 0 30 0 0 0 0 0 0
1912 66 5 1 30 0 0 12 0 0 12 2 0 0
1913 36 0 0 30 0 0 0 0 0 6 3 0 0
fn=std::vector<std::__cxx11::basic_string<char, std::char_traits<char>, std::allocator<char> >, std::allocator<std::__cxx11::basic_string<char, std::char_traits<char>, std::allocator<char> > > >::_S_check_init_len(unsigned long, std::allocator<std::__cxx11::basic_string<char, std::char_traits<char>, std::allocator<char> > > const&)
1917 15 2 2 3 0 0 7 1 0 0 0 0 0
1919 7 1 1 1 0 0 1 0 0 1 1 0 0
1922 1 0 0 1 0 0 0 0 0 0 0 0 0
1923 5 1 1 4 0 0 0 0 0 1 1 0 0
fn=std::vector<std::__cxx11::basic_string<char, std::char_traits<char>, std::allocator<char> >, std::allocator<std::__cxx11::basic_string<char, std::char_traits<char>, std::allocator<char> > > >::_S_max_size(std::allocator<std::__cxx11::basic_string<char, std::char_traits<char>, std::allocator<char> > > const&)
1926 104 4 1 13 0 0 39 1 0 0 0 0 0
1931 26 7 1 0 0 0 13 0 0 0 0 0 0
1933 26 0 0 0 0 0 13 0 0 0 0 0 0
1934 78 0 0 13 0 0 13 0 0 0 0 0 0
1935 65 7 1 52 0 0 0 0 0 13 4 0 0
fn=std::vector<std::__cxx11::basic_string<char, std::char_traits<char>, std::allocator<char> >, std::allocator<std::__cxx11::basic_string<char, std::char_traits<char>, std::allocator<char> > > >::_S_relocate(std::__cxx11::basic_string<char, std::char_traits<char>, std::allocator<char> >*, std::__cxx11::basic_string<char, std::char_traits<char>, std::allocator<char> >*, std::__cxx11::basic_string<char, std::char_traits<char>, std::allocator<char> >*, std::allocator<std::__cxx11::basic_string<char, std::char_traits<char>, std::allocator<char> > >&)
504 48 0 0 0 0 0 30 0 0 0 0 0 0
509 36 0 0 24 0 0 6 0 0 0 0 0 0
514 12 0 0 12 0 0 0 0 0 0 0 0 0
fn=std::vector<std::__cxx11::basic_string<char, std::char_traits<char>, std::allocator<char> >, std::allocator<std::__cxx11::basic_string<char, std::char_traits<char>, std::allocator<char> > > >::back()
1235 144 6 0 18 0 0 54 0 0 0 0 0 0
1238 216 14 1 18 0 0 90 0 0 0 0 0 0
1239 90 0 0 72 0 0 0 0 0 18 3 0 0
fn=std::vector<std::__cxx11::basic_string<char, std::char_traits<char>, std::allocator<char> >, std::allocator<std::__cxx11::basic_string<char, std::char_traits<char>, std::allocator<char> > > >::begin()
873 48 4 1 6 0 0 18 0 0 0 0 0 0
874 66 4 1 36 0 0 6 0 0 6 2 0 0
fn=std::vector<std::__cxx11::basic_string<char, std::char_traits<char>, std::allocator<char> >, std::allocator<std::__cxx11::basic_string<char, std::char_traits<char>, std::allocator<char> > > >::end()
893 192 16 0 24 0 0 72 0 0 0 0 0 0
894 288 0 0 144 0 0 24 0 0 24 11 0 0
fn=std::vector<std::__cxx11::basic_string<char, std::char_traits<char>, std::allocator<char> >, std::allocator<std::__cxx11::basic_string<char, std::char_traits<char>, std::allocator<char> > > >::max_size() const
998 60 0 0 0 0 0 24 0 0 0 0 0 0
999 84 0 0 36 0 0 24 0 0 0 0 0 0
fn=std::vector<std::__cxx11::basic_string<char, std::char_traits<char>, std::allocator<char> >, std::allocator<std::__cxx11::basic_string<char, std::char_traits<char>, std::allocator<char> > > >::operator[](unsigned long) const
1147 1680 4 1 0 0 0 1008 0 0 0 0 0 0
1150 1680 0 0 1008 1 0 0 0 0 0 0 0 0
1151 672 0 0 672 0 0 0 0 0 0 0 0 0
fn=std::vector<std::__cxx11::basic_string<char, std::char_traits<char>, std::allocator<char> >, std::allocator<std::__cxx11::basic_string<char, std::char_traits<char>, std::allocator<char> > > >::size() const
992 1432 7 1 0 0 0 716 0 0 0 0 0 0
993 3222 28 1 2148 0 0 0 0 0 0 0 0 0
fn=std::vector<std::__cxx11::basic_string<char, std::char_traits<char>, std::allocator<char> >, std::allocator<std::__cxx11::basic_string<char, std::char_traits<char>, std::allocator<char> > > >::vector<char**, void>(char**, char**, std::allocator<std::__cxx11::basic_string<char, std::char_traits<char>, std::allocator<char> > > const&)
707 12 1 1 1 0 0 7 1 0 0 0 0 0
709 5 0 0 2 0 0 1 0 0 0 0 0 0
711 6 1 1 3 0 0 1 0 0 0 0 0 0
713 7 1 1 5 0 0 0 0 0 1 1 0 0
fn=std::vector<std::__cxx11::basic_string<char, std::char_traits<char>, std::allocator<char> >, std::allocator<std::__cxx11::basic_string<char, std::char_traits<char>, std::allocator<char> > > >::~vector()
733 10 1 0 0 0 0 4 0 0 0 0 0 0
735 14 0 0 8 2 0 6 0 0 0 0 0 0
736 6 1 1 2 0 0 2 0 0 0 0 0 0
738 12 0 0 6 0 0 2 0 0 0 0 0 0
fn=std::vector<std::basic_string_view<char, std::char_traits<char> >, std::allocator<std::basic_string_view<char, std::char_traits<char> > > >::_M_check_len(unsigned long, char const*) const
1906 2651 2 1 241 0 0 1446 0 0 0 0 0 0
1908 3374 2 1 723 0 0 482 0 0 241 31 0 0
1911 3856 5 2 723 0 0 1205 0 0 0 0 0 0
1912 2651 0 0 1205 0 0 482 0 0 482 4 0 0
1913 1446 3 1 1205 0 0 0 0 0 241 4 0 0
fn=std::vector<std::basic_string_view<char, std::char_traits<char> >, std::allocator<std::basic_string_view<char, std::char_traits<char> > > >::_S_max_size(std::allocator<std::basic_string_view<char, std::char_traits<char> > > const&)
1926 3856 1 1 482 0 0 1446 0 0 0 0 0 0
1931 964 0 0 0 0 0 482 0 0 0 0 0 0
1933 964 0 0 0 0 0 482 0 0 0 0 0 0
1934 2892 0 0 482 0 0 482 0 0 0 0 0 0
1935 2410 0 0 1928 0 0 0 0 0 482 8 0 0
fn=std::vector<std::basic_string_view<char, std::char_traits<char> >, std::allocator<std::basic_string_view<char, std::char_traits<char> > > >::_S_relocate(std::basic_string_view<char, std::char_traits<char> >*, std::basic_string_view<char, std::char_traits<char> >*, std::basic_string_view<char, std::char_traits<char> >*, std::allocator<std::basic_string_view<char, std::char_traits<char> > >&)
504 1928 0 0 0 0 0 1205 0 0 0 0 0 0
509 1446 0 0 964 0 0 241 0 0 0 0 0 0
514 482 0 0 482 0 0 0 0 0 0 0 0 0
fn=std::vector<std::basic_string_view<char, std::char_traits<char> >, std::allocator<std::basic_string_view<char, std::char_traits<char> > > >::back()
1235 2424 22 1 303 0 0 909 0 0 0 0 0 0
1238 3636 0 0 303 0 0 1515 0 0 0 0 0 0
1239 1515 1 1 1212 0 0 0 0 0 303 6 0 0
fn=std::vector<std::basic_string_view<char, std::char_traits<char> >, std::allocator<std::basic_string_view<char, std::char_traits<char> > > >::begin()
873 1928 16 1 241 0 0 723 0 0 0 0 0 0
874 2651 24 1 1446 0 0 241 0 0 241 4 0 0
fn=std::vector<std::basic_string_view<char, std::char_traits<char> >, std::allocator<std::basic_string_view<char, std::char_traits<char> > > >::begin() const
883 496 4 1 62 0 0 186 0 0 0 0 0 0
884 682 0 0 372 0 0 62 0 0 62 4 0 0
fn=std::vector<std::basic_string_view<char, std::char_traits<char> >, std::allocator<std::basic_string_view<char, std::char_traits<char> > > >::empty() const
1090 496 37 2 62 0 0 186 0 0 0 0 0 0
1091 1116 0 0 372 0 0 310 0 0 62 4 0 0
fn=std::vector<std::basic_string_view<char, std::char_traits<char> >, std::allocator<std::basic_string_view<char, std::char_traits<char> > > >::end()
893 4352 0 0 544 0 0 1632 0 0 0 0 0 0
894 6528 0 0 3264 0 0 544 0 0 544 10 0 0
fn=std::vector<std::basic_string_view<char, std::char_traits<char> >, std::allocator<std::basic_string_view<char, std::char_traits<char> > > >::end() const
903 496 2 1 62 0 0 186 0 0 0 0 0 0
904 744 7 1 372 0 0 62 0 0 62 4 0 0
fn=std::vector<std::basic_string_view<char, std::char_traits<char> >, std::allocator<std::basic_string_view<char, std::char_traits<char> > > >::max_size() const
998 2410 1 1 0 0 0 964 0 0 0 0 0 0
999 3374 13 1 1446 0 0 964 0 0 0 0 0 0
fn=std::vector<std::basic_string_view<char, std::char_traits<char> >, std::allocator<std::basic_string_view<char, std::char_traits<char> > > >::operator[](unsigned long) const
1147 1825 0 0 0 0 0 1095 0 0 0 0 0 0
1150 1825 2 1 1095 0 0 0 0 0 0 0 0 0
1151 730 0 0 730 0 0 0 0 0 0 0 0 0
fn=std::vector<std::basic_string_view<char, std::char_traits<char> >, std::allocator<std::basic_string_view<char, std::char_traits<char> > > >::push_back(std::basic_string_view<char, std::char_traits<char> > const&)
1283 372 2 1 0 0 0 186 0 0 0 0 0 0
1285 372 10 1 248 0 0 0 0 0 62 32 0 0
1288 210 0 0 120 0 0 90 0 0 0 0 0 0
1290 150 0 0 90 0 0 30 0 0 0 0 0 0
1294 160 0 0 64 0 0 32 0 0 0 0 0 0
1295 216 0 0 124 0 0 0 0 0 0 0 0 0
fn=std::vector<std::basic_string_view<char, std::char_traits<char> >, std::allocator<std::basic_string_view<char, std::char_traits<char> > > >::push_back(std::basic_string_view<char, std::char_traits<char> >&&)
1300 1818 0 0 0 0 0 909 0 0 0 0 0 0
1301 3333 2 1 1212 0 0 606 0 0 0 0 0 0
fn=std::vector<std::basic_string_view<char, std::char_traits<char> >, std::allocator<std::basic_string_view<char, std::char_traits<char> > > >::size() const
992 4104 2 1 0 0 0 2052 0 0 0 0 0 0
993 9234 0 0 6156 0 0 0 0 0 0 0 0 0
fn=std::vector<std::basic_string_view<char, std::char_traits<char> >, std::allocator<std::basic_string_view<char, std::char_traits<char> > > >::~vector()
733 310 9 1 0 0 0 124 0 0 0 0 0 0
735 434 0 0 248 0 0 186 0 0 0 0 0 0
736 186 0 0 62 0 0 62 0 0 0 0 0 0
738 372 0 0 186 0 0 62 0 0 0 0 0 0
fn=std::vector<unsigned char, std::allocator<unsigned char> >::_M_fill_initialize(unsigned long, unsigned char const&)
1706 21 0 0 0 0 0 12 0 0 0 0 0 0
1708 6 0 0 3 0 0 3 3 0 0 0 0 0
1709 18 0 0 12 0 0 3 0 0 0 0 0 0
1710 12 0 0 3 0 0 3 0 0 0 0 0 0
1711 9 0 0 6 3 0 0 0 0 0 0 0 0
fn=std::vector<unsigned char, std::allocator<unsigned char> >::_S_check_init_len(unsigned long, std::allocator<unsigned char> const&)
1917 45 1 1 9 2 0 21 0 0 0 0 0 0
1919 21 1 1 3 0 0 3 0 0 3 2 0 0
1922 3 0 0 3 0 0 0 0 0 0 0 0 0
1923 15 1 1 12 0 0 0 0 0 3 2 0 0
fn=std::vector<unsigned char, std::allocator<unsigned char> >::_S_max_size(std::allocator<unsigned char> const&)
1926 24 2 2 3 0 0 9 0 0 0 0 0 0
1931 6 0 0 0 0 0 3 0 0 0 0 0 0
1933 3 0 0 0 0 0 3 0 0 0 0 0 0
1934 18 0 0 3 0 0 3 0 0 0 0 0 0
1935 15 1 1 12 0 0 0 0 0 3 2 0 0
fn=std::vector<unsigned char, std::allocator<unsigned char> >::begin() const
883 24 0 0 3 0 0 9 0 0 0 0 0 0
884 33 0 0 18 0 0 3 0 0 3 2 0 0
fn=std::vector<unsigned char, std::allocator<unsigned char> >::end() const
903 24 1 1 3 0 0 9 0 0 0 0 0 0
904 36 1 1 18 0 0 3 0 0 3 2 0 0
fn=std::vector<unsigned char, std::allocator<unsigned char> >::operator[](unsigned long)
1128 27324000 1 1 0 0 0 16394400 0 0 0 0 0 0
1131 21859200 0 0 16394400 0 0 0 0 0 0 0 0 0
1132 10929600 0 0 10929600 0 0 0 0 0 0 0 0 0
fn=std::vector<unsigned char, std::allocator<unsigned char> >::operator[](unsigned long) const
1147 27324000 1 0 0 0 0 16394400 0 0 0 0 0 0
1150 21859200 0 0 16394400 0 0 0 0 0 0 0 0 0
1151 10929600 0 0 10929600 0 0 0 0 0 0 0 0 0
fn=std::vector<unsigned char, std::allocator<unsigned char> >::size() const
992 24 1 0 0 0 0 12 0 0 0 0 0 0
993 48 0 0 36 2 0 0 0 0 0 0 0 0
fn=std::vector<unsigned char, std::allocator<unsigned char> >::vector(std::vector<unsigned char, std::allocator<unsigned char> > const&)
601 36 1 1 3 0 0 21 0 0 0 0 0 0
603 72 2 2 21 0 0 27 0 0 0 0 0 0
605 6 0 0 3 3 0 3 3 0 0 0 0 0
606 42 1 1 12 0 0 9 0 0 0 0 0 0
608 12 0 0 3 0 0 3 0 0 0 0 0 0
609 30 1 0 21 6 0 0 0 0 3 2 0 0
fn=std::vector<unsigned char, std::allocator<unsigned char> >::vector(unsigned long, unsigned char const&, std::allocator<unsigned char> const&)
569 27 2 2 0 0 0 18 0 0 0 0 0 0
571 36 0 0 12 0 0 6 0 0 0 0 0 0
572 30 1 1 18 3 0 3 0 0 0 0 0 0
fn=std::vector<unsigned char, std::allocator<unsigned char> >::~vector()
733 30 1 1 0 0 0 12 0 0 0 0 0 0
735 42 1 0 24 1 0 18 0 0 0 0 0 0
736 18 0 0 6 0 0 6 0 0 0 0 0 0
738 36 0 0 18 0 0 6 0 0 0 0 0 0
fn=std::vector<unsigned int, std::allocator<unsigned int> >::_M_check_len(unsigned long, char const*) const
1906 55 3 1 5 0 0 30 0 0 0 0 0 0
1908 70 5 1 15 0 0 10 0 0 5 3 0 0
1911 80 8 2 15 0 0 25 0 0 0 0 0 0
1912 55 3 1 25 0 0 10 0 0 10 7 0 0
1913 30 0 0 25 0 0 0 0 0 5 3 0 0
fn=std::vector<unsigned int, std::allocator<unsigned int> >::_S_max_size(std::allocator<unsigned int> const&)
1926 80 0 0 10 0 0 30 0 0 0 0 0 0
1931 20 0 0 0 0 0 10 0 0 0 0 0 0
1933 20 5 1 0 0 0 10 0 0 0 0 0 0
1934 60 0 0 10 0 0 10 0 0 0 0 0 0
1935 50 0 0 40 0 0 0 0 0 10 5 0 0
fn=std::vector<unsigned int, std::allocator<unsigned int> >::_S_relocate(unsigned int*, unsigned int*, unsigned int*, std::allocator<unsigned int>&)
504 40 0 0 0 0 0 25 0 0 0 0 0 0
509 30 3 1 20 0 0 5 0 0 0 0 0 0
514 10 0 0 10 0 0 0 0 0 0 0 0 0
fn=std::vector<unsigned int, std::allocator<unsigned int> >::back()
1235 128 0 0 16 0 0 48 0 0 0 0 0 0
1238 192 6 1 16 0 0 80 0 0 0 0 0 0
1239 80 6 1 64 0 0 0 0 0 16 5 0 0
fn=std::vector<unsigned int, std::allocator<unsigned int> >::begin()
873 40 5 1 5 0 0 15 0 0 0 0 0 0
874 55 5 1 30 0 0 5 0 0 5 3 0 0
fn=std::vector<unsigned int, std::allocator<unsigned int> >::end()
893 168 4 0 21 0 0 63 0 0 0 0 0 0
894 252 5 0 126 0 0 21 0 0 21 5 0 0
fn=std::vector<unsigned int, std::allocator<unsigned int> >::max_size() const
998 50 0 0 0 0 0 20 0 0 0 0 0 0
999 70 0 0 30 0 0 20 0 0 0 0 0 0
fn=std::vector<unsigned int, std::allocator<unsigned int> >::operator[](unsigned long) const
1147 296411510 0 0 0 0 0 177846906 0 0 0 0 0 0
1150 296411510 0 0 177846906 0 0 0 0 0 0 0 0 0
1151 118564604 0 0 118564604 0 0 0 0 0 0 0 0 0
fn=std::vector<unsigned int, std::allocator<unsigned int> >::push_back(unsigned int&&)
1300 96 10 2 0 0 0 48 0 0 0 0 0 0
1301 176 0 0 64 0 0 32 0 0 0 0 0 0
fn=std::vector<unsigned int, std::allocator<unsigned int> >::size() const
992 80 0 0 0 0 0 40 0 0 0 0 0 0
993 180 0 0 120 0 0 0 0 0 0 0 0 0
fn=std::vector<unsigned int, std::allocator<unsigned int> >::~vector()
733 5 1 1 0 0 0 2 0 0 0 0 0 0
735 7 0 0 4 1 0 3 0 0 0 0 0 0
736 3 1 1 1 0 0 1 0 0 0 0 0 0
738 6 0 0 3 0 0 1 0 0 0 0 0 0
fn=void std::vector<std::__cxx11::basic_string<char, std::char_traits<char>, std::allocator<char> >, std::allocator<std::__cxx11::basic_string<char, std::char_traits<char>, std::allocator<char> > > >::_M_range_initialize<char**>(char**, char**, std::forward_iterator_tag)
1689 15 2 2 3 0 0 8 0 0 0 0 0 0
1692 1 0 0 0 0 0 1 0 0 0 0 0 0
1694 14 0 0 4 0 0 4 0 0 0 0 0 0
1695 7 1 1 4 0 0 1 0 0 0 0 0 0
1696 2 0 0 1 0 0 1 0 0 0 0 0 0
1697 6 0 0 4 0 0 1 0 0 0 0 0 0
1699 4 0 0 1 0 0 1 0 0 0 0 0 0
1700 7 0 0 5 0 0 0 0 0 1 1 0 0
fl=/usr/include/c++/14/bits/string_view.tcc
fn=std::basic_string_view<char, std::char_traits<char> >::find(char, unsigned long) const
80 2920 2 1 0 0 0 1460 0 0 0 0 0 0
83 365 0 0 0 0 0 365 0 0 0 0 0 0
84 1460 0 0 1095 0 0 0 0 0 365 0 0 0
86 1460 2 1 1095 0 0 365 0 0 0 0 0 0
87 3650 0 0 1460 0 0 730 0 0 0 0 0 0
88 730 0 0 365 0 0 0 0 0 365 2 0 0
89 1515 2 1 909 0 0 303 0 0 0 0 0 0
91 365 0 0 365 0 0 0 0 0 0 0 0 0
92 730 0 0 730 0 0 0 0 0 0 0 0 0
fl=/usr/include/c++/14/bits/unordered_map.h
fn=std::unordered_map<std::basic_string_view<char, std::char_traits<char> >, std::function<bool (std::vector<std::basic_string_view<char, std::char_traits<char> >, std::allocator<std::basic_string_view<char, std::char_traits<char> > > > const&, ConfigSettings&)>, std::hash<std::basic_string_view<char, std::char_traits<char> > >, std::equal_to<std::basic_string_view<char, std::char_traits<char> > >, std::allocator<std::pair<std::basic_string_view<char, std::char_traits<char> > const, std::function<bool (std::vector<std::basic_string_view<char, std::char_traits<char> >, std::allocator<std::basic_string_view<char, std::char_traits<char> > > > const&, ConfigSettings&)> > > >::end() const
363 60 8 1 0 0 0 24 0 0 0 0 0 0
364 60 0 0 36 0 0 12 0 0 0 0 0 0
fn=std::unordered_map<std::basic_string_view<char, std::char_traits<char> >, std::function<bool (std::vector<std::basic_string_view<char, std::char_traits<char> >, std::allocator<std::basic_string_view<char, std::char_traits<char> > > > const&, ConfigSettings&)>, std::hash<std::basic_string_view<char, std::char_traits<char> > >, std::equal_to<std::basic_string_view<char, std::char_traits<char> > >, std::allocator<std::pair<std::basic_string_view<char, std::char_traits<char> > const, std::function<bool (std::vector<std::basic_string_view<char, std::char_traits<char> >, std::allocator<std::basic_string_view<char, std::char_traits<char> > > > const&, ConfigSettings&)> > > >::find(std::basic_string_view<char, std::char_traits<char> > const&) const
887 72 3 1 0 0 0 36 0 0 0 0 0 0
888 84 0 0 48 0 0 12 0 0 0 0 0 0
fn=std::unordered_map<std::basic_string_view<char, std::char_traits<char> >, std::function<bool (std::vector<std::basic_string_view<char, std::char_traits<char> >, std::allocator<std::basic_string_view<char, std::char_traits<char> > > > const&, ConfigSettings&)>, std::hash<std::basic_string_view<char, std::char_traits<char> > >, std::equal_to<std::basic_string_view<char, std::char_traits<char> > >, std::allocator<std::pair<std::basic_string_view<char, std::char_traits<char> > const, std::function<bool (std::vector<std::basic_string_view<char, std::char_traits<char> >, std::allocator<std::basic_string_view<char, std::char_traits<char> > > > const&, ConfigSettings&)> > > >::unordered_map(std::initializer_list<std::pair<std::basic_string_view<char, std::char_traits<char> > const, std::function<bool (std::vector<std::basic_string_view<char, std::char_traits<char> >, std::allocator<std::basic_string_view<char, std::char_traits<char> > > > const&, ConfigSettings&)> > >, unsigned long, std::hash<std::basic_string_view<char, std::char_traits<char> > > const&, std::equal_to<std::basic_string_view<char, std::char_traits<char> > > const&, std::allocator<std::pair<std::basic_string_view<char, std::char_traits<char> > const, std::function<bool (std::vector<std::basic_string_view<char, std::char_traits<char> >, std::allocator<std::basic_string_view<char, std::char_traits<char> > > > const&, ConfigSettings&)> > > const&)
234 15 1 1 0 0 0 7 0 0 0 0 0 0
239 13 1 1 7 0 0 2 0 0 0 0 0 0
240 3 0 0 2 0 0 0 0 0 0 0 0 0
fn=std::unordered_map<std::basic_string_view<char, std::char_traits<char> >, std::function<bool (std::vector<std::basic_string_view<char, std::char_traits<char> >, std::allocator<std::basic_string_view<char, std::char_traits<char> > > > const&, ConfigSettings&)>, std::hash<std::basic_string_view<char, std::char_traits<char> > >, std::equal_to<std::basic_string_view<char, std::char_traits<char> > >, std::allocator<std::pair<std::basic_string_view<char, std::char_traits<char> > const, std::function<bool (std::vector<std::basic_string_view<char, std::char_traits<char> >, std::allocator<std::basic_string_view<char, std::char_traits<char> > > > const&, ConfigSettings&)> > > >::~unordered_map()
109 11 2 0 3 0 0 3 0 0 0 0 0 0
fl=/usr/include/c++/14/bits/vector.tcc
fn=AABB& std::vector<AABB, std::allocator<AABB> >::emplace_back<AABB>(AABB&&)
111 96 0 0 0 0 0 48 0 0 0 0 0 0
114 96 0 0 64 0 0 0 0 0 16 1 0 0
117 99 2 1 44 0 0 44 0 0 0 0 0 0
119 66 3 0 33 0 0 11 0 0 0 0 0 0
123 40 3 1 10 0 0 10 0 0 0 0 0 0
125 48 0 0 16 0 0 16 0 0 0 0 0 0
127 32 0 0 32 0 0 0 0 0 0 0 0 0
fn=MaterialID& std::vector<MaterialID, std::allocator<MaterialID> >::emplace_back<MaterialID>(MaterialID&&)
111 108 0 0 0 0 0 54 0 0 0 0 0 0
114 108 1 1 72 0 0 0 0 0 18 7 0 0
117 108 0 0 48 0 0 48 0 0 0 0 0 0
119 72 0 0 36 0 0 12 0 0 0 0 0 0
123 48 1 1 12 0 0 12 0 0 0 0 0 0
125 54 0 0 18 0 0 18 0 0 0 0 0 0
127 36 0 0 36 0 0 0 0 0 0 0 0 0
fn=double& std::vector<double, std::allocator<double> >::emplace_back<double>(double&&)
111 96 1 0 0 0 0 48 0 0 0 0 0 0
114 96 16 1 64 0 0 0 0 0 16 3 0 0
117 99 0 0 44 0 0 44 0 0 0 0 0 0
119 66 0 0 33 0 0 11 0 0 0 0 0 0
123 40 3 1 10 0 0 10 0 0 0 0 0 0
125 48 1 0 16 0 0 16 0 0 0 0 0 0
127 32 0 0 32 0 0 0 0 0 0 0 0 0
fn=std::__cxx11::basic_string<char, std::char_traits<char>, std::allocator<char> >& std::vector<std::__cxx11::basic_string<char, std::char_traits<char>, std::allocator<char> >, std::allocator<std::__cxx11::basic_string<char, std::char_traits<char>, std::allocator<char> > > >::emplace_back<std::basic_string_view<char, std::char_traits<char> > const&>(std::basic_string_view<char, std::char_traits<char> > const&)
111 108 0 0 0 0 0 54 0 0 0 0 0 0
114 108 2 1 72 0 0 0 0 0 18 1 0 0
117 108 0 0 48 0 0 48 0 0 0 0 0 0
119 72 0 0 36 0 0 12 0 0 0 0 0 0
123 48 3 2 12 0 0 12 0 0 0 0 0 0
125 54 1 0 18 0 0 18 0 0 0 0 0 0
127 36 0 0 36 0 0 0 0 0 0 0 0 0
fn=std::basic_string_view<char, std::char_traits<char> >& std::vector<std::basic_string_view<char, std::char_traits<char> >, std::allocator<std::basic_string_view<char, std::char_traits<char> > > >::emplace_back<std::basic_string_view<char, std::char_traits<char> > >(std::basic_string_view<char, std::char_traits<char> >&&)
111 1818 0 0 0 0 0 909 0 0 0 0 0 0
114 1818 9 1 1212 0 0 0 0 0 303 108 0 0
117 846 0 0 376 0 0 376 0 0 0 0 0 0
119 564 0 0 282 0 0 94 0 0 0 0 0 0
123 1672 6 2 418 0 0 418 0 0 0 0 0 0
125 909 0 0 303 0 0 303 0 0 0 0 0 0
127 606 0 0 606 0 0 0 0 0 0 0 0 0
fn=std::vector<AABB, std::allocator<AABB> >::_M_realloc_append<AABB const&>(AABB const&)::_Guard::_Guard(AABB*, unsigned long, std::allocator<AABB>&)
607 35 5 1 0 0 0 25 0 0 0 0 0 0
608 45 0 0 30 0 0 15 0 0 0 0 0 0
609 15 0 0 10 0 0 0 0 0 0 0 0 0
fn=std::vector<AABB, std::allocator<AABB> >::_M_realloc_append<AABB const&>(AABB const&)::_Guard::~_Guard()
612 25 5 1 0 0 0 10 0 0 0 0 0 0
614 20 0 0 10 0 0 0 0 0 5 1 0 0
616 60 4 0 36 0 0 24 0 0 0 0 0 0
617 15 1 1 10 0 0 0 0 0 0 0 0 0
fn=std::vector<AABB, std::allocator<AABB> >::_M_realloc_append<AABB>(AABB&&)::_Guard::_Guard(AABB*, unsigned long, std::allocator<AABB>&)
607 35 0 0 0 0 0 25 0 0 0 0 0 0
608 45 5 1 30 0 0 15 0 0 0 0 0 0
609 15 0 0 10 0 0 0 0 0 0 0 0 0
fn=std::vector<AABB, std::allocator<AABB> >::_M_realloc_append<AABB>(AABB&&)::_Guard::~_Guard()
612 25 0 0 0 0 0 10 0 0 0 0 0 0
614 20 0 0 10 0 0 0 0 0 5 1 0 0
616 60 4 1 36 0 0 24 0 0 0 0 0 0
617 15 0 0 10 0 0 0 0 0 0 0 0 0
fn=std::vector<MaterialID, std::allocator<MaterialID> >::_M_realloc_append<MaterialID>(MaterialID&&)::_Guard::_Guard(MaterialID*, unsigned long, std::allocator<MaterialID>&)
607 42 4 1 0 0 0 30 0 0 0 0 0 0
608 54 0 0 36 0 0 18 0 0 0 0 0 0
609 18 0 0 12 0 0 0 0 0 0 0 0 0
fn=std::vector<MaterialID, std::allocator<MaterialID> >::_M_realloc_append<MaterialID>(MaterialID&&)::_Guard::~_Guard()
612 30 0 0 0 0 0 12 0 0 0 0 0 0
614 24 4 1 12 0 0 0 0 0 6 1 0 0
616 75 0 0 45 0 0 30 0 0 0 0 0 0
617 18 0 0 12 0 0 0 0 0 0 0 0 0
fn=std::vector<double, std::allocator<double> >::_M_realloc_append<double const&>(double const&)::_Guard::_Guard(double*, unsigned long, std::allocator<double>&)
607 630 0 0 0 0 0 450 0 0 0 0 0 0
608 810 1 1 540 0 0 270 0 0 0 0 0 0
609 270 0 0 180 0 0 0 0 0 0 0 0 0
fn=std::vector<double, std::allocator<double> >::_M_realloc_append<double const&>(double const&)::_Guard::~_Guard()
612 450 0 0 0 0 0 180 0 0 0 0 0 0
614 360 1 1 180 0 0 0 0 0 90 4 0 0
616 1065 0 0 639 0 0 426 0 0 0 0 0 0
617 270 0 0 180 0 0 0 0 0 0 0 0 0
fn=std::vector<double, std::allocator<double> >::_M_realloc_append<double>(double&&)::_Guard::_Guard(double*, unsigned long, std::allocator<double>&)
607 35 3 1 0 0 0 25 0 0 0 0 0 0
608 45 0 0 30 0 0 15 0 0 0 0 0 0
609 15 0 0 10 0 0 0 0 0 0 0 0 0
fn=std::vector<double, std::allocator<double> >::_M_realloc_append<double>(double&&)::_Guard::~_Guard()
612 25 0 0 0 0 0 10 0 0 0 0 0 0
614 20 3 1 10 0 0 0 0 0 5 1 0 0
616 60 0 0 36 0 0 24 0 0 0 0 0 0
617 15 0 0 10 0 0 0 0 0 0 0 0 0
fn=std::vector<int, std::allocator<int> >::_M_realloc_append<int const&>(int const&)::_Guard::_Guard(int*, unsigned long, std::allocator<int>&)
607 35 0 0 0 0 0 25 0 0 0 0 0 0
608 45 4 1 30 0 0 15 0 0 0 0 0 0
609 15 0 0 10 0 0 0 0 0 0 0 0 0
fn=std::vector<int, std::allocator<int> >::_M_realloc_append<int const&>(int const&)::_Guard::~_Guard()
612 25 0 0 0 0 0 10 0 0 0 0 0 0
614 20 0 0 10 0 0 0 0 0 5 1 0 0
616 60 3 1 36 0 0 24 0 0 0 0 0 0
617 15 0 0 10 0 0 0 0 0 0 0 0 0
fn=std::vector<std::__cxx11::basic_string<char, std::char_traits<char>, std::allocator<char> >, std::allocator<std::__cxx11::basic_string<char, std::char_traits<char>, std::allocator<char> > > >::_M_realloc_append<std::basic_string_view<char, std::char_traits<char> > const&>(std::basic_string_view<char, std::char_traits<char> > const&)::_Guard::_Guard(std::__cxx11::basic_string<char, std::char_traits<char>, std::allocator<char> >*, unsigned long, std::allocator<std::__cxx11::basic_string<char, std::char_traits<char>, std::allocator<char> > >&)
607 42 0 0 0 0 0 30 0 0 0 0 0 0
608 54 4 1 36 0 0 18 0 0 0 0 0 0
609 18 0 0 12 0 0 0 0 0 0 0 0 0
fn=std::vector<std::__cxx11::basic_string<char, std::char_traits<char>, std::allocator<char> >, std::allocator<std::__cxx11::basic_string<char, std::char_traits<char>, std::allocator<char> > > >::_M_realloc_append<std::basic_string_view<char, std::char_traits<char> > const&>(std::basic_string_view<char, std::char_traits<char> > const&)::_Guard::~_Guard()
612 30 0 0 0 0 0 12 0 0 0 0 0 0
614 24 0 0 12 0 0 0 0 0 6 1 0 0
616 75 4 1 45 0 0 30 0 0 0 0 0 0
617 18 0 0 12 0 0 0 0 0 0 0 0 0
fn=std::vector<std::basic_string_view<char, std::char_traits<char> >, std::allocator<std::basic_string_view<char, std::char_traits<char> > > >::_M_realloc_append<std::basic_string_view<char, std::char_traits<char> > >(std::basic_string_view<char, std::char_traits<char> >&&)::_Guard::_Guard(std::basic_string_view<char, std::char_traits<char> >*, unsigned long, std::allocator<std::basic_string_view<char, std::char_traits<char> > >&)
607 1463 1 1 0 0 0 1045 0 0 0 0 0 0
608 1881 0 0 1254 0 0 627 0 0 0 0 0 0
609 627 0 0 418 0 0 0 0 0 0 0 0 0
fn=std::vector<std::basic_string_view<char, std::char_traits<char> >, std::allocator<std::basic_string_view<char, std::char_traits<char> > > >::_M_realloc_append<std::basic_string_view<char, std::char_traits<char> > >(std::basic_string_view<char, std::char_traits<char> >&&)::_Guard::~_Guard()
612 1045 0 0 0 0 0 418 0 0 0 0 0 0
614 836 1 1 418 0 0 0 0 0 209 4 0 0
616 2205 0 0 1323 0 0 882 0 0 0 0 0 0
617 627 0 0 418 0 0 0 0 0 0 0 0 0
fn=std::vector<std::basic_string_view<char, std::char_traits<char> >, std::allocator<std::basic_string_view<char, std::char_traits<char> > > >::_M_realloc_append<std::basic_string_view<char, std::char_traits<char> > const&>(std::basic_string_view<char, std::char_traits<char> > const&)::_Guard::_Guard(std::basic_string_view<char, std::char_traits<char> >*, unsigned long, std::allocator<std::basic_string_view<char, std::char_traits<char> > >&)
607 224 0 0 0 0 0 160 0 0 0 0 0 0
608 288 17 1 192 0 0 96 0 0 0 0 0 0
609 96 0 0 64 0 0 0 0 0 0 0 0 0
fn=std::vector<std::basic_string_view<char, std::char_traits<char> >, std::allocator<std::basic_string_view<char, std::char_traits<char> > > >::_M_realloc_append<std::basic_string_view<char, std::char_traits<char> > const&>(std::basic_string_view<char, std::char_traits<char> > const&)::_Guard::~_Guard()
612 160 0 0 0 0 0 64 0 0 0 0 0 0
614 128 0 0 64 0 0 0 0 0 32 0 0 0
616 480 14 1 288 0 0 192 0 0 0 0 0 0
617 96 0 0 64 0 0 0 0 0 0 0 0 0
fn=std::vector<unsigned int, std::allocator<unsigned int> >::_M_realloc_append<unsigned int>(unsigned int&&)::_Guard::_Guard(unsigned int*, unsigned long, std::allocator<unsigned int>&)
607 35 0 0 0 0 0 25 0 0 0 0 0 0
608 45 5 1 30 0 0 15 0 0 0 0 0 0
609 15 0 0 10 0 0 0 0 0 0 0 0 0
fn=std::vector<unsigned int, std::allocator<unsigned int> >::_M_realloc_append<unsigned int>(unsigned int&&)::_Guard::~_Guard()
612 25 0 0 0 0 0 10 0 0 0 0 0 0
614 20 0 0 10 0 0 0 0 0 5 1 0 0
616 60 4 1 36 0 0 24 0 0 0 0 0 0
617 15 0 0 10 0 0 0 0 0 0 0 0 0
fn=unsigned int& std::vector<unsigned int, std::allocator<unsigned int> >::emplace_back<unsigned int>(unsigned int&&)
111 96 0 0 0 0 0 48 0 0 0 0 0 0
114 96 0 0 64 0 0 0 0 0 16 3 0 0
117 99 6 1 44 0 0 44 0 0 0 0 0 0
119 66 2 0 33 0 0 11 0 0 0 0 0 0
123 40 2 1 10 0 0 10 0 0 0 0 0 0
125 48 0 0 16 0 0 16 0 0 0 0 0 0
127 32 0 0 32 0 0 0 0 0 0 0 0 0
fn=void std::vector<AABB, std::allocator<AABB> >::_M_realloc_append<AABB const&>(AABB const&)
581 50 5 1 5 0 0 25 0 0 0 0 0 0
590 30 3 1 5 0 0 10 0 0 0 0 0 0
591 5 0 0 5 0 0 0 0 0 0 0 0 0
593 15 0 0 10 0 0 5 0 0 0 0 0 0
594 15 0 0 10 0 0 5 0 0 0 0 0 0
595 70 5 1 10 0 0 30 0 0 0 0 0 0
596 30 5 1 10 0 0 10 0 0 0 0 0 0
597 10 0 0 5 0 0 5 0 0 0 0 0 0
624 30 0 0 15 0 0 5 0 0 0 0 0 0
634 60 0 0 15 0 0 25 0 0 0 0 0 0
635 30 5 1 5 0 0 0 0 0 0 0 0 0
647 30 0 0 15 0 0 10 0 0 0 0 0 0
648 20 0 0 5 0 0 5 0 0 0 0 0 0
649 5 0 0 5 0 0 0 0 0 0 0 0 0
686 10 5 1 5 0 0 5 0 0 0 0 0 0
687 40 0 0 15 0 0 5 0 0 0 0 0 0
688 15 0 0 0 0 0 5 0 0 0 0 0 0
692 15 5 1 10 0 0 5 0 0 0 0 0 0
693 15 0 0 10 0 0 5 0 0 0 0 0 0
694 50 0 0 15 0 0 5 0 0 0 0 0 0
695 35 0 0 25 0 0 0 0 0 5 3 0 0
fn=void std::vector<AABB, std::allocator<AABB> >::_M_realloc_append<AABB>(AABB&&)
581 50 10 2 5 0 0 25 0 0 0 0 0 0
590 30 0 0 5 0 0 10 0 0 0 0 0 0
591 5 0 0 5 0 0 0 0 0 0 0 0 0
593 15 0 0 10 0 0 5 0 0 0 0 0 0
594 15 5 1 10 0 0 5 0 0 0 0 0 0
595 70 5 1 10 0 0 30 0 0 0 0 0 0
596 30 0 0 10 0 0 10 0 0 0 0 0 0
597 10 0 0 5 0 0 5 0 0 0 0 0 0
624 30 5 1 15 0 0 5 0 0 0 0 0 0
634 60 5 1 15 0 0 25 0 0 0 0 0 0
635 30 0 0 5 0 0 0 0 0 0 0 0 0
647 30 0 0 15 0 0 10 0 0 0 0 0 0
648 20 1 1 5 0 0 5 0 0 0 0 0 0
649 5 0 0 5 0 0 0 0 0 0 0 0 0
686 10 0 0 5 0 0 5 0 0 0 0 0 0
687 40 3 1 15 0 0 5 0 0 0 0 0 0
688 15 0 0 0 0 0 5 0 0 0 0 0 0
692 15 0 0 10 0 0 5 0 0 0 0 0 0
693 15 0 0 10 0 0 5 0 0 0 0 0 0
694 50 1 1 15 0 0 5 0 0 0 0 0 0
695 35 0 0 25 0 0 0 0 0 5 2 0 0
fn=void std::vector<MaterialID, std::allocator<MaterialID> >::_M_realloc_append<MaterialID>(MaterialID&&)
581 60 6 2 6 0 0 30 0 0 0 0 0 0
590 36 6 1 6 0 0 12 0 0 0 0 0 0
591 6 0 0 6 0 0 0 0 0 0 0 0 0
593 18 0 0 12 0 0 6 0 0 0 0 0 0
594 18 0 0 12 0 0 6 0 0 0 0 0 0
595 84 6 1 12 0 0 36 0 0 0 0 0 0
596 36 0 0 12 0 0 12 0 0 0 0 0 0
597 12 5 1 6 0 0 6 0 0 0 0 0 0
624 36 0 0 18 0 0 6 0 0 0 0 0 0
634 72 4 1 18 0 0 30 0 0 0 0 0 0
635 12 0 0 6 0 0 0 0 0 0 0 0 0
647 36 0 0 18 0 0 12 0 0 0 0 0 0
648 24 0 0 6 0 0 6 0 0 0 0 0 0
649 6 0 0 6 0 0 0 0 0 0 0 0 0
686 12 0 0 6 0 0 6 0 0 0 0 0 0
687 30 6 1 18 0 0 6 0 0 0 0 0 0
688 18 0 0 0 0 0 6 0 0 0 0 0 0
692 18 0 0 12 0 0 6 0 0 0 0 0 0
693 18 0 0 12 0 0 6 0 0 0 0 0 0
694 36 4 1 18 0 0 6 0 0 0 0 0 0
695 42 0 0 30 0 0 0 0 0 6 1 0 0
fn=void std::vector<double, std::allocator<double> >::_M_realloc_append<double const&>(double const&)
581 900 4 2 90 0 0 450 0 0 0 0 0 0
590 540 0 0 90 0 0 180 0 0 0 0 0 0
591 90 3 1 90 0 0 0 0 0 0 0 0 0
593 270 0 0 180 0 0 90 0 0 0 0 0 0
594 270 0 0 180 0 0 90 0 0 0 0 0 0
595 1260 4 1 180 0 0 540 0 0 0 0 0 0
596 540 0 0 180 0 0 180 0 0 0 0 0 0
597 180 0 0 90 0 0 90 0 0 0 0 0 0
624 540 18 1 270 0 0 90 0 0 0 0 0 0
634 1080 11 1 270 0 0 450 0 0 0 0 0 0
635 180 0 0 90 0 0 0 0 0 0 0 0 0
647 540 0 0 270 0 0 180 0 0 0 0 0 0
648 360 2 1 90 0 0 90 0 0 0 0 0 0
649 90 0 0 90 0 0 0 0 0 0 0 0 0
686 180 0 0 90 0 0 90 0 0 0 0 0 0
687 450 2 1 270 0 0 90 0 0 0 0 0 0
688 270 0 0 0 0 0 90 0 0 0 0 0 0
692 270 0 0 180 0 0 90 0 0 0 0 0 0
693 270 0 0 180 0 0 90 0 0 0 0 0 0
694 540 1 1 270 0 0 90 0 0 0 0 0 0
695 630 0 0 450 0 0 0 0 0 90 4 0 0
fn=void std::vector<double, std::allocator<double> >::_M_realloc_append<double>(double&&)
581 50 10 2 5 0 0 25 0 0 0 0 0 0
590 30 5 1 5 0 0 10 0 0 0 0 0 0
591 5 0 0 5 0 0 0 0 0 0 0 0 0
593 15 0 0 10 0 0 5 0 0 0 0 0 0
594 15 0 0 10 0 0 5 0 0 0 0 0 0
595 70 5 1 10 0 0 30 0 0 0 0 0 0
596 30 0 0 10 0 0 10 0 0 0 0 0 0
597 10 5 1 5 0 0 5 0 0 0 0 0 0
624 30 0 0 15 0 0 5 0 0 0 0 0 0
634 60 5 1 15 0 0 25 0 0 0 0 0 0
635 10 0 0 5 0 0 0 0 0 0 0 0 0
647 30 0 0 15 0 0 10 0 0 0 0 0 0
648 20 5 1 5 0 0 5 0 0 0 0 0 0
649 5 0 0 5 0 0 0 0 0 0 0 0 0
686 10 0 0 5 0 0 5 0 0 0 0 0 0
687 25 3 1 15 0 0 5 0 0 0 0 0 0
688 15 0 0 0 0 0 5 0 0 0 0 0 0
692 15 0 0 10 0 0 5 0 0 0 0 0 0
693 15 0 0 10 0 0 5 0 0 0 0 0 0
694 30 5 1 15 0 0 5 0 0 0 0 0 0
695 35 0 0 25 0 0 0 0 0 5 3 0 0
fn=void std::vector<int, std::allocator<int> >::_M_realloc_append<int const&>(int const&)
581 50 9 2 5 0 0 25 0 0 0 0 0 0
590 30 0 0 5 0 0 10 0 0 0 0 0 0
591 5 0 0 5 0 0 0 0 0 0 0 0 0
593 15 0 0 10 0 0 5 0 0 0 0 0 0
594 15 5 1 10 0 0 5 0 0 0 0 0 0
595 70 5 1 10 0 0 30 0 0 0 0 0 0
596 30 0 0 10 0 0 10 0 0 0 0 0 0
597 10 0 0 5 0 0 5 0 0 0 0 0 0
624 30 0 0 15 0 0 5 0 0 0 0 0 0
634 60 5 1 15 0 0 25 0 0 0 0 0 0
635 10 0 0 5 0 0 0 0 0 0 0 0 0
647 30 5 1 15 0 0 10 0 0 0 0 0 0
648 20 0 0 5 0 0 5 0 0 0 0 0 0
649 5 0 0 5 0 0 0 0 0 0 0 0 0
686 10 0 0 5 0 0 5 0 0 0 0 0 0
687 25 0 0 15 0 0 5 0 0 0 0 0 0
688 15 0 0 0 0 0 5 0 0 0 0 0 0
692 15 5 1 10 0 0 5 0 0 0 0 0 0
693 15 0 0 10 0 0 5 0 0 0 0 0 0
694 30 0 0 15 0 0 5 0 0 0 0 0 0
695 35 0 0 25 0 0 0 0 0 5 1 0 0
fn=void std::vector<std::__cxx11::basic_string<char, std::char_traits<char>, std::allocator<char> >, std::allocator<std::__cxx11::basic_string<char, std::char_traits<char>, std::allocator<char> > > >::_M_realloc_append<std::basic_string_view<char, std::char_traits<char> > const&>(std::basic_string_view<char, std::char_traits<char> > const&)
581 60 8 2 6 0 0 30 0 0 0 0 0 0
590 36 0 0 6 0 0 12 0 0 0 0 0 0
591 6 0 0 6 0 0 0 0 0 0 0 0 0
593 18 4 1 12 0 0 6 0 0 0 0 0 0
594 18 0 0 12 0 0 6 0 0 0 0 0 0
595 84 4 1 12 0 0 36 0 0 0 0 0 0
596 36 0 0 12 0 0 12 0 0 0 0 0 0
597 12 0 0 6 0 0 6 0 0 0 0 0 0
624 36 4 1 18 0 0 6 0 0 0 0 0 0
634 72 4 1 18 0 0 30 0 0 0 0 0 0
635 18 0 0 6 0 0 0 0 0 0 0 0 0
647 36 0 0 18 0 0 12 0 0 0 0 0 0
648 24 4 1 6 0 0 6 0 0 0 0 0 0
649 6 0 0 6 0 0 0 0 0 0 0 0 0
686 12 0 0 6 0 0 6 0 0 0 0 0 0
687 30 4 1 18 0 0 6 0 0 0 0 0 0
688 18 0 0 0 0 0 6 0 0 0 0 0 0
692 18 0 0 12 0 0 6 0 0 0 0 0 0
693 18 0 0 12 0 0 6 0 0 0 0 0 0
694 42 4 1 18 0 0 6 0 0 0 0 0 0
695 42 5 1 30 0 0 0 0 0 6 3 0 0
fn=void std::vector<std::basic_string_view<char, std::char_traits<char> >, std::allocator<std::basic_string_view<char, std::char_traits<char> > > >::_M_realloc_append<std::basic_string_view<char, std::char_traits<char> > >(std::basic_string_view<char, std::char_traits<char> >&&)
581 2090 12 2 209 0 0 1045 0 0 0 0 0 0
590 1254 0 0 209 0 0 418 0 0 0 0 0 0
591 209 13 1 209 0 0 0 0 0 0 0 0 0
593 627 0 0 418 0 0 209 0 0 0 0 0 0
594 627 0 0 418 0 0 209 0 0 0 0 0 0
595 2926 11 1 418 0 0 1254 0 0 0 0 0 0
596 1254 0 0 418 0 0 418 0 0 0 0 0 0
597 418 10 1 209 0 0 209 0 0 0 0 0 0
624 1254 0 0 627 0 0 209 0 0 0 0 0 0
634 2508 8 1 627 0 0 1045 0 0 0 0 0 0
635 627 0 0 209 0 0 0 0 0 0 0 0 0
647 1254 0 0 627 0 0 418 0 0 0 0 0 0
648 836 16 1 209 0 0 209 0 0 0 0 0 0
649 209 0 0 209 0 0 0 0 0 0 0 0 0
686 418 0 0 209 0 0 209 0 0 0 0 0 0
687 1045 6 1 627 0 0 209 0 0 0 0 0 0
688 627 0 0 0 0 0 209 0 0 0 0 0 0
692 627 0 0 418 0 0 209 0 0 0 0 0 0
693 627 0 0 418 0 0 209 0 0 0 0 0 0
694 1463 3 1 627 0 0 209 0 0 0 0 0 0
695 1463 0 0 1045 0 0 0 0 0 209 6 0 0
fn=void std::vector<std::basic_string_view<char, std::char_traits<char> >, std::allocator<std::basic_string_view<char, std::char_traits<char> > > >::_M_realloc_append<std::basic_string_view<char, std::char_traits<char> > const&>(std::basic_string_view<char, std::char_traits<char> > const&)
581 320 29 2 32 0 0 160 0 0 0 0 0 0
590 192 0 0 32 0 0 64 0 0 0 0 0 0
591 32 0 0 32 0 0 0 0 0 0 0 0 0
593 96 0 0 64 0 0 32 0 0 0 0 0 0
594 96 2 1 64 0 0 32 0 0 0 0 0 0
595 448 12 1 64 0 0 192 0 0 0 0 0 0
596 192 0 0 64 0 0 64 0 0 0 0 0 0
597 64 0 0 32 0 0 32 0 0 0 0 0 0
624 192 16 1 96 0 0 32 0 0 0 0 0 0
634 384 13 1 96 0 0 160 0 0 0 0 0 0
635 96 0 0 32 0 0 0 0 0 0 0 0 0
647 192 13 1 96 0 0 64 0 0 0 0 0 0
648 128 0 0 32 0 0 32 0 0 0 0 0 0
649 32 0 0 32 0 0 0 0 0 0 0 0 0
686 64 0 0 32 0 0 32 0 0 0 0 0 0
687 160 0 0 96 0 0 32 0 0 0 0 0 0
688 96 0 0 0 0 0 32 0 0 0 0 0 0
692 96 5 1 64 0 0 32 0 0 0 0 0 0
693 96 0 0 64 0 0 32 0 0 0 0 0 0
694 224 0 0 96 0 0 32 0 0 0 0 0 0
695 224 0 0 160 0 0 0 0 0 32 2 0 0
fn=void std::vector<unsigned int, std::allocator<unsigned int> >::_M_realloc_append<unsigned int>(unsigned int&&)
581 50 9 2 5 0 0 25 0 0 0 0 0 0
590 30 0 0 5 0 0 10 0 0 0 0 0 0
591 5 0 0 5 0 0 0 0 0 0 0 0 0
593 15 5 1 10 0 0 5 0 0 0 0 0 0
594 15 0 0 10 0 0 5 0 0 0 0 0 0
595 70 5 1 10 0 0 30 0 0 0 0 0 0
596 30 0 0 10 0 0 10 0 0 0 0 0 0
597 10 0 0 5 0 0 5 0 0 0 0 0 0
624 30 5 1 15 0 0 5 0 0 0 0 0 0
634 60 5 1 15 0 0 25 0 0 0 0 0 0
635 10 0 0 5 0 0 0 0 0 0 0 0 0
647 30 0 0 15 0 0 10 0 0 0 0 0 0
648 20 5 1 5 0 0 5 0 0 0 0 0 0
649 5 0 0 5 0 0 0 0 0 0 0 0 0
686 10 0 0 5 0 0 5 0 0 0 0 0 0
687 25 0 0 15 0 0 5 0 0 0 0 0 0
688 15 5 1 0 0 0 5 0 0 0 0 0 0
692 15 0 0 10 0 0 5 0 0 0 0 0 0
693 15 0 0 10 0 0 5 0 0 0 0 0 0
694 30 2 1 15 0 0 5 0 0 0 0 0 0
695 35 0 0 25 0 0 0 0 0 5 2 0 0
fl=/usr/include/c++/14/charconv
fn=bool std::__detail::__from_chars_alnum<true, unsigned int>(char const*&, char const*, unsigned int&, int)
517 24 1 1 0 0 0 15 0 0 0 0 0 0
522 15 0 0 3 0 0 6 0 0 0 0 0 0
523 3 0 0 0 0 0 3 0 0 0 0 0 0
524 78 2 2 51 0 0 7 0 0 10 7 0 0
526 49 1 1 21 0 0 14 0 0 0 0 0 0
527 21 0 0 14 0 0 0 0 0 7 4 0 0
530 14 0 0 14 0 0 0 0 0 0 0 0 0
531 14 0 0 7 0 0 0 0 0 7 0 0 0
533 63 1 1 35 0 0 7 0 0 0 0 0 0
542 3 0 0 0 0 0 0 0 0 0 0 0 0
543 6 0 0 6 0 0 0 0 0 0 0 0 0
fn=bool std::__detail::__from_chars_alnum<true, unsigned long>(char const*&, char const*, unsigned long&, int)
517 16 1 1 0 0 0 10 0 0 0 0 0 0
522 10 1 1 2 0 0 4 0 0 0 0 0 0
523 2 0 0 0 0 0 2 0 0 0 0 0 0
524 55 1 1 36 0 0 5 0 0 7 5 0 0
526 35 0 0 15 0 0 10 0 0 0 0 0 0
527 15 0 0 10 0 0 0 0 0 5 5 0 0
530 10 0 0 10 0 0 0 0 0 0 0 0 0
531 10 1 1 5 0 0 0 0 0 5 0 0 0
533 50 0 0 25 0 0 5 0 0 0 0 0 0
542 2 0 0 0 0 0 0 0 0 0 0 0 0
543 4 0 0 4 0 0 0 0 0 0 0 0 0
fn=std::from_chars_result std::from_chars<int, 0>(char const*, char const*, int&, int)
552 33 1 1 3 0 0 18 0 0 0 0 0 0
555 6 0 0 0 0 0 0 0 0 3 2 0 0
557 12 1 1 3 0 0 9 0 0 0 0 0 0
559 3 1 1 0 0 0 3 0 0 0 0 0 0
561 21 0 0 12 0 0 0 0 0 6 2 0 0
568 3 0 0 0 0 0 3 0 0 0 0 0 0
570 6 0 0 3 0 0 3 0 0 0 0 0 0
572 15 1 1 6 0 0 0 0 0 3 2 0 0
579 6 1 1 3 0 0 0 0 0 3 0 0 0
580 24 0 0 6 0 0 6 0 0 0 0 0 0
584 18 1 1 6 0 0 0 0 0 3 3 0 0
588 6 0 0 3 0 0 3 0 0 0 0 0 0
589 12 0 0 3 0 0 0 0 0 3 3 0 0
596 39 1 1 6 0 0 3 0 0 9 5 0 0
599 9 1 1 6 0 0 3 0 0 0 0 0 0
616 6 0 0 6 0 0 0 0 0 0 0 0 0
617 15 0 0 12 0 0 0 0 0 3 2 0 0
fn=std::from_chars_result std::from_chars<unsigned long, 0>(char const*, char const*, unsigned long&, int)
552 22 1 1 2 0 0 12 0 0 0 0 0 0
555 4 0 0 0 0 0 0 0 0 2 1 0 0
557 8 1 1 2 0 0 6 0 0 0 0 0 0
559 2 0 0 0 0 0 2 0 0 0 0 0 0
568 2 0 0 0 0 0 2 0 0 0 0 0 0
570 4 0 0 2 0 0 2 0 0 0 0 0 0
572 10 1 1 4 0 0 0 0 0 2 2 0 0
579 4 1 1 2 0 0 0 0 0 2 0 0 0
580 16 0 0 4 0 0 4 0 0 0 0 0 0
584 12 1 1 4 0 0 0 0 0 2 2 0 0
588 4 0 0 2 0 0 2 0 0 0 0 0 0
589 8 0 0 2 0 0 0 0 0 2 2 0 0
612 6 1 1 4 0 0 2 0 0 0 0 0 0
616 4 0 0 4 0 0 0 0 0 0 0 0 0
617 10 0 0 8 0 0 0 0 0 2 2 0 0
fn=unsigned char std::__detail::__from_chars_alnum_to_val<true>(unsigned char)
448 60 0 0 0 0 0 24 0 0 0 0 0 0
451 24 0 0 12 0 0 0 0 0 0 0 0 0
454 24 0 0 24 0 0 0 0 0 0 0 0 0
fl=/usr/include/c++/14/cmath
fn=std::log(long double)
331 4515250338 1 1 2006777928 0 0 2006777928 0 0 0 0 0 0
fl=/usr/include/c++/14/ext/aligned_buffer.h
fn=__gnu_cxx::__aligned_buffer<ConfigSettings>::_M_addr()
104 12 1 0 0 0 0 6 0 0 0 0 0 0
106 3 0 0 3 0 0 0 0 0 0 0 0 0
107 6 0 0 6 0 0 0 0 0 0 0 0 0
fn=__gnu_cxx::__aligned_buffer<ConfigSettings>::_M_ptr()
116 15 0 0 0 0 0 6 0 0 0 0 0 0
117 15 0 0 9 0 0 3 0 0 0 0 0 0
fn=__gnu_cxx::__aligned_buffer<std::pair<std::basic_string_view<char, std::char_traits<char> > const, std::function<bool (std::vector<std::basic_string_view<char, std::char_traits<char> >, std::allocator<std::basic_string_view<char, std::char_traits<char> > > > const&, ConfigSettings&)> > >::_M_addr()
104 152 2 1 0 0 0 76 1 0 0 0 0 0
106 38 0 0 38 0 0 0 0 0 0 0 0 0
107 76 0 0 76 0 0 0 0 0 0 0 0 0
fn=__gnu_cxx::__aligned_buffer<std::pair<std::basic_string_view<char, std::char_traits<char> > const, std::function<bool (std::vector<std::basic_string_view<char, std::char_traits<char> >, std::allocator<std::basic_string_view<char, std::char_traits<char> > > > const&, ConfigSettings&)> > >::_M_addr() const
110 624 0 0 0 0 0 312 0 0 0 0 0 0
112 156 0 0 156 0 0 0 0 0 0 0 0 0
113 312 0 0 312 0 0 0 0 0 0 0 0 0
fn=__gnu_cxx::__aligned_buffer<std::pair<std::basic_string_view<char, std::char_traits<char> > const, std::function<bool (std::vector<std::basic_string_view<char, std::char_traits<char> >, std::allocator<std::basic_string_view<char, std::char_traits<char> > > > const&, ConfigSettings&)> > >::_M_ptr()
116 190 2 1 0 0 0 76 0 0 0 0 0 0
117 190 0 0 114 0 0 38 0 0 0 0 0 0
fn=__gnu_cxx::__aligned_buffer<std::pair<std::basic_string_view<char, std::char_traits<char> > const, std::function<bool (std::vector<std::basic_string_view<char, std::char_traits<char> >, std::allocator<std::basic_string_view<char, std::char_traits<char> > > > const&, ConfigSettings&)> > >::_M_ptr() const
120 780 1 1 0 0 0 312 0 0 0 0 0 0
121 780 0 0 468 0 0 156 0 0 0 0 0 0
fl=/usr/include/c++/14/ext/alloc_traits.h
fn=std::vector<unsigned char, std::allocator<unsigned char> >::vector(std::vector<unsigned char, std::allocator<unsigned char> > const&)
98 3 0 0 0 0 0 0 0 0 0 0 0 0
fl=/usr/include/c++/14/initializer_list
fn=std::initializer_list<std::pair<std::basic_string_view<char, std::char_traits<char> > const, std::function<bool (std::vector<std::basic_string_view<char, std::char_traits<char> >, std::allocator<std::basic_string_view<char, std::char_traits<char> > > > const&, ConfigSettings&)> > >::begin() const
73 16 0 0 8 0 0 4 0 0 0 0 0 0
fn=std::initializer_list<std::pair<std::basic_string_view<char, std::char_traits<char> > const, std::function<bool (std::vector<std::basic_string_view<char, std::char_traits<char> >, std::allocator<std::basic_string_view<char, std::char_traits<char> > > > const&, ConfigSettings&)> > >::end() const
77 22 2 2 5 0 0 5 0 0 0 0 0 0
fn=std::initializer_list<std::pair<std::basic_string_view<char, std::char_traits<char> > const, std::function<bool (std::vector<std::basic_string_view<char, std::char_traits<char> >, std::allocator<std::basic_string_view<char, std::char_traits<char> > > > const&, ConfigSettings&)> > >::size() const
69 8 2 2 4 0 0 2 0 0 0 0 0 0
fl=/usr/include/c++/14/limits
fn=std::numeric_limits<double>::epsilon()
1772 555611352 17 1 277805676 2 1 92601892 0 0 0 0 0 0
fl=/usr/include/c++/14/new
fn=operator new(unsigned long, void*)
180 32277696 3 1 12104136 0 0 12104136 0 0 0 0 0 0
fl=/usr/include/c++/14/optional
fn=std::_Optional_base<Renderer::HitRecord, true, true>::_Optional_base()
641 620213924 1 1 169149252 0 0 169149252 0 0 0 0 0 0
fn=std::_Optional_base<Renderer::HitRecord, true, true>::_Optional_base<Renderer::HitRecord, false>(std::in_place_t, Renderer::HitRecord&&)
647 445251583 1 1 0 0 0 254429476 0 0 0 0 0 0
648 445251583 0 0 127214738 0 0 127214738 0 0 0 0 0 0
649 254429476 0 0 190822107 0 0 0 0 0 0 0 0 0
fn=std::_Optional_base<Renderer::Intersection, true, true>::_Optional_base()
641 470432479 2 2 128299767 0 0 128299767 0 0 0 0 0 0
fn=std::_Optional_base<Renderer::Intersection, true, true>::_Optional_base<Renderer::Intersection, false>(std::in_place_t, Renderer::Intersection&&)
647 8080093 1 1 0 0 0 4617196 0 0 0 0 0 0
648 8080093 0 0 2308598 0 0 2308598 0 0 0 0 0 0
649 4617196 0 0 3462897 0 0 0 0 0 0 0 0 0
fn=std::_Optional_base_impl<Renderer::HitRecord, std::_Optional_base<Renderer::HitRecord, true, true> >::_M_get()
473 915647795 930 1 0 0 0 366259118 0 0 0 0 0 0
475 366259118 0 0 0 0 0 0 0 0 183129559 24 0 0
476 549388677 0 0 183129559 0 0 183129559 0 0 0 0 0 0
477 366259118 0 0 366259118 0 0 0 0 0 0 0 0 0
fn=std::_Optional_base_impl<Renderer::HitRecord, std::_Optional_base<Renderer::HitRecord, true, true> >::_M_is_engaged() const
468 857902708 1012 1 0 0 0 428951354 0 0 0 0 0 0
469 857902708 0 0 857902708 0 0 0 0 0 0 0 0 0
fn=std::_Optional_base_impl<Renderer::Intersection, std::_Optional_base<Renderer::Intersection, true, true> >::_M_get()
473 72829665 0 0 0 0 0 29131866 0 0 0 0 0 0
475 29131866 0 0 0 0 0 0 0 0 14565933 6 0 0
476 43697799 0 0 14565933 0 0 14565933 0 0 0 0 0 0
477 29131866 0 0 29131866 0 0 0 0 0 0 0 0 0
fn=std::_Optional_base_impl<Renderer::Intersection, std::_Optional_base<Renderer::Intersection, true, true> >::_M_is_engaged() const
468 321753684 1 1 0 0 0 160876842 0 0 0 0 0 0
469 321753684 0 0 321753684 0 0 0 0 0 0 0 0 0
fn=std::_Optional_payload<Renderer::HitRecord, true, true, true>::_Optional_payload()
339 620213924 0 0 169149252 0 0 169149252 0 0 0 0 0 0
fn=std::_Optional_payload<Renderer::HitRecord, true, true, true>::_Optional_payload_base<Renderer::HitRecord>(std::in_place_t, Renderer::HitRecord&&)
337 890503166 1 1 254429476 0 0 254429476 0 0 0 0 0 0
fn=std::_Optional_payload<Renderer::Intersection, true, true, true>::_Optional_payload()
339 470432479 0 0 128299767 0 0 128299767 0 0 0 0 0 0
fn=std::_Optional_payload<Renderer::Intersection, true, true, true>::_Optional_payload_base<Renderer::Intersection>(std::in_place_t, Renderer::Intersection&&)
337 16160186 0 0 4617196 0 0 4617196 0 0 0 0 0 0
fn=std::_Optional_payload_base<Renderer::HitRecord>::_M_get()
302 732518236 0 0 0 0 0 366259118 0 0 0 0 0 0
303 549388677 0 0 549388677 0 0 0 0 0 0 0 0 0
fn=std::_Optional_payload_base<Renderer::HitRecord>::_Optional_payload_base()
116 732980092 1 1 225532336 0 0 225532336 2 0 0 0 0 0
fn=std::_Optional_payload_base<Renderer::HitRecord>::_Optional_payload_base<Renderer::HitRecord>(std::in_place_t, Renderer::HitRecord&&)
121 445251583 2 1 0 0 0 254429476 6 2 0 0 0 0
122 445251583 0 0 127214738 0 0 127214738 0 0 0 0 0 0
123 127214738 0 0 63607369 0 0 63607369 0 0 0 0 0 0
124 254429476 0 0 190822107 0 0 0 0 0 0 0 0 0
fn=std::_Optional_payload_base<Renderer::HitRecord>::_Storage<Renderer::HitRecord, true>::_Storage()
205 394681588 0 0 112766168 0 0 112766168 0 0 0 0 0 0
fn=std::_Optional_payload_base<Renderer::HitRecord>::_Storage<Renderer::HitRecord, true>::_Storage<Renderer::HitRecord>(std::in_place_t, Renderer::HitRecord&&)
209 445251583 0 0 0 0 0 254429476 0 0 0 0 0 0
210 2162650546 1 1 1081325273 0 0 1017717904 8 1 0 0 0 0
211 254429476 0 0 190822107 0 0 0 0 0 0 0 0 0
fn=std::_Optional_payload_base<Renderer::Intersection>::_M_get()
302 58263732 0 0 0 0 0 29131866 0 0 0 0 0 0
303 43697799 0 0 43697799 0 0 0 0 0 0 0 0 0
fn=std::_Optional_payload_base<Renderer::Intersection>::_Optional_payload_base()
116 555965657 1 1 171066356 0 0 171066356 9 4 0 0 0 0
fn=std::_Optional_payload_base<Renderer::Intersection>::_Optional_payload_base<Renderer::Intersection>(std::in_place_t, Renderer::Intersection&&)
121 8080093 1 1 0 0 0 4617196 25 2 0 0 0 0
122 8080093 0 0 2308598 0 0 2308598 8 0 0 0 0 0
123 2308598 0 0 1154299 0 0 1154299 0 0 0 0 0 0
124 4617196 0 0 3462897 0 0 0 0 0 0 0 0 0
fn=std::_Optional_payload_base<Renderer::Intersection>::_Storage<Renderer::Intersection, true>::_Storage()
205 299366123 0 0 85533178 0 0 85533178 0 0 0 0 0 0
fn=std::_Optional_payload_base<Renderer::Intersection>::_Storage<Renderer::Intersection, true>::_Storage<Renderer::Intersection>(std::in_place_t, Renderer::Intersection&&)
209 8080093 1 1 0 0 0 4617196 13 2 0 0 0 0
210 20777382 0 0 10388691 0 0 9234392 26 0 0 0 0 0
211 4617196 0 0 3462897 0 0 0 0 0 0 0 0 0
fn=std::enable_if<__and_v<std::__not_<std::is_same<std::optional<Renderer::Intersection>, std::remove_cv<std::remove_reference<Renderer::Intersection>::type>::type> >, std::__not_<std::__and_<std::is_scalar<Renderer::Intersection>, std::is_same<Renderer::Intersection, std::decay<Renderer::Intersection>::type> > >, std::is_constructible<Renderer::Intersection, Renderer::Intersection>, std::is_assignable<Renderer::Intersection&, Renderer::Intersection> >, std::optional<Renderer::Intersection>&>::type std::optional<Renderer::Intersection>::operator=<Renderer::Intersection>(Renderer::Intersection&&)
844 28233779 1 1 0 0 0 16133588 0 0 0 0 0 0
848 20166985 0 0 4033397 0 0 4033397 0 0 4033397 2 0 0
851 32267176 2 2 8066794 0 0 8066794 0 0 0 0 0 0
853 4033397 0 0 4033397 0 0 0 0 0 0 0 0 0
854 12100191 0 0 12100191 0 0 0 0 0 0 0 0 0
fn=std::optional<Renderer::HitRecord>::operator bool() const
982 1072378385 0 0 0 0 0 428951354 0 0 0 0 0 0
983 1072378385 0 0 643427031 0 0 214475677 0 0 0 0 0 0
fn=std::optional<Renderer::HitRecord>::operator*() &
971 298805475 0 0 0 0 0 119522190 0 0 0 0 0 0
972 298805475 0 0 179283285 0 0 59761095 0 0 0 0 0 0
fn=std::optional<Renderer::HitRecord>::operator->()
963 616842320 0 0 0 0 0 246736928 0 0 0 0 0 0
964 863579248 0 0 370105392 0 0 246736928 0 0 0 0 0 0
fn=std::optional<Renderer::HitRecord>::optional(std::nullopt_t)
737 620213924 2 2 169149252 0 0 169149252 0 0 0 0 0 0
fn=std::optional<Renderer::HitRecord>::optional<Renderer::HitRecord, true>(Renderer::HitRecord&&)
745 445251583 0 0 0 0 0 254429476 0 0 0 0 0 0
747 699681059 0 0 318036845 0 0 127214738 0 0 0 0 0 0
fn=std::optional<Renderer::Intersection>::operator bool() const
982 382025120 0 0 0 0 0 152810048 0 0 0 0 0 0
983 382025120 0 0 229215072 0 0 76405024 0 0 0 0 0 0
fn=std::optional<Renderer::Intersection>::operator->()
963 72829665 355 2 0 0 0 29131866 0 0 0 0 0 0
964 101961531 0 0 43697799 0 0 29131866 0 0 0 0 0 0
fn=std::optional<Renderer::Intersection>::optional(std::nullopt_t)
737 470432479 2 2 128299767 0 0 128299767 0 0 0 0 0 0
fn=std::optional<Renderer::Intersection>::optional<Renderer::Intersection, true>(Renderer::Intersection&&)
745 8080093 0 0 0 0 0 4617196 0 0 0 0 0 0
747 12697289 0 0 5771495 0 0 2308598 0 0 0 0 0 0
fn=void std::_Optional_base_impl<Renderer::Intersection, std::_Optional_base<Renderer::Intersection, true, true> >::_M_construct<Renderer::Intersection>(Renderer::Intersection&&)
452 28233779 1 1 0 0 0 16133588 0 0 0 0 0 0
455 28233779 0 0 8066794 0 0 8066794 0 0 0 0 0 0
457 16133588 0 0 12100191 0 0 0 0 0 0 0 0 0
fn=void std::_Optional_payload_base<Renderer::Intersection>::_M_construct<Renderer::Intersection>(Renderer::Intersection&&)
271 28233779 1 1 0 0 0 16133588 0 0 0 0 0 0
274 40333970 0 0 8066794 0 0 12100191 0 0 0 0 0 0
276 8066794 0 0 4033397 0 0 4033397 0 0 0 0 0 0
277 16133588 0 0 12100191 0 0 0 0 0 0 0 0 0
fl=/usr/include/c++/14/string_view
fn=bool std::operator==<char, std::char_traits<char> >(std::basic_string_view<char, std::char_traits<char> >, std::type_identity<std::basic_string_view<char, std::char_traits<char> > >::type)
609 9352 0 0 0 0 0 4008 0 0 0 0 0 0
612 10450 4 1 2422 0 0 1545 0 0 877 260 0 0
fn=std::__sv_check(unsigned long, unsigned long, char const*)
71 2121 11 1 0 0 0 1212 0 0 0 0 0 0
72 909 0 0 606 0 0 0 0 0 303 4 0 0
75 303 0 0 303 0 0 0 0 0 0 0 0 0
76 606 0 0 606 0 0 0 0 0 0 0 0 0
fn=std::basic_string_view<char, std::char_traits<char> >::_S_compare(unsigned long, unsigned long)
572 470 6 1 0 0 0 282 0 0 0 0 0 0
575 282 0 0 188 0 0 94 0 0 0 0 0 0
576 282 0 0 94 0 0 0 0 0 94 5 0 0
578 282 0 0 94 0 0 0 0 0 94 6 0 0
580 94 2 1 94 0 0 0 0 0 0 0 0 0
581 188 0 0 188 0 0 0 0 0 0 0 0 0
fn=std::basic_string_view<char, std::char_traits<char> >::back() const
281 1708 0 0 0 0 0 854 0 0 0 0 0 0
283 854 0 0 0 0 0 0 0 0 427 2 0 0
284 2562 0 0 1708 0 0 0 0 0 0 0 0 0
285 854 0 0 854 0 0 0 0 0 0 0 0 0
fn=std::basic_string_view<char, std::char_traits<char> >::basic_string_view(char const*)
140 1152 10 1 0 0 0 576 0 0 0 0 0 0
141 960 0 0 384 0 0 384 0 0 0 0 0 0
142 576 0 0 384 0 0 192 0 0 0 0 0 0
143 576 2 1 384 0 0 0 0 0 0 0 0 0
fn=std::basic_string_view<char, std::char_traits<char> >::basic_string_view(char const*, unsigned long)
146 4218 2 1 0 0 0 2812 0 0 0 0 0 0
147 4218 0 0 2812 0 0 1406 0 0 0 0 0 0
148 2109 0 0 1406 0 0 0 0 0 0 0 0 0
fn=std::basic_string_view<char, std::char_traits<char> >::compare(std::basic_string_view<char, std::char_traits<char> >) const
343 2508 10 1 0 0 0 836 0 0 0 0 0 0
345 1463 0 0 418 0 0 418 0 0 0 0 0 0
346 1672 11 1 836 0 0 418 0 0 0 0 0 0
347 418 0 0 209 0 0 0 0 0 209 6 0 0
348 658 0 0 282 0 0 188 0 0 0 0 0 0
349 209 0 0 209 0 0 0 0 0 0 0 0 0
350 418 0 0 418 0 0 0 0 0 0 0 0 0
fn=std::basic_string_view<char, std::char_traits<char> >::data() const
289 1224 0 0 0 0 0 612 0 0 0 0 0 0
290 1224 0 0 1224 0 0 0 0 0 0 0 0 0
fn=std::basic_string_view<char, std::char_traits<char> >::empty() const
247 8868 6 1 0 0 0 4434 0 0 0 0 0 0
248 13302 0 0 8868 0 0 0 0 0 0 0 0 0
fn=std::basic_string_view<char, std::char_traits<char> >::end() const
192 924 0 0 0 0 0 462 0 0 0 0 0 0
193 1617 0 0 1386 0 0 0 0 0 0 0 0 0
fn=std::basic_string_view<char, std::char_traits<char> >::front() const
273 3168 9 1 0 0 0 1584 0 0 0 0 0 0
275 1584 0 0 0 0 0 0 0 0 792 11 0 0
276 1584 0 0 1584 0 0 0 0 0 0 0 0 0
277 1584 0 0 1584 0 0 0 0 0 0 0 0 0
fn=std::basic_string_view<char, std::char_traits<char> >::length() const
234 52 1 0 0 0 0 26 0 0 0 0 0 0
235 52 0 0 52 0 0 0 0 0 0 0 0 0
fn=std::basic_string_view<char, std::char_traits<char> >::remove_prefix(unsigned long)
295 3030 1 1 0 0 0 1818 0 0 0 0 0 0
297 1212 0 0 0 0 0 0 0 0 606 13 0 0
298 3636 1 1 2424 0 0 606 0 0 0 0 0 0
299 3636 0 0 2424 0 0 606 0 0 0 0 0 0
300 1818 0 0 1212 0 0 0 0 0 0 0 0 0
fn=std::basic_string_view<char, std::char_traits<char> >::size() const
229 6716 0 0 0 0 0 3358 0 0 0 0 0 0
230 6716 0 0 6716 0 0 0 0 0 0 0 0 0
fn=std::basic_string_view<char, std::char_traits<char> >::substr(unsigned long, unsigned long) const
334 3030 16 2 303 0 0 1515 0 0 0 0 0 0
336 3030 6 1 606 0 0 909 0 0 0 0 0 0
337 3333 0 0 1212 0 0 909 0 0 0 0 0 0
338 3333 3 1 1818 0 0 303 0 0 0 0 0 0
339 1515 0 0 1212 0 0 0 0 0 303 4 0 0
fn=std::hash<std::basic_string_view<char, std::char_traits<char> > >::operator()(std::basic_string_view<char, std::char_traits<char> > const&) const
786 91 2 2 0 0 0 52 0 0 0 0 0 0
787 208 0 0 65 0 0 39 0 0 0 0 0 0
fl=/usr/include/c++/14/type_traits
fn=std::is_constant_evaluated()
3818 549 2 1 0 0 0 183 0 0 0 0 0 0
3820 183 0 0 0 0 0 0 0 0 0 0 0 0
3824 366 0 0 366 0 0 0 0 0 0 0 0 0
fl=/usr/include/x86_64-linux-gnu/c++/14/bits/c++config.h
fn=double const& std::clamp<double>(double const&, double const&, double const&)
547 10929600 0 0 0 0 0 0 0 0 0 0 0 0
fn=std::_Optional_base_impl<Renderer::HitRecord, std::_Optional_base<Renderer::HitRecord, true, true> >::_M_get()
547 183129559 0 0 0 0 0 0 0 0 0 0 0 0
fn=std::_Optional_base_impl<Renderer::Intersection, std::_Optional_base<Renderer::Intersection, true, true> >::_M_get()
547 14565933 0 0 0 0 0 0 0 0 0 0 0 0
fn=std::_Vector_base<AABB, std::allocator<AABB> >::_M_allocate(unsigned long)
547 10 0 0 0 0 0 0 0 0 0 0 0 0
fn=std::_Vector_base<AABB, std::allocator<AABB> >::_M_deallocate(AABB*, unsigned long)
547 2 0 0 0 0 0 0 0 0 0 0 0 0
fn=std::_Vector_base<MaterialID, std::allocator<MaterialID> >::_M_allocate(unsigned long)
547 6 0 0 0 0 0 0 0 0 0 0 0 0
fn=std::_Vector_base<MaterialID, std::allocator<MaterialID> >::_M_deallocate(MaterialID*, unsigned long)
547 1 0 0 0 0 0 0 0 0 0 0 0 0
fn=std::_Vector_base<double, std::allocator<double> >::_M_allocate(unsigned long)
547 95 11 1 0 0 0 0 0 0 0 0 0 0
fn=std::_Vector_base<double, std::allocator<double> >::_M_deallocate(double*, unsigned long)
547 20 0 0 0 0 0 0 0 0 0 0 0 0
fn=std::_Vector_base<int, std::allocator<int> >::_M_allocate(unsigned long)
547 5 0 0 0 0 0 0 0 0 0 0 0 0
fn=std::_Vector_base<int, std::allocator<int> >::_M_deallocate(int*, unsigned long)
547 1 0 0 0 0 0 0 0 0 0 0 0 0
fn=std::_Vector_base<std::__cxx11::basic_string<char, std::char_traits<char>, std::allocator<char> >, std::allocator<std::__cxx11::basic_string<char, std::char_traits<char>, std::allocator<char> > > >::_M_allocate(unsigned long)
547 7 0 0 0 0 0 0 0 0 0 0 0 0
fn=std::_Vector_base<std::__cxx11::basic_string<char, std::char_traits<char>, std::allocator<char> >, std::allocator<std::__cxx11::basic_string<char, std::char_traits<char>, std::allocator<char> > > >::_M_deallocate(std::__cxx11::basic_string<char, std::char_traits<char>, std::allocator<char> >*, unsigned long)
547 2 0 0 0 0 0 0 0 0 0 0 0 0
fn=std::_Vector_base<std::basic_string_view<char, std::char_traits<char> >, std::allocator<std::basic_string_view<char, std::char_traits<char> > > >::_M_allocate(unsigned long)
547 241 17 1 0 0 0 0 0 0 0 0 0 0
fn=std::_Vector_base<std::basic_string_view<char, std::char_traits<char> >, std::allocator<std::basic_string_view<char, std::char_traits<char> > > >::_M_deallocate(std::basic_string_view<char, std::char_traits<char> >*, unsigned long)
547 62 0 0 0 0 0 0 0 0 0 0 0 0
fn=std::_Vector_base<unsigned char, std::allocator<unsigned char> >::_M_allocate(unsigned long)
547 6 0 0 0 0 0 0 0 0 0 0 0 0
fn=std::_Vector_base<unsigned char, std::allocator<unsigned char> >::_M_deallocate(unsigned char*, unsigned long)
547 6 0 0 0 0 0 0 0 0 0 0 0 0
fn=std::_Vector_base<unsigned int, std::allocator<unsigned int> >::_M_allocate(unsigned long)
547 5 0 0 0 0 0 0 0 0 0 0 0 0
fn=std::_Vector_base<unsigned int, std::allocator<unsigned int> >::_M_deallocate(unsigned int*, unsigned long)
547 1 0 0 0 0 0 0 0 0 0 0 0 0
fn=std::__allocated_ptr<std::allocator<std::_Sp_counted_ptr_inplace<ConfigSettings, std::allocator<void>, (__gnu_cxx::_Lock_policy)2> > > std::__allocate_guarded<std::allocator<std::_Sp_counted_ptr_inplace<ConfigSettings, std::allocator<void>, (__gnu_cxx::_Lock_policy)2> > >(std::allocator<std::_Sp_counted_ptr_inplace<ConfigSettings, std::allocator<void>, (__gnu_cxx::_Lock_policy)2> >&)
547 1 0 0 0 0 0 0 0 0 0 0 0 0
fn=std::__allocated_ptr<std::allocator<std::_Sp_counted_ptr_inplace<ConfigSettings, std::allocator<void>, (__gnu_cxx::_Lock_policy)2> > >::~__allocated_ptr()
547 1 0 0 0 0 0 0 0 0 0 0 0 0
fn=std::__cxx11::basic_string<char, std::char_traits<char>, std::allocator<char> >::_M_destroy(unsigned long)
547 10 0 0 0 0 0 0 0 0 0 0 0 0
fn=std::__cxx11::basic_string<char, std::char_traits<char>, std::allocator<char> >::_S_allocate(std::allocator<char>&, unsigned long)
547 10 0 0 0 0 0 0 0 0 0 0 0 0
fn=std::__detail::_Hash_node<std::pair<std::basic_string_view<char, std::char_traits<char> > const, std::function<bool (std::vector<std::basic_string_view<char, std::char_traits<char> >, std::allocator<std::basic_string_view<char, std::char_traits<char> > > > const&, ConfigSettings&)> >, true>* std::__detail::_Hashtable_alloc<std::allocator<std::__detail::_Hash_node<std::pair<std::basic_string_view<char, std::char_traits<char> > const, std::function<bool (std::vector<std::basic_string_view<char, std::char_traits<char> >, std::allocator<std::basic_string_view<char, std::char_traits<char> > > > const&, ConfigSettings&)> >, true> > >::_M_allocate_node<std::basic_string_view<char, std::char_traits<char> > const&, std::function<bool (std::vector<std::basic_string_view<char, std::char_traits<char> >, std::allocator<std::basic_string_view<char, std::char_traits<char> > > > const&, ConfigSettings&)> const&>(std::basic_string_view<char, std::char_traits<char> > const&, std::function<bool (std::vector<std::basic_string_view<char, std::char_traits<char> >, std::allocator<std::basic_string_view<char, std::char_traits<char> > > > const&, ConfigSettings&)> const&)
547 13 0 0 0 0 0 0 0 0 0 0 0 0
fn=std::__detail::_Hashtable_alloc<std::allocator<std::__detail::_Hash_node<std::pair<std::basic_string_view<char, std::char_traits<char> > const, std::function<bool (std::vector<std::basic_string_view<char, std::char_traits<char> >, std::allocator<std::basic_string_view<char, std::char_traits<char> > > > const&, ConfigSettings&)> >, true> > >::_M_allocate_buckets(unsigned long)
547 1 1 1 0 0 0 0 0 0 0 0 0 0
fn=std::__detail::_Hashtable_alloc<std::allocator<std::__detail::_Hash_node<std::pair<std::basic_string_view<char, std::char_traits<char> > const, std::function<bool (std::vector<std::basic_string_view<char, std::char_traits<char> >, std::allocator<std::basic_string_view<char, std::char_traits<char> > > > const&, ConfigSettings&)> >, true> > >::_M_deallocate_buckets(std::__detail::_Hash_node_base**, unsigned long)
547 1 0 0 0 0 0 0 0 0 0 0 0 0
fn=std::__detail::_Hashtable_alloc<std::allocator<std::__detail::_Hash_node<std::pair<std::basic_string_view<char, std::char_traits<char> > const, std::function<bool (std::vector<std::basic_string_view<char, std::char_traits<char> >, std::allocator<std::basic_string_view<char, std::char_traits<char> > > > const&, ConfigSettings&)> >, true> > >::_M_deallocate_node_ptr(std::__detail::_Hash_node<std::pair<std::basic_string_view<char, std::char_traits<char> > const, std::function<bool (std::vector<std::basic_string_view<char, std::char_traits<char> >, std::allocator<std::basic_string_view<char, std::char_traits<char> > > > const&, ConfigSettings&)> >, true>*)
547 13 0 0 0 0 0 0 0 0 0 0 0 0
fn=std::basic_string_view<char, std::char_traits<char> >::back() const
547 427 2 1 0 0 0 0 0 0 0 0 0 0
fn=std::basic_string_view<char, std::char_traits<char> >::front() const
547 792 0 0 0 0 0 0 0 0 0 0 0 0
fn=std::basic_string_view<char, std::char_traits<char> >::remove_prefix(unsigned long)
547 606 0 0 0 0 0 0 0 0 0 0 0 0
fn=std::char_traits<char>::assign(char&, char const&)
547 55 0 0 0 0 0 0 0 0 0 0 0 0
fn=std::char_traits<char>::compare(char const*, char const*, unsigned long)
547 209 0 0 0 0 0 0 0 0 0 0 0 0
fn=std::char_traits<char>::copy(char*, char const*, unsigned long)
547 59 8 1 0 0 0 0 0 0 0 0 0 0
fn=std::char_traits<char>::find(char const*, unsigned long, char const&)
547 365 0 0 0 0 0 0 0 0 0 0 0 0
fn=std::char_traits<char>::length(char const*)
547 196 0 0 0 0 0 0 0 0 0 0 0 0
fn=std::from_chars_result std::from_chars<int, 0>(char const*, char const*, int&, int)
547 3 0 0 0 0 0 0 0 0 0 0 0 0
fn=std::from_chars_result std::from_chars<unsigned long, 0>(char const*, char const*, unsigned long&, int)
547 2 0 0 0 0 0 0 0 0 0 0 0 0
fn=std::uniform_real_distribution<double>::param_type::param_type(double, double)
547 250847241 0 0 0 0 0 0 0 0 0 0 0 0
fn=std::vector<AABB, std::allocator<AABB> >::_M_realloc_append<AABB const&>(AABB const&)::_Guard::~_Guard()
547 4 0 0 0 0 0 0 0 0 0 0 0 0
fn=std::vector<AABB, std::allocator<AABB> >::_M_realloc_append<AABB>(AABB&&)::_Guard::~_Guard()
547 4 0 0 0 0 0 0 0 0 0 0 0 0
fn=std::vector<MaterialID, std::allocator<MaterialID> >::_M_realloc_append<MaterialID>(MaterialID&&)::_Guard::~_Guard()
547 5 0 0 0 0 0 0 0 0 0 0 0 0
fn=std::vector<double, std::allocator<double> >::_M_realloc_append<double const&>(double const&)::_Guard::~_Guard()
547 71 0 0 0 0 0 0 0 0 0 0 0 0
fn=std::vector<double, std::allocator<double> >::_M_realloc_append<double>(double&&)::_Guard::~_Guard()
547 4 0 0 0 0 0 0 0 0 0 0 0 0
fn=std::vector<int, std::allocator<int> >::_M_realloc_append<int const&>(int const&)::_Guard::~_Guard()
547 4 0 0 0 0 0 0 0 0 0 0 0 0
fn=std::vector<std::__cxx11::basic_string<char, std::char_traits<char>, std::allocator<char> >, std::allocator<std::__cxx11::basic_string<char, std::char_traits<char>, std::allocator<char> > > >::_M_realloc_append<std::basic_string_view<char, std::char_traits<char> > const&>(std::basic_string_view<char, std::char_traits<char> > const&)::_Guard::~_Guard()
547 5 0 0 0 0 0 0 0 0 0 0 0 0
fn=std::vector<std::basic_string_view<char, std::char_traits<char> >, std::allocator<std::basic_string_view<char, std::char_traits<char> > > >::_M_realloc_append<std::basic_string_view<char, std::char_traits<char> > >(std::basic_string_view<char, std::char_traits<char> >&&)::_Guard::~_Guard()
547 147 0 0 0 0 0 0 0 0 0 0 0 0
fn=std::vector<std::basic_string_view<char, std::char_traits<char> >, std::allocator<std::basic_string_view<char, std::char_traits<char> > > >::_M_realloc_append<std::basic_string_view<char, std::char_traits<char> > const&>(std::basic_string_view<char, std::char_traits<char> > const&)::_Guard::~_Guard()
547 32 0 0 0 0 0 0 0 0 0 0 0 0
fn=std::vector<unsigned int, std::allocator<unsigned int> >::_M_realloc_append<unsigned int>(unsigned int&&)::_Guard::~_Guard()
547 4 0 0 0 0 0 0 0 0 0 0 0 0
fn=void std::_Construct<ConfigSettings, ConfigSettings&>(ConfigSettings*, ConfigSettings&)
547 1 0 0 0 0 0 0 0 0 0 0 0 0
fn=void std::_Construct<Renderer::Intersection, Renderer::Intersection>(Renderer::Intersection*, Renderer::Intersection&&)
547 4033397 0 0 0 0 0 0 0 0 0 0 0 0
fn=void std::_Construct<std::__cxx11::basic_string<char, std::char_traits<char>, std::allocator<char> >, char*&>(std::__cxx11::basic_string<char, std::char_traits<char>, std::allocator<char> >*, char*&)
547 4 0 0 0 0 0 0 0 0 0 0 0 0
fn=void std::_Destroy<AABB*>(AABB*, AABB*)
547 2 0 0 0 0 0 0 0 0 0 0 0 0
fn=void std::_Destroy<MaterialID*>(MaterialID*, MaterialID*)
547 1 0 0 0 0 0 0 0 0 0 0 0 0
fn=void std::_Destroy<double*>(double*, double*)
547 20 0 0 0 0 0 0 0 0 0 0 0 0
fn=void std::_Destroy<int*>(int*, int*)
547 1 0 0 0 0 0 0 0 0 0 0 0 0
fn=void std::_Destroy<std::__cxx11::basic_string<char, std::char_traits<char>, std::allocator<char> >*>(std::__cxx11::basic_string<char, std::char_traits<char>, std::allocator<char> >*, std::__cxx11::basic_string<char, std::char_traits<char>, std::allocator<char> >*)
547 2 0 0 0 0 0 0 0 0 0 0 0 0
fn=void std::_Destroy<std::basic_string_view<char, std::char_traits<char> >*>(std::basic_string_view<char, std::char_traits<char> >*, std::basic_string_view<char, std::char_traits<char> >*)
547 62 0 0 0 0 0 0 0 0 0 0 0 0
fn=void std::_Destroy<unsigned char*>(unsigned char*, unsigned char*)
547 6 0 0 0 0 0 0 0 0 0 0 0 0
fn=void std::_Destroy<unsigned int*>(unsigned int*, unsigned int*)
547 1 0 0 0 0 0 0 0 0 0 0 0 0
fl=/workspace/common/include/../../common/include/ray.hpp
fn=Ray::Ray(Vec3, Vec3, int)
11 480965475 0 0 0 0 0 288579285 0 0 0 0 0 0
fn=Ray::at(double) const
16 2951657550 1 1 983885850 0 0 688720095 0 0 98388585 19 0 0
fl=/workspace/common/include/../../common/include/utilities/vec3.hpp
fn=Vec3::is_near_zero() const
69 7533400 0 0 0 0 0 3766700 0 0 0 0 0 0
71 3766700 0 0 1883350 0 0 1883350 0 0 0 0 0 0
73 16186870 1 1 9712122 0 0 0 0 0 3237374 1959006 0 0
74 3766700 0 0 3766700 0 0 0 0 0 0 0 0 0
fn=Vec3::operator/=(double)
40 379894194 1 1 0 0 0 189947097 0 0 0 0 0 0
41 379894194 1 1 126631398 0 0 0 0 0 126631398 4 0 0
42 189947097 0 0 126631398 0 0 63315699 0 0 0 0 0 0
43 316578495 1 1 253262796 0 0 63315699 0 0 0 0 0 0
44 316578495 0 0 253262796 0 0 63315699 0 0 0 0 0 0
45 316578495 1 1 253262796 0 0 63315699 0 0 0 0 0 0
46 63315699 0 0 63315699 0 0 0 0 0 0 0 0 0
47 126631398 0 0 126631398 0 0 0 0 0 0 0 0 0
fn=component_perpendicular(Vec3 const&, Vec3 const&)
153 479542850 2 2 47954285 0 0 239771425 0 0 0 0 0 0
155 863177130 1 1 239771425 0 0 143862855 0 0 0 0 0 0
157 287725710 0 0 239771425 0 0 0 0 0 47954285 15 0 0
fn=dot(Vec3 const&, Vec3 const&)
117 1922152370 1 1 0 0 0 1153291422 0 0 0 0 0 0
118 6535318058 1 1 4613165688 0 0 0 0 0 0 0 0 0
119 768860948 0 0 768860948 0 0 0 0 0 0 0 0 0
fn=operator*(Vec3 const&, Vec3 const&)
91 418327665 2 2 0 0 0 239044380 0 0 0 0 0 0
92 1374505185 0 0 776894235 0 0 59761095 0 0 0 0 0 0
93 179283285 0 0 179283285 0 0 0 0 0 0 0 0 0
fn=operator*(Vec3 const&, double)
100 983968538 0 0 421700802 0 0 140566934 0 0 0 0 0 0
101 843401604 1 1 702834670 0 0 0 0 0 140566934 41 0 0
fn=operator*(double, Vec3 const&)
95 3307092999 8 1 0 0 0 1889767428 24 8 0 0 0 0
97 1417325571 0 0 1417325571 0 0 0 0 0 0 0 0 0
fn=operator+(Vec3 const&, Vec3 const&)
82 2016185892 13 1 0 0 0 1152106224 0 0 0 0 0 0
fn=operator/(Vec3 const&, double)
103 443209893 1 1 0 0 0 253262796 0 0 0 0 0 0
104 506525592 0 0 316578495 0 0 189947097 0 0 0 0 0 0
105 316578495 0 0 126631398 0 0 63315699 0 0 0 0 0 0
106 63315699 0 0 0 0 0 0 0 0 0 0 0 0
107 189947097 0 0 189947097 0 0 0 0 0 0 0 0 0
fn=reflect(Vec3 const&, Vec3 const&)
125 574969280 0 0 57496928 0 0 287484640 0 0 0 0 0 0
126 1092441632 1 1 287484640 0 0 172490784 0 0 0 0 0 0
127 344981568 0 0 287484640 0 0 0 0 0 57496928 2 0 0
fl=/workspace/common/include/./../include/../../soa/include/image_soa.hpp
fn=ImageSOA::indice(unsigned long, unsigned long) const
26 25502400 15 1 10929600 0 0 7286400 0 0 0 0 0 0
fn=ImageSOA::~ImageSOA()
10 19 1 1 5 0 0 5 0 0 0 0 0 0
fl=/workspace/common/include/./../include/rendering_engine.hpp
fn=RenderContext::RenderContext(SceneSettings*, ConfigSettings*, RandomGenerator*, RandomGenerator*)
21 8 1 1 0 0 0 6 0 0 0 0 0 0
23 15 1 0 10 0 0 4 0 0 0 0 0 0
fn=void renderImage<ImageSOA>(ImageSOA&, Camera&, RenderContext&)
28 11 2 2 1 0 0 6 0 0 0 0 0 0
29 4 0 0 2 1 0 1 0 0 0 0 0 0
30 4 1 1 2 0 0 1 0 0 0 0 0 0
32 16 1 1 3 1 1 1 0 0 1 0 0 0
33 16 2 2 3 0 0 1 0 0 1 0 0 0
34 8 1 1 4 2 0 1 0 0 0 0 0 0
36 4053 931 1 3038 0 0 1 0 0 1013 3 0 0
37 13156 1 1 2024 0 0 2024 0 0 0 0 0 0
38 25300 1 1 3036 0 0 3036 0 0 0 0 0 0
39 4048 1 1 1012 1 0 1012 0 0 0 0 0 0
40 7291460 1 1 5466824 0 0 1012 0 0 1822612 1018 0 0
41 10929600 1 1 0 0 0 5464800 0 0 0 0 0 0
42 231343200 1 1 189446400 0 0 1821600 0 0 38253600 1884971 0 0
43 364320000 1 1 145728000 1 1 72864000 0 0 0 0 0 0
44 364320000 1 1 145728000 0 0 72864000 0 0 0 0 0 0
46 255024000 1 1 36432000 0 0 36432000 0 0 0 0 0 0
47 728640000 545 1 72864000 0 0 72864000 0 0 36432000 0 0 0
48 510048000 1012 1 72864000 0 0 36432000 0 0 36432000 0 0 0
50 1092960000 2 2 400752000 0 0 291456000 0 0 0 0 0 0
51 582912000 1 1 218592000 0 0 72864000 0 0 0 0 0 0
54 12751200 1 1 1821600 0 0 1821600 0 0 0 0 0 0
56 12751200 0 0 5464800 0 0 3643200 0 0 0 0 0 0
57 18216000 0 0 9108000 0 0 1821600 0 0 0 0 0 0
60 5 0 0 0 0 0 1 0 0 0 0 0 0
61 7 1 1 5 0 0 0 0 0 1 1 0 0
fl=/workspace/common/include/camera.hpp
fn=ProjectionWindow::ProjectionWindow()
9 30 2 1 9 0 0 9 0 0 0 0 0 0
fl=/workspace/common/include/dataStructs/../utilities/vec3.hpp
fn=Vec3::Vec3()
17 176 3 2 55 0 0 55 6 0 0 0 0 0
fn=Vec3::Vec3(double, double, double)
15 31545169197 5 1 13282176504 0 0 13282176504 75 30 0 0 0 0
fn=Vec3::normalize() const
60 555611352 10 1 0 0 0 277805676 0 0 0 0 0 0
62 555611352 17 1 92601892 0 0 92601892 0 0 92601892 8 0 0
67 277805676 9 1 277805676 0 0 0 0 0 0 0 0 0
fn=operator*(double, Vec3 const&)
96 7559069712 8 1 4724418570 1 0 472441857 6 1 0 0 0 0
fn=operator-(Vec3 const&, Vec3 const&)
87 9894070954 10 1 5592300974 1 0 430176998 17 6 0 0 0 0
fl=/workspace/common/include/dataStructs/aabb.hpp
fn=AABB::AABB(Vec3 const&, Vec3 const&)
16 800 28 1 384 0 0 320 0 0 0 0 0 0
fn=AABB::from_cylinder(Vec3 const&, Vec3 const&, double, double)
26 192 7 1 16 0 0 112 0 0 0 0 0 0
28 80 11 1 16 0 0 16 0 0 0 0 0 0
29 160 11 1 32 0 0 16 0 0 0 0 0 0
30 96 0 0 16 0 0 16 0 0 0 0 0 0
31 96 12 1 16 0 0 16 0 0 0 0 0 0
33 224 12 1 32 0 0 32 0 0 0 0 0 0
34 352 5 1 96 0 0 64 0 0 0 0 0 0
35 224 0 0 32 0 0 32 0 0 0 0 0 0
36 352 33 3 96 0 0 64 0 0 0 0 0 0
37 96 0 0 16 0 0 16 0 0 0 0 0 0
38 96 0 0 80 0 0 0 0 0 16 3 0 0
fn=AABB::from_sphere(Vec3 const&, double)
19 160 5 1 16 0 0 80 0 0 0 0 0 0
20 256 9 1 144 0 0 16 0 0 0 0 0 0
21 256 16 2 144 0 0 16 0 0 0 0 0 0
22 96 0 0 16 0 0 16 0 0 0 0 0 0
23 96 0 0 80 0 0 0 0 0 16 5 0 0
fn=AABB::intersect(Ray const&, AABB const&, double, double)
40 33258798848 2 2 3023527168 0 0 18141163008 0 0 0 0 0 0
42 18410835127 1 1 7234678138 0 0 3023527168 0 0 5129102653 10700577 0 0
43 10018224400 0 0 0 0 0 5009112200 0 0 0 0 0 0
44 10018224400 0 0 0 0 0 5009112200 0 0 0 0 0 0
45 10018224400 0 0 0 0 0 5009112200 0 0 0 0 0 0
47 31783391078 1 1 15891695539 0 0 0 0 0 15891695539 269313774 0 0
49 15117635840 0 0 9070581504 1 1 3023527168 0 0 0 0 0 0
50 21164690176 1 1 15117635840 10 0 3023527168 0 0 0 0 0 0
51 21164690176 0 0 15117635840 8 0 3023527168 0 0 0 0 0 0
52 3023527168 0 0 0 0 0 0 0 0 0 0 0 0
54 8059215005 1 1 4835529003 0 0 1611843001 0 0 0 0 0 0
55 11282901007 0 0 8059215005 0 0 1611843001 0 0 0 0 0 0
56 11282901007 1 1 8059215005 8 0 1611843001 0 0 0 0 0 0
57 1611843001 0 0 0 0 0 0 0 0 0 0 0 0
59 1868710155 0 0 1121226093 0 0 373742031 0 0 0 0 0 0
60 2616194217 0 0 1868710155 0 0 373742031 0 0 0 0 0 0
61 2616194217 0 0 1868710155 0 0 373742031 0 0 0 0 0 0
62 373742031 0 0 0 0 0 0 0 0 0 0 0 0
66 15027336600 1 1 5009112200 0 0 0 0 0 5009112200 228518972 0 0
67 17994856680 1 1 0 0 0 3598971336 0 0 0 0 0 0
70 27817275016 0 0 15027336600 0 0 5009112200 0 0 5009112200 361109599 0 0
71 33314449510 0 0 15027336600 0 0 5009112200 0 0 5009112200 332479957 0 0
73 15027336600 0 0 10018224400 0 0 0 0 0 5009112200 329255021 0 0
75 5807073430 0 0 0 0 0 0 0 0 0 0 0 0
78 119990453 0 0 0 0 0 0 0 0 0 0 0 0
79 15117635840 1 1 12094108672 0 0 0 0 0 3023527168 29 0 0
fl=/workspace/common/include/dataStructs/material.hpp
fn=MatteMaterials::~MatteMaterials()
6 19 1 1 5 0 0 5 0 0 0 0 0 0
fn=RefractiveMaterials::~RefractiveMaterials()
14 11 0 0 3 0 0 3 0 0 0 0 0 0
fl=/workspace/common/include/dataStructs/object.hpp
fn=CylinderData::addAABB(AABB const&)
41 96 0 0 0 0 0 48 0 0 0 0 0 0
42 96 0 0 32 0 0 16 0 0 0 0 0 0
43 48 0 0 32 0 0 0 0 0 0 0 0 0
fn=CylinderData::addAxis(double, double, double)
27 176 2 1 16 0 0 96 0 0 0 0 0 0
28 96 0 0 16 0 0 16 0 0 0 0 0 0
29 96 2 1 16 0 0 16 0 0 0 0 0 0
30 96 0 0 16 0 0 16 0 0 0 0 0 0
33 256 8 1 96 0 0 32 0 0 0 0 0 0
34 64 6 1 16 0 0 0 0 0 16 2 0 0
35 144 0 0 48 0 0 32 0 0 0 0 0 0
39 112 10 1 64 0 0 0 0 0 16 4 0 0
fn=CylinderData::addCentre(double, double, double)
21 128 11 1 0 0 0 80 0 0 0 0 0 0
22 80 1 1 16 0 0 16 0 0 0 0 0 0
23 96 0 0 16 0 0 16 0 0 0 0 0 0
24 96 0 0 16 0 0 16 0 0 0 0 0 0
25 48 0 0 32 0 0 0 0 0 0 0 0 0
fn=CylinderData::~CylinderData()
14 47 2 2 12 0 0 12 0 0 0 0 0 0
fl=/workspace/common/include/dataStructs/settings_structs.hpp
fn=ConfigSettings::ConfigSettings()
9 31 3 3 8 0 0 8 0 0 0 0 0 0
fn=SceneSettings::~SceneSettings()
25 35 2 2 9 0 0 9 0 0 0 0 0 0
fl=/workspace/common/include/ray.hpp
fn=Ray::Ray(Vec3, Vec3, int)
12 1923861900 1 1 1154317140 0 0 673351665 0 0 0 0 0 0
fl=/workspace/common/include/renderer.hpp
fn=Renderer::HitRecord::set_face_normal(Ray const&, Vec3 const&)
40 636073690 1 1 63607369 0 0 318036845 0 0 0 0 0 0
41 699681059 1 1 190822107 0 0 127214738 0 0 0 0 0 0
42 1109573494 1 1 537107173 0 0 315666536 0 0 63607369 23098919 0 0
43 381644214 0 0 254429476 0 0 0 0 0 63607369 8 0 0
fn=Renderer::MaterialContext::MaterialContext(SceneSettings const*, ConfigSettings const*, RandomGenerator*)
16 418327665 0 0 0 0 0 298805475 0 0 0 0 0 0
17 717133140 0 0 478088760 0 0 179283285 0 0 0 0 0 0
fl=/workspace/common/include/utilities/../utilities/vec3.hpp
fn=Vec3::length_squared() const
55 8394162432 31 2 5109490176 0 0 729927168 0 0 0 0 0 0
fl=/workspace/common/include/utilities/vec3.hpp
fn=Vec3::length() const
58 13 2 1 3 0 0 4 0 0 0 0 0 0
fn=Vec3::normalize() const
61 463009460 0 0 92601892 0 0 185203784 0 0 0 0 0 0
63 648213244 0 0 185203784 0 0 185203784 0 0 0 0 0 0
64 1574232164 5 1 926018920 0 0 92601892 0 0 0 0 0 0
fn=Vec3::operator-() const
50 1593529236 1 1 714340692 0 0 219797136 0 0 0 0 0 0
fn=cross(Vec3 const&, Vec3 const&)
121 14 0 0 0 0 0 8 0 0 0 0 0 0
122 82 2 2 50 0 0 2 0 0 0 0 0 0
123 6 0 0 6 0 0 0 0 0 0 0 0 0
fn=operator+(Vec3 const&, Vec3 const&)
83 6624610788 14 1 3744345228 0 0 288026556 0 0 0 0 0 0
fn=operator-(Vec3 const&, Vec3 const&)
86 3011238986 17 1 0 0 0 1720707992 0 0 0 0 0 0
fl=/workspace/common/src/camera.cpp
fn=Camera::Camera(std::shared_ptr<ConfigSettings>&)
7 10 1 1 1 0 0 5 0 0 0 0 0 0
8 22 2 2 10 0 0 8 0 0 0 0 0 0
9 33 2 2 12 0 0 10 1 0 0 0 0 0
10 14 2 2 6 0 0 4 0 0 0 0 0 0
12 5 0 0 3 0 0 1 0 0 0 0 0 0
13 15 1 1 5 0 0 4 0 0 0 0 0 0
15 8 1 1 1 0 0 2 0 0 0 0 0 0
16 5 0 0 3 0 0 1 0 0 0 0 0 0
17 15 2 2 2 0 0 0 0 0 2 0 0 0
19 6 0 0 1 0 0 1 0 0 0 0 0 0
20 19 2 2 5 0 0 5 0 0 0 0 0 0
21 14 1 1 5 0 0 4 0 0 0 0 0 0
24 16 2 2 7 0 0 4 0 0 0 0 0 0
25 21 1 1 7 0 0 5 0 0 0 0 0 0
27 6 1 1 3 0 0 2 0 0 0 0 0 0
28 2 0 0 1 0 0 1 0 0 0 0 0 0
29 6 0 0 2 0 0 0 0 0 0 0 0 0
30 15 2 2 2 0 0 0 0 0 2 0 0 0
33 29 2 2 8 0 0 6 0 0 0 0 0 0
34 7 0 0 5 0 0 0 0 0 1 1 0 0
fl=/workspace/common/src/config_parser.cpp
fn=(anonymous namespace)::parseBackgroundDarkColor(std::vector<std::basic_string_view<char, std::char_traits<char> >, std::allocator<std::basic_string_view<char, std::char_traits<char> > > > const&, ConfigSettings&)
319 10 1 1 1 0 0 5 0 0 0 0 0 0
320 7 0 0 1 0 0 1 0 0 1 1 0 0
326 6 1 1 0 0 0 3 0 0 0 0 0 0
327 42 2 2 9 0 0 6 0 0 4 2 0 0
332 10 2 2 3 0 0 1 0 0 1 0 0 0
337 16 1 1 7 0 0 4 0 0 0 0 0 0
338 1 0 0 0 0 0 0 0 0 0 0 0 0
339 6 1 1 5 0 0 0 0 0 1 0 0 0
fn=(anonymous namespace)::parseBackgroundLightColor(std::vector<std::basic_string_view<char, std::char_traits<char> >, std::allocator<std::basic_string_view<char, std::char_traits<char> > > > const&, ConfigSettings&)
342 10 0 0 1 0 0 5 0 0 0 0 0 0
343 7 1 1 1 0 0 1 0 0 1 1 0 0
349 6 1 1 0 0 0 3 0 0 0 0 0 0
350 42 3 3 9 0 0 6 0 0 4 2 0 0
355 10 1 1 3 0 0 1 0 0 1 1 0 0
360 16 1 1 7 0 0 4 0 0 0 0 0 0
361 1 0 0 0 0 0 0 0 0 0 0 0 0
362 6 0 0 5 0 0 0 0 0 1 1 0 0
fn=(anonymous namespace)::parseCameraNorth(std::vector<std::basic_string_view<char, std::char_traits<char> >, std::allocator<std::basic_string_view<char, std::char_traits<char> > > > const&, ConfigSettings&)
194 10 1 1 1 0 0 5 0 0 0 0 0 0
195 7 0 0 1 0 0 1 0 0 1 1 0 0
201 6 1 1 0 0 0 3 0 0 0 0 0 0
202 42 2 2 9 0 0 6 0 0 4 3 0 0
207 16 2 2 7 0 0 4 0 0 0 0 0 0
208 1 0 0 0 0 0 0 0 0 0 0 0 0
209 6 0 0 5 0 0 0 0 0 1 0 0 0
fn=(anonymous namespace)::parseCameraPosition(std::vector<std::basic_string_view<char, std::char_traits<char> >, std::allocator<std::basic_string_view<char, std::char_traits<char> > > > const&, ConfigSettings&)
160 10 1 1 1 0 0 5 0 0 0 0 0 0
161 7 0 0 1 0 0 1 0 0 1 1 0 0
167 6 2 2 0 0 0 3 0 0 0 0 0 0
168 42 2 2 9 0 0 6 0 0 4 2 0 0
173 16 2 2 7 0 0 4 0 0 0 0 0 0
174 1 0 0 0 0 0 0 0 0 0 0 0 0
175 6 0 0 5 0 0 0 0 0 1 1 0 0
fn=(anonymous namespace)::parseCameraTarget(std::vector<std::basic_string_view<char, std::char_traits<char> >, std::allocator<std::basic_string_view<char, std::char_traits<char> > > > const&, ConfigSettings&)
177 10 1 1 1 0 0 5 0 0 0 0 0 0
178 7 0 0 1 0 0 1 0 0 1 1 0 0
184 6 1 1 0 0 0 3 0 0 0 0 0 0
185 42 2 2 9 0 0 6 0 0 4 1 0 0
190 16 2 2 7 0 0 4 0 0 0 0 0 0
191 1 0 0 0 0 0 0 0 0 0 0 0 0
192 6 0 0 5 0 0 0 0 0 1 1 0 0
fn=(anonymous namespace)::parseFieldOfView(std::vector<std::basic_string_view<char, std::char_traits<char> >, std::allocator<std::basic_string_view<char, std::char_traits<char> > > > const&, ConfigSettings&)
211 10 1 1 1 0 0 5 0 0 0 0 0 0
212 7 0 0 1 0 0 1 0 0 1 1 0 0
217 2 1 1 0 0 0 1 0 0 0 0 0 0
218 13 1 1 3 0 0 2 0 0 1 1 0 0
223 7 1 1 3 0 0 0 0 0 2 1 0 0
228 3 0 0 2 0 0 1 0 0 0 0 0 0
229 1 0 0 0 0 0 0 0 0 0 0 0 0
230 6 1 1 5 0 0 0 0 0 1 1 0 0
fn=(anonymous namespace)::parseGamma(std::vector<std::basic_string_view<char, std::char_traits<char> >, std::allocator<std::basic_string_view<char, std::char_traits<char> > > > const&, ConfigSettings&)
144 10 0 0 1 0 0 5 0 0 0 0 0 0
145 7 1 1 1 0 0 1 0 0 1 1 0 0
150 2 1 1 0 0 0 1 0 0 0 0 0 0
151 13 1 1 3 0 0 2 0 0 1 1 0 0
156 3 1 1 2 0 0 1 0 0 0 0 0 0
157 1 0 0 0 0 0 0 0 0 0 0 0 0
158 6 0 0 5 0 0 0 0 0 1 1 0 0
fn=(anonymous namespace)::parseImageWidth(std::vector<std::basic_string_view<char, std::char_traits<char> >, std::allocator<std::basic_string_view<char, std::char_traits<char> > > > const&, ConfigSettings&)
123 10 2 2 1 0 0 5 0 0 0 0 0 0
124 7 0 0 1 0 0 1 0 0 1 1 0 0
129 1 1 1 0 0 0 1 0 0 0 0 0 0
130 13 1 1 3 0 0 2 0 0 1 1 0 0
135 3 1 1 1 0 0 0 0 0 1 1 0 0
140 3 0 0 2 0 0 1 0 0 0 0 0 0
141 1 0 0 0 0 0 0 0 0 0 0 0 0
142 6 1 1 5 0 0 0 0 0 1 1 0 0
fn=(anonymous namespace)::parseInt(std::basic_string_view<char, std::char_traits<char> >, int&)
59 36 2 2 0 0 0 15 0 0 0 0 0 0
60 15 0 0 0 0 0 3 0 0 3 2 0 0
64 12 0 0 0 0 0 6 0 0 0 0 0 0
65 27 1 1 0 0 0 9 0 0 0 0 0 0
67 24 0 0 9 0 0 9 0 0 0 0 0 0
68 27 1 1 9 0 0 0 0 0 6 1 0 0
69 9 0 0 9 0 0 0 0 0 0 0 0 0
fn=(anonymous namespace)::parseMaterialRngSeed(std::vector<std::basic_string_view<char, std::char_traits<char> >, std::allocator<std::basic_string_view<char, std::char_traits<char> > > > const&, ConfigSettings&)
275 10 1 1 1 0 0 5 0 0 0 0 0 0
276 7 0 0 1 0 0 1 0 0 1 1 0 0
282 1 1 1 0 0 0 1 0 0 0 0 0 0
283 13 1 1 3 0 0 2 0 0 1 1 0 0
288 3 0 0 1 0 0 0 0 0 1 1 0 0
293 3 1 1 2 0 0 1 0 0 0 0 0 0
294 1 0 0 0 0 0 0 0 0 0 0 0 0
295 6 0 0 5 0 0 0 0 0 1 1 0 0
fn=(anonymous namespace)::parseMaxDepth(std::vector<std::basic_string_view<char, std::char_traits<char> >, std::allocator<std::basic_string_view<char, std::char_traits<char> > > > const&, ConfigSettings&)
254 10 1 0 1 0 0 5 0 0 0 0 0 0
255 7 1 1 1 0 0 1 0 0 1 1 0 0
260 1 1 1 0 0 0 1 0 0 0 0 0 0
261 13 1 1 3 0 0 2 0 0 1 1 0 0
266 3 0 0 1 0 0 0 0 0 1 1 0 0
271 3 1 1 2 0 0 1 0 0 0 0 0 0
272 1 0 0 0 0 0 0 0 0 0 0 0 0
273 6 0 0 5 0 0 0 0 0 1 1 0 0
fn=(anonymous namespace)::parseRayRngSeed(std::vector<std::basic_string_view<char, std::char_traits<char> >, std::allocator<std::basic_string_view<char, std::char_traits<char> > > > const&, ConfigSettings&)
297 10 1 1 1 0 0 5 0 0 0 0 0 0
298 7 0 0 1 0 0 1 0 0 1 1 0 0
303 1 1 1 0 0 0 1 0 0 0 0 0 0
304 13 0 0 3 0 0 2 0 0 1 1 0 0
309 3 1 1 1 0 0 0 0 0 1 1 0 0
314 3 1 1 2 0 0 1 0 0 0 0 0 0
315 1 0 0 0 0 0 0 0 0 0 0 0 0
316 6 0 0 5 0 0 0 0 0 1 1 0 0
fn=(anonymous namespace)::parseSamplesPerPixel(std::vector<std::basic_string_view<char, std::char_traits<char> >, std::allocator<std::basic_string_view<char, std::char_traits<char> > > > const&, ConfigSettings&)
232 10 0 0 1 0 0 5 0 0 0 0 0 0
233 7 1 1 1 0 0 1 0 0 1 1 0 0
239 1 1 1 0 0 0 1 0 0 0 0 0 0
240 13 1 1 3 0 0 2 0 0 1 1 0 0
245 3 0 0 1 0 0 0 0 0 1 0 0 0
250 3 1 1 2 0 0 1 0 0 0 0 0 0
251 1 0 0 0 0 0 0 0 0 0 0 0 0
252 6 1 1 5 0 0 0 0 0 1 0 0 0
fn=(anonymous namespace)::parseUnsignedLong(std::basic_string_view<char, std::char_traits<char> >, unsigned long&)
71 24 0 0 0 0 0 10 0 0 0 0 0 0
72 10 1 1 0 0 0 2 0 0 2 2 0 0
76 8 0 0 0 0 0 4 0 0 0 0 0 0
77 18 0 0 0 0 0 6 0 0 0 0 0 0
79 16 1 1 6 0 0 6 0 0 0 0 0 0
80 18 0 0 6 0 0 0 0 0 4 0 0 0
81 6 1 1 6 0 0 0 0 0 0 0 0 0
fn=(anonymous namespace)::parsedouble(std::basic_string_view<char, std::char_traits<char> >, double&)
47 204 2 1 0 0 0 85 0 0 0 0 0 0
48 85 0 0 0 0 0 17 0 0 17 6 0 0
52 68 0 0 0 0 0 34 0 0 0 0 0 0
53 153 1 1 0 0 0 51 0 0 0 0 0 0
55 136 0 0 51 0 0 51 0 0 0 0 0 0
56 153 0 0 51 0 0 0 0 0 34 0 0 0
57 51 0 0 51 0 0 0 0 0 0 0 0 0
fn=(anonymous namespace)::processLine(std::basic_string_view<char, std::char_traits<char> >, ConfigSettings&)
364 323 2 2 17 0 0 170 0 0 0 0 0 0
365 51 1 1 0 0 0 17 0 0 0 0 0 0
366 213 0 0 12 0 0 29 0 0 46 6 0 0
367 10 1 1 0 0 0 0 0 0 0 0 0 0
370 72 0 0 24 0 0 12 0 0 0 0 0 0
371 60 0 0 0 0 0 12 0 0 12 2 0 0
391 194 4 4 12 1 1 20 0 0 27 3 0 0
393 108 1 1 0 0 0 36 0 0 0 0 0 0
394 144 1 1 0 0 0 36 0 0 12 0 0 0
395 132 0 0 12 0 0 24 0 0 0 0 0 0
400 331 9 9 153 0 0 26 0 0 17 3 0 0
fn=(anonymous namespace)::tokenizeLine(std::basic_string_view<char, std::char_traits<char> >)
25 192 8 1 12 0 0 72 0 0 0 0 0 0
26 48 0 0 12 0 0 24 0 0 0 0 0 0
28 216 2 2 0 0 0 34 0 0 34 3 0 0
29 102 0 0 0 0 0 34 0 0 0 0 0 0
30 170 0 0 0 0 0 34 0 0 34 0 0 0
34 204 3 1 0 0 0 68 0 0 0 0 0 0
35 68 0 0 34 0 0 0 0 0 34 3 0 0
36 60 0 0 12 0 0 12 0 0 0 0 0 0
37 12 0 0 0 0 0 0 0 0 0 0 0 0
40 264 0 0 44 0 0 88 0 0 0 0 0 0
41 110 0 0 22 0 0 22 0 0 0 0 0 0
45 84 2 1 72 0 0 0 0 0 12 4 0 0
fn=(anonymous namespace)::trimWhitespace(std::basic_string_view<char, std::char_traits<char> >&)
16 255 2 1 0 0 0 102 0 0 0 0 0 0
17 1342 2 1 209 0 0 209 0 0 214 10 0 0
18 88 0 0 22 0 0 22 0 0 0 0 0 0
20 924 4 2 143 0 0 143 0 0 148 4 0 0
23 204 0 0 102 0 0 0 0 0 0 0 0 0
fn=(anonymous namespace)::validateColorComponents(double, double, double)
95 12 2 2 0 0 0 8 0 0 0 0 0 0
96 46 1 1 18 0 0 0 0 0 12 2 0 0
97 4 0 0 4 0 0 0 0 0 0 0 0 0
fn=loadConfigFromFile(std::__cxx11::basic_string<char, std::char_traits<char>, std::allocator<char> > const&)
404 10 1 1 1 0 0 5 0 0 0 0 0 0
405 3 1 1 1 0 0 1 0 0 0 0 0 0
408 6 0 0 1 0 0 1 0 0 0 0 0 0
409 2 0 0 1 0 0 1 0 0 0 0 0 0
410 3 1 1 2 1 1 1 0 0 0 0 0 0
411 9 0 0 4 0 0 3 0 0 0 0 0 0
412 9 1 1 3 0 0 3 0 0 0 0 0 0
413 9 1 1 4 0 0 3 0 0 0 0 0 0
414 3 0 0 2 0 0 1 0 0 0 0 0 0
415 2 0 0 1 0 0 1 0 0 0 0 0 0
416 2 1 1 1 0 0 1 0 0 0 0 0 0
417 2 0 0 1 0 0 1 0 0 0 0 0 0
418 2 0 0 1 0 0 1 0 0 0 0 0 0
419 9 1 1 6 1 1 3 0 0 0 0 0 0
420 9 1 1 6 0 0 3 0 0 0 0 0 0
422 6 1 1 1 0 0 1 0 0 0 0 0 0
423 6 0 0 0 0 0 1 0 0 1 1 0 0
428 3 1 1 0 0 0 1 0 0 0 0 0 0
429 1 1 1 0 0 0 1 0 0 0 0 0 0
431 235 3 2 36 0 0 36 0 0 18 7 0 0
432 17 7 0 17 0 0 0 0 0 0 0 0 0
433 221 4 1 17 0 0 34 0 0 17 3 0 0
438 1 0 0 0 0 0 0 0 0 0 0 0 0
439 13 2 1 6 0 0 2 0 0 1 1 0 0
fl=/workspace/common/src/ppm_writer.cpp
fn=PPMWriter::write_ppm(std::__cxx11::basic_string<char, std::char_traits<char>, std::allocator<char> > const&, PPMWriter::Pixels const&, unsigned long, unsigned long)
10 12 2 2 1 0 0 7 0 0 0 0 0 0
12 3 0 0 2 0 0 1 0 0 0 0 0 0
13 7 0 0 2 0 0 1 0 0 2 1 0 0
14 9 1 1 3 0 0 1 0 0 2 1 0 0
15 4 0 0 1 0 0 1 0 0 0 0 0 0
24 6 1 1 1 0 0 1 0 0 0 0 0 0
25 6 1 1 0 0 0 1 0 0 1 1 0 0
31 5 1 1 0 0 0 1 0 0 0 0 0 0
32 20 2 2 2 0 0 4 0 0 0 0 0 0
33 5 0 0 0 0 0 1 0 0 0 0 0 0
35 7286405 1 1 5464802 0 0 1 0 0 1821601 5 0 0
37 52826400 2 2 10929600 56926 0 9108000 0 0 0 0 0 0
38 38253600 1 1 5464800 28463 0 7286400 0 0 0 0 0 0
41 3 0 0 0 0 0 1 0 0 0 0 0 0
42 1 0 0 0 0 0 0 0 0 0 0 0 0
43 10 2 1 5 0 0 1 0 0 1 0 0 0
fl=/workspace/common/src/renderer.cpp
fn=Renderer::RenderCylinders(SceneSettings const&, unsigned long, Ray const&, double)
184 285485772 2 2 21960444 0 0 175683552 15 8 0 0 0 0
186 614892432 2 2 219604440 14 0 109802220 0 0 0 0 0 0
187 614892432 2 2 219604440 14 0 109802220 0 0 0 0 0 0
188 175683552 1 1 65881332 4 0 43920888 0 0 0 0 0 0
189 175683552 1 1 65881332 4 0 43920888 0 0 0 0 0 0
190 65881332 0 0 43920888 0 0 21960444 0 0 0 0 0 0
192 153723108 1 1 21960444 0 0 21960444 0 0 0 0 0 0
193 87841776 0 0 43920888 0 0 21960444 0 0 0 0 0 0
194 65881332 0 0 21960444 0 0 21960444 7 4 0 0 0 0
196 109802220 1 1 0 0 0 87841776 5 4 0 0 0 0
197 43920888 0 0 21960444 0 0 21960444 0 0 0 0 0 0
200 131762664 1 1 21960444 0 0 21960444 0 0 0 0 0 0
201 153723108 0 0 21960444 0 0 21960444 0 0 0 0 0 0
202 131762664 1 1 0 0 0 21960444 0 0 0 0 0 0
204 109802220 0 0 0 0 0 43920888 0 0 0 0 0 0
205 109802220 1 1 65881332 0 0 0 0 0 21960444 0 0 0
206 153723108 0 0 0 0 0 43920888 0 0 0 0 0 0
207 153723108 1 1 21960444 0 0 43920888 0 0 0 0 0 0
208 175683552 1 1 87841776 0 0 21960444 0 0 0 0 0 0
210 87841776 0 0 21960444 0 0 0 0 0 21960444 9645205 0 0
211 52618460 1 1 10523692 0 0 21047384 0 0 0 0 0 0
212 63142152 0 0 21047384 0 0 10523692 0 0 0 0 0 0
213 73665844 1 1 42094768 0 0 10523692 0 0 0 0 0 0
215 46596573 1 1 31064382 0 0 0 0 0 15532191 5573054 0 0
216 26960129 0 0 7702894 0 0 3851447 0 0 0 0 0 0
217 77028940 2 2 7702894 0 0 7702894 0 0 3851447 591283 0 0
218 45336318 1 1 2386122 0 0 7158366 0 0 0 0 0 0
219 45336318 2 2 16702854 0 0 19088976 0 0 0 0 0 0
220 4772244 0 0 2386122 0 0 2386122 0 0 0 0 0 0
224 63142152 1 1 0 0 0 10523692 0 0 10523692 2 0 0
225 40687850 0 0 24412710 0 0 8137570 0 0 0 0 0 0
226 39052062 1 1 26034708 0 0 0 0 0 13017354 2006311 0 0
227 22784076 1 1 6509736 0 0 3254868 0 0 0 0 0 0
228 65097360 1 1 6509736 0 0 6509736 0 0 3254868 560831 0 0
229 31298225 2 2 1647275 0 0 4941825 0 0 0 0 0 0
230 31298225 1 1 11530925 0 0 13178200 0 0 0 0 0 0
231 3294550 0 0 1647275 0 0 1647275 0 0 0 0 0 0
240 285485772 2 2 21960444 0 0 43920888 0 0 0 0 0 0
241 285485772 1 1 43920888 0 0 43920888 0 0 21960444 99371 0 0
242 5289588 0 0 1175464 0 0 587732 0 0 587732 82073 0 0
243 6982928 1 1 3491464 0 0 3491464 0 0 0 0 0 0
244 2182165 0 0 436433 0 0 872866 0 0 0 0 0 0
249 285485772 2 2 21960444 0 0 43920888 0 0 0 0 0 0
250 395287992 2 2 43920888 0 0 65881332 0 0 21960444 524572 0 0
251 5099103 1 1 1133134 0 0 566567 0 0 566567 131187 0 0
252 2351632 0 0 1175816 0 0 1175816 0 0 0 0 0 0
257 131762664 1 1 0 0 0 21960444 0 0 21960444 4371752 0 0
258 70541508 1 1 17635377 0 0 17635377 0 0 0 0 0 0
261 86501340 0 0 0 0 0 64876005 0 0 64876005 4325157 0 0
262 21625335 0 0 4325067 0 0 8650134 0 0 0 0 0 0
263 43250670 1 1 12975201 0 0 17300268 0 0 0 0 0 0
264 64876005 1 1 34600536 0 0 30275469 0 0 0 0 0 0
265 34600536 1 1 12975201 7 0 8650134 0 0 0 0 0 0
266 38925603 0 0 4325067 0 0 8650134 0 0 0 0 0 0
267 21625335 0 0 4325067 0 0 4325067 0 0 0 0 0 0
268 153723108 0 0 131762664 0 0 0 0 0 21960444 6 0 0
fn=Renderer::RenderSpheres(SceneSettings const&, unsigned long, Ray const&, double)
51 1274390117 1 1 98030009 0 0 784240072 16 2 0 0 0 0
53 1078330099 1 1 392120036 0 0 196060018 0 0 0 0 0 0
54 1666510153 1 1 686210063 9 0 392120036 8 1 0 0 0 0
55 784240072 1 1 294090027 3 0 196060018 0 0 0 0 0 0
58 588180054 0 0 98030009 0 0 98030009 0 0 0 0 0 0
59 588180054 1 1 98030009 0 0 196060018 0 0 0 0 0 0
60 784240072 1 1 98030009 0 0 196060018 0 0 0 0 0 0
61 980300090 0 0 98030009 0 0 196060018 0 0 0 0 0 0
62 588180054 1 1 294090027 0 0 98030009 0 0 0 0 0 0
65 294090027 0 0 98030009 0 0 0 0 0 98030009 5743046 0 0
66 60413456 0 0 15103364 0 0 15103364 0 0 0 0 0 0
70 414633225 1 1 82926645 0 0 165853290 0 0 0 0 0 0
71 497559870 1 1 331706580 0 0 82926645 0 0 0 0 0 0
74 332496108 0 0 221664072 0 0 0 0 0 110832036 30213908 0 0
75 220206588 1 1 165154941 0 0 55051647 0 0 0 0 0 0
77 259532466 0 0 173021644 0 0 0 0 0 86510822 19404315 0 0
78 94577372 0 0 23644343 0 0 23644343 0 0 0 0 0 0
82 1185646040 1 1 0 0 0 889234530 0 0 889234530 62247460 0 0
83 118564604 0 0 59282302 0 0 59282302 0 0 0 0 0 0
84 770669926 1 1 296411510 0 0 237129208 0 0 0 0 0 0
85 889234530 1 1 474258416 0 0 414976114 0 0 0 0 0 0
86 770669926 1 1 59282302 0 0 118564604 0 0 0 0 0 0
87 355693812 1 1 59282302 0 0 59282302 0 0 0 0 0 0
88 474258416 0 0 177846906 4 0 118564604 0 0 0 0 0 0
89 296411510 0 0 59282302 0 0 59282302 0 0 0 0 0 0
90 686210063 0 0 588180054 0 0 0 0 0 98030009 14 0 0
fn=Renderer::backgroundColor(Ray const&, ConfigSettings const&)
274 347241290 2 2 34724129 0 0 173620645 0 0 0 0 0 0
275 208344774 0 0 34724129 0 0 34724129 0 0 0 0 0 0
276 208344774 1 1 104172387 1 1 34724129 0 0 0 0 0 0
279 833379096 1012 2 208344774 0 0 104172387 0 0 0 0 0 0
280 208344774 0 0 173620645 0 0 0 0 0 34724129 0 0 0
fn=Renderer::intersectCap(Ray const&, Vec3 const&, Vec3 const&, double)
94 527050656 2 2 43920888 0 0 307446216 0 0 0 0 0 0
95 351367104 1 1 87841776 0 0 87841776 0 0 0 0 0 0
96 263525328 0 0 131762664 0 0 0 0 0 43920888 18 0 0
100 658813320 2 2 175683552 0 0 131762664 0 0 0 0 0 0
101 131762664 0 0 87841776 0 0 0 0 0 43920888 12036980 0 0
102 47683680 0 0 11920920 0 0 11920920 0 0 0 0 0 0
105 223999776 1 1 63999936 0 0 31999968 0 0 0 0 0 0
106 479999520 1 1 63999936 0 0 63999936 0 0 31999968 1022328 0 0
107 123382676 0 0 30845669 0 0 30845669 0 0 0 0 0 0
110 23085980 0 0 10388691 0 0 9234392 0 0 0 0 0 0
111 263525328 1 1 219604440 0 0 0 0 0 43920888 17 0 0
fn=Renderer::matteColor(MaterialID, Renderer::MaterialContext const&, Renderer::HitRecord)
282 20716850 889 1 1883350 0 0 11300100 0 0 0 0 0 0
283 3766700 0 0 1883350 0 0 1883350 0 0 0 0 0 0
284 26366900 1 1 11300100 0 0 3766700 0 0 0 0 0 0
285 32016950 1 1 13183450 36 0 5650050 0 0 0 0 0 0
287 22600200 1 1 3766700 0 0 3766700 0 0 0 0 0 0
289 9416750 1 1 0 0 0 1883350 0 0 1883350 2 0 0
293 39550350 841 1 13183450 0 0 13183450 0 0 0 0 0 0
294 32016950 1 1 13183450 0 0 3766700 0 0 0 0 0 0
295 13183450 0 0 11300100 0 0 0 0 0 1883350 75047 0 0
fn=Renderer::metalColor(MaterialID, Renderer::MaterialContext const&, Renderer::HitRecord)
297 631888367 931 2 57444397 0 0 344666382 0 0 0 0 0 0
298 114888794 0 0 57444397 0 0 57444397 0 0 0 0 0 0
299 804221558 1 1 344666382 0 0 114888794 0 0 0 0 0 0
300 976554749 1 1 402110779 19 0 172333191 0 0 0 0 0 0
301 516999573 1 1 229777588 4 0 114888794 0 0 0 0 0 0
303 344666382 1 1 0 0 0 57444397 0 0 0 0 0 0
304 746777161 360 1 172333191 0 0 114888794 0 0 0 0 0 0
305 631888367 0 0 0 0 0 114888794 0 0 0 0 0 0
307 1206332337 2 2 402110779 0 0 402110779 0 0 0 0 0 0
309 976554749 1 1 402110779 0 0 114888794 0 0 0 0 0 0
310 402110779 0 0 344666382 0 0 0 0 0 57444397 12 0 0
fn=Renderer::rayColor(Ray const&, SceneSettings const&, ConfigSettings const&, RandomGenerator&)
7 1250510235 976 1 96193095 0 0 769544760 0 0 0 0 0 0
8 384772380 0 0 192386190 0 0 0 0 0 96193095 1707732 0 0
9 13662968 0 0 3415742 0 0 1707871 0 0 0 0 0 0
11 188970448 1 1 94485224 1 1 94485224 0 0 0 0 0 0
12 1984189704 0 0 0 0 0 1511763584 0 0 1511763584 94485258 0 0
13 377940896 1 1 94485224 0 0 188970448 0 0 0 0 0 0
14 6519480456 25 1 4724261200 0 0 94485224 0 0 1606248808 94481831 0 0
15 25699980928 1 1 7558817920 0 0 3023527168 0 0 1511763584 12247855 0 0
17 1274390117 1 1 392120036 0 0 196060018 0 0 98030009 7 0 0
18 296411510 62 1 59282302 0 0 118564604 0 0 0 0 0 0
19 1897033664 2 2 948516832 0 0 948516832 0 0 0 0 0 0
23 472426120 0 0 94485224 0 0 188970448 0 0 0 0 0 0
24 6519480456 2 2 4724261200 0 0 94485224 0 0 1606248808 94333534 0 0
26 25699980928 1 1 7558817920 0 0 3023527168 0 0 1511763584 3360115 0 0
27 285485772 1 1 87841776 0 0 43920888 0 0 21960444 4 0 0
28 21625335 1 1 4325067 0 0 8650134 0 0 0 0 0 0
29 138402144 867 2 69201072 0 0 69201072 0 0 0 0 0 0
33 472426120 0 0 0 0 0 94485224 0 0 94485224 19830732 0 0
34 717133140 1 1 179283285 13 0 179283285 0 0 0 0 0 0
37 358566570 1 1 179283285 0 0 59761095 0 0 0 0 0 0
39 531483067 0 0 59761095 0 0 0 0 0 235860986 1671131 0 0
40 80984050 2 2 32016950 0 0 32016950 0 0 0 0 0 0
41 2470109071 26 4 976554749 0 0 976554749 0 0 0 0 0 0
42 18633964 2 2 7366916 0 0 7366916 0 0 0 0 0 0
46 243068903 1 1 104172387 0 0 34724129 0 0 0 0 0 0
47 731229410 1 1 577158570 0 0 0 0 0 96193095 38 0 0
fn=Renderer::refractiveColor(MaterialID, Renderer::MaterialContext const&, Renderer::HitRecord)
313 4333480 1 1 433348 0 0 2166740 0 0 0 0 0 0
314 866696 0 0 433348 0 0 433348 0 0 0 0 0 0
315 3900132 1 1 1733392 23 0 866696 0 0 0 0 0 0
316 2166740 0 0 0 0 0 433348 0 0 0 0 0 0
318 2559536 1 1 1063094 0 0 433348 0 0 433348 258337 0 0
320 8666960 26 2 1300044 0 0 2166740 0 0 0 0 0 0
321 4333480 26 1 866696 0 0 866696 0 0 0 0 0 0
323 2600088 0 0 0 0 0 1300044 0 0 0 0 0 0
325 2166740 1 1 1300044 0 0 0 0 0 433348 29539 0 0
326 682903 0 0 157593 0 0 210124 0 0 0 0 0 0
328 7616340 2 2 761634 0 0 1142451 0 0 0 0 0 0
329 2665719 1 1 380817 0 0 761634 0 0 0 0 0 0
330 7997157 1 1 761634 0 0 1523268 0 0 0 0 0 0
331 4569804 1 1 1142451 0 0 1523268 0 0 0 0 0 0
334 9100308 2 2 3033436 0 0 3033436 0 0 0 0 0 0
335 2600088 0 0 1300044 0 0 1300044 0 0 0 0 0 0
337 7366916 1 1 3033436 0 0 866696 0 0 0 0 0 0
338 2600088 0 0 2166740 0 0 0 0 0 433348 18 0 0
fl=/workspace/common/src/scene_parser.cpp
fn=(anonymous namespace)::findMaterialIndex(std::basic_string_view<char, std::char_traits<char> >, SceneSettings const&)
161 384 0 0 0 0 0 160 0 0 0 0 0 0
162 3029 6 1 967 0 0 365 0 0 333 8 0 0
163 4995 0 0 1332 0 0 999 0 0 333 10 0 0
164 64 0 0 32 0 0 0 0 0 0 0 0 0
168 96 0 0 96 0 0 0 0 0 0 0 0 0
fn=(anonymous namespace)::parseCylinder(std::vector<std::basic_string_view<char, std::char_traits<char> >, std::allocator<std::basic_string_view<char, std::char_traits<char> > > > const&, SceneSettings&)
209 176 12 1 16 0 0 96 0 0 0 0 0 0
210 112 0 0 16 0 0 16 0 0 16 2 0 0
216 224 15 3 0 0 0 112 0 0 0 0 0 0
217 240 0 0 48 0 0 32 0 0 32 4 0 0
218 208 0 0 48 0 0 32 0 0 16 0 0 0
219 208 8 1 48 0 0 32 0 0 16 0 0 0
220 208 8 1 48 0 0 32 0 0 16 0 0 0
221 208 11 1 48 0 0 32 0 0 16 0 0 0
222 256 14 2 48 0 0 32 0 0 32 4 0 0
223 176 16 1 48 0 0 32 0 0 0 0 0 0
228 64 9 1 16 0 0 0 0 0 16 5 0 0
233 112 9 1 16 0 0 0 0 0 16 4 0 0
237 176 19 2 64 0 0 48 0 0 0 0 0 0
238 48 0 0 16 0 0 0 0 0 16 0 0 0
242 256 12 2 96 0 0 32 0 0 0 0 0 0
243 160 10 1 64 0 0 16 0 0 0 0 0 0
244 160 16 1 64 0 0 16 0 0 0 0 0 0
245 96 0 0 16 0 0 16 0 0 0 0 0 0
246 96 6 1 16 0 0 16 0 0 0 0 0 0
247 544 16 2 144 0 0 64 0 0 0 0 0 0
249 16 0 0 0 0 0 0 0 0 0 0 0 0
250 128 0 0 96 0 0 0 0 0 16 5 0 0
fn=(anonymous namespace)::parseMatteMaterial(std::vector<std::basic_string_view<char, std::char_traits<char> >, std::allocator<std::basic_string_view<char, std::char_traits<char> > > > const&, SceneSettings&)
65 50 3 0 5 0 0 25 0 0 0 0 0 0
66 35 5 1 5 0 0 5 0 0 5 0 0 0
72 10 4 1 0 0 0 5 0 0 0 0 0 0
73 10 0 0 0 0 0 5 0 0 0 0 0 0
74 10 0 0 0 0 0 5 0 0 0 0 0 0
76 210 13 3 45 0 0 30 0 0 20 8 0 0
81 50 4 1 15 0 0 5 0 0 5 2 0 0
85 25 4 1 5 0 0 10 0 0 0 0 0 0
86 30 0 0 5 0 0 5 0 0 0 0 0 0
87 30 5 1 5 0 0 5 0 0 0 0 0 0
88 30 0 0 5 0 0 5 0 0 0 0 0 0
89 45 5 1 10 0 0 15 0 0 0 0 0 0
91 45 0 0 10 0 0 10 0 0 0 0 0 0
93 5 0 0 0 0 0 0 0 0 0 0 0 0
94 30 5 0 25 0 0 0 0 0 5 4 0 0
fn=(anonymous namespace)::parseMetalMaterial(std::vector<std::basic_string_view<char, std::char_traits<char> >, std::allocator<std::basic_string_view<char, std::char_traits<char> > > > const&, SceneSettings&)
96 90 8 1 9 0 0 45 0 0 0 0 0 0
97 63 4 1 9 0 0 9 0 0 9 2 0 0
104 18 4 1 0 0 0 9 0 0 0 0 0 0
105 18 0 0 0 0 0 9 0 0 0 0 0 0
106 18 0 0 0 0 0 9 0 0 0 0 0 0
107 18 4 1 0 0 0 9 0 0 0 0 0 0
109 135 0 0 27 0 0 18 0 0 18 3 0 0
110 117 3 1 27 0 0 18 0 0 9 0 0 0
111 144 4 1 27 0 0 18 0 0 18 2 0 0
112 99 6 1 27 0 0 18 0 0 0 0 0 0
118 153 6 1 36 0 0 9 0 0 27 5 0 0
122 45 5 1 9 0 0 18 0 0 0 0 0 0
123 54 5 1 9 0 0 9 0 0 0 0 0 0
124 54 0 0 9 0 0 9 0 0 0 0 0 0
125 54 5 1 9 0 0 9 0 0 0 0 0 0
126 54 0 0 9 0 0 9 0 0 0 0 0 0
127 81 5 1 18 0 0 27 0 0 0 0 0 0
129 81 0 0 18 0 0 18 0 0 0 0 0 0
131 9 0 0 0 0 0 0 0 0 0 0 0 0
132 54 5 1 45 0 0 0 0 0 9 2 0 0
fn=(anonymous namespace)::parseRefractiveMaterial(std::vector<std::basic_string_view<char, std::char_traits<char> >, std::allocator<std::basic_string_view<char, std::char_traits<char> > > > const&, SceneSettings&)
135 40 3 0 4 0 0 20 0 0 0 0 0 0
136 28 4 1 4 0 0 4 0 0 4 2 0 0
142 8 4 1 0 0 0 4 0 0 0 0 0 0
143 52 1 1 12 0 0 8 0 0 4 3 0 0
148 16 4 1 4 0 0 0 0 0 4 2 0 0
152 20 0 0 4 0 0 8 0 0 0 0 0 0
153 24 3 1 4 0 0 4 0 0 0 0 0 0
154 36 3 1 8 0 0 12 0 0 0 0 0 0
156 36 0 0 8 0 0 8 0 0 0 0 0 0
158 4 0 0 0 0 0 0 0 0 0 0 0 0
159 24 1 1 20 0 0 0 0 0 4 3 0 0
fn=(anonymous namespace)::parseSphere(std::vector<std::basic_string_view<char, std::char_traits<char> >, std::allocator<std::basic_string_view<char, std::char_traits<char> > > > const&, SceneSettings&)
170 176 17 2 16 0 0 96 0 0 0 0 0 0
171 112 0 0 16 0 0 16 0 0 16 2 0 0
177 32 16 1 0 0 0 16 0 0 0 0 0 0
178 32 0 0 0 0 0 16 0 0 0 0 0 0
179 32 0 0 0 0 0 16 0 0 0 0 0 0
180 32 0 0 0 0 0 16 0 0 0 0 0 0
181 240 16 1 48 0 0 32 0 0 32 4 0 0
182 208 8 1 48 0 0 32 0 0 16 8 0 0
183 256 19 2 48 0 0 32 0 0 32 4 0 0
184 176 0 0 48 0 0 32 0 0 0 0 0 0
189 64 3 1 16 0 0 0 0 0 16 5 0 0
193 176 10 1 64 0 0 48 0 0 0 0 0 0
194 32 0 0 16 0 0 0 0 0 16 2 0 0
199 80 11 1 16 0 0 16 0 0 0 0 0 0
200 96 0 0 16 0 0 16 0 0 0 0 0 0
201 96 12 1 16 0 0 16 0 0 0 0 0 0
202 96 0 0 16 0 0 16 0 0 0 0 0 0
203 128 5 1 32 0 0 32 0 0 0 0 0 0
204 352 12 1 80 0 0 48 0 0 0 0 0 0
206 16 0 0 0 0 0 0 0 0 0 0 0 0
207 128 12 1 96 0 0 0 0 0 16 5 0 0
fn=(anonymous namespace)::parsedouble(std::basic_string_view<char, std::char_traits<char> >, double&)
47 2772 1 1 0 0 0 1155 0 0 0 0 0 0
48 1155 0 0 0 0 0 231 0 0 231 7 0 0
52 924 0 0 0 0 0 462 0 0 0 0 0 0
53 1386 1 1 0 0 0 693 0 0 0 0 0 0
55 1848 0 0 693 0 0 693 0 0 0 0 0 0
57 2079 1 1 693 0 0 0 0 0 462 0 0 0
58 693 0 0 693 0 0 0 0 0 0 0 0 0
fn=(anonymous namespace)::processLine(std::basic_string_view<char, std::char_traits<char> >, SceneSettings&)
252 750 6 2 50 0 0 300 0 0 0 0 0 0
253 150 0 0 0 0 0 50 0 0 0 0 0 0
255 700 3 1 50 0 0 100 0 0 150 4 0 0
259 300 3 1 100 0 0 50 0 0 0 0 0 0
260 250 0 0 0 0 0 50 0 0 50 2 0 0
264 400 17 1 100 0 0 150 0 0 0 0 0 0
266 700 0 0 200 0 0 100 0 0 50 5 0 0
267 35 2 0 5 0 0 5 0 0 0 0 0 0
269 630 8 2 180 0 0 90 0 0 45 2 0 0
270 63 0 0 9 0 0 9 0 0 0 0 0 0
272 504 3 1 144 0 0 72 0 0 36 2 0 0
273 28 0 0 4 0 0 4 0 0 0 0 0 0
275 448 5 1 128 0 0 64 0 0 32 2 0 0
276 112 3 1 16 0 0 16 0 0 0 0 0 0
278 224 0 0 64 0 0 32 0 0 16 0 0 0
279 112 4 1 16 0 0 16 0 0 0 0 0 0
284 500 11 1 250 0 0 50 0 0 50 1 0 0
fn=(anonymous namespace)::tokenizeLine(std::basic_string_view<char, std::char_traits<char> >)
24 800 17 1 50 0 0 300 0 0 0 0 0 0
26 200 0 0 50 0 0 100 0 0 0 0 0 0
28 2036 3 2 0 0 0 331 0 0 331 5 0 0
29 993 0 0 0 0 0 331 0 0 0 0 0 0
30 1655 0 0 0 0 0 331 0 0 331 0 0 0
34 1986 8 1 0 0 0 662 0 0 0 0 0 0
35 662 0 0 331 0 0 0 0 0 331 4 0 0
36 250 0 0 50 0 0 50 0 0 0 0 0 0
37 50 0 0 0 0 0 0 0 0 0 0 0 0
40 3372 0 0 562 0 0 1124 0 0 0 0 0 0
41 1405 0 0 281 0 0 281 0 0 0 0 0 0
45 350 1 1 300 0 0 0 0 0 50 2 0 0
fn=(anonymous namespace)::trimWhitespace(std::basic_string_view<char, std::char_traits<char> >&)
15 1905 1 1 0 0 0 762 0 0 0 0 0 0
16 12578 1 1 1986 0 0 1986 0 0 1986 7 0 0
17 1124 0 0 281 0 0 281 0 0 0 0 0 0
19 7239 2 2 1143 0 0 1143 0 0 1143 2 0 0
22 1524 0 0 762 0 0 0 0 0 0 0 0 0
fn=(anonymous namespace)::validateColorComponents(double, double, double)
60 84 0 0 0 0 0 56 0 0 0 0 0 0
62 322 11 2 126 1 1 0 0 0 84 8 0 0
63 28 0 0 28 0 0 0 0 0 0 0 0 0
fn=loadSceneFromFile(std::__cxx11::basic_string<char, std::char_traits<char>, std::allocator<char> > const&)
288 10 2 2 1 0 0 5 0 0 0 0 0 0
289 85 0 0 1 0 0 78 10 0 78 7 0 0
291 6 1 1 1 0 0 1 0 0 0 0 0 0
292 6 0 0 0 0 0 1 0 0 1 1 0 0
297 3 1 1 0 0 0 1 0 0 0 0 0 0
298 1 0 0 0 0 0 1 0 0 0 0 0 0
300 664 6 1 102 0 0 102 0 0 51 8 0 0
301 50 13 0 50 0 0 0 0 0 0 0 0 0
302 650 4 1 50 0 0 100 0 0 50 2 0 0
308 13 2 2 6 0 0 2 0 0 1 1 0 0
fl=/workspace/common/src/utilities/random.cpp
fn=RandomGenerator::RandomGenerator(unsigned long)
3 28 1 1 8 0 0 8 0 0 0 0 0 0
fn=RandomGenerator::get_double(double, double)
15 2508472410 2 2 250847241 0 0 1254236205 0 0 0 0 0 0
16 1755930687 0 0 501694482 0 0 250847241 0 0 0 0 0 0
17 1254236205 0 0 250847241 0 0 250847241 0 0 0 0 0 0
18 1254236205 1 1 1003388964 0 0 0 0 0 250847241 8 0 0
fn=RandomGenerator::get_vector_minus1_to_1()
21 474621976 0 0 0 0 0 296638735 0 0 0 0 0 0
26 1779832410 3 3 593277470 0 0 237310988 0 0 0 0 0 0
27 355966482 0 0 296638735 0 0 0 0 0 0 0 0 0
fl=/workspace/soa/src/../../common/include/dataStructs/../utilities/vec3.hpp
fn=Vec3::operator+=(Vec3 const&)
19 182160000 0 0 0 0 0 109296000 0 0 0 0 0 0
20 255024000 0 0 182160000 0 0 36432000 0 0 0 0 0 0
21 255024000 1 1 182160000 0 0 36432000 0 0 0 0 0 0
22 255024000 0 0 182160000 0 0 36432000 0 0 0 0 0 0
23 36432000 0 0 36432000 0 0 0 0 0 0 0 0 0
24 72864000 0 0 72864000 0 0 0 0 0 0 0 0 0
fn=operator*(Vec3 const&, double)
99 1405669340 1 1 140566934 0 0 702834670 0 0 0 0 0 0
fn=operator+(Vec3 const&, Vec3 const&)
84 864079668 0 0 864079668 0 0 0 0 0 0 0 0 0
fn=operator-(Vec3 const&, Vec3 const&)
88 1290530994 0 0 1290530994 0 0 0 0 0 0 0 0 0
fl=/workspace/soa/src/../../common/include/dataStructs/material.hpp
fn=MetalMaterials::~MetalMaterials()
10 23 1 1 6 0 0 6 0 0 0 0 0 0
fl=/workspace/soa/src/../../common/include/dataStructs/object.hpp
fn=SphereData::~SphereData()
8 31 2 1 8 0 0 8 0 0 0 0 0 0
fl=/workspace/soa/src/../../common/include/ppm_writer.hpp
fn=PPMWriter::Pixels::Pixels(std::vector<unsigned char, std::allocator<unsigned char> > const&, std::vector<unsigned char, std::allocator<unsigned char> > const&, std::vector<unsigned char, std::allocator<unsigned char> > const&)
15 9 1 1 0 0 0 6 0 0 0 0 0 0
17 21 1 1 9 3 0 3 0 0 0 0 0 0
fn=PPMWriter::Pixels::~Pixels()
10 19 2 1 5 0 0 5 0 0 0 0 0 0
fl=/workspace/soa/src/../../common/include/utilities/color_utils.hpp
fn=color_utils::apply_gamma(double, double)
12 49183200 2 1 5464800 0 0 21859200 0 0 0 0 0 0
13 65577600 0 0 10929600 1 1 21859200 0 0 0 0 0 0
14 32788800 1 1 16394400 0 0 5464800 0 0 0 0 0 0
15 27324000 0 0 21859200 0 0 0 0 0 5464800 2 0 0
fn=color_utils::double_to_uint8(double)
19 43718400 1 1 5464800 0 0 16394400 0 0 0 0 0 0
20 65577600 0 0 10929600 0 0 21859200 0 0 0 0 0 0
21 21859200 0 0 10929600 0 0 0 0 0 0 0 0 0
22 27324000 0 0 21859200 0 0 0 0 0 5464800 2 0 0
fl=/workspace/soa/src/../include/image_soa.hpp
fn=ImageSOA::total_pixels() const
52 60112800 1 0 32788800 0 0 10929600 0 0 0 0 0 0
fl=/workspace/soa/src/image_soa.cpp
fn=ImageSOA::ImageSOA(unsigned long, unsigned long)
11 12 2 2 1 0 0 7 0 0 0 0 0 0
12 11 0 0 3 0 0 3 0 0 0 0 0 0
13 28 2 2 10 0 0 8 3 0 0 0 0 0
14 4 1 1 2 0 0 0 0 0 2 2 0 0
17 9 2 2 6 2 0 0 0 0 1 0 0 0
fn=ImageSOA::set_blue(unsigned long, double, double)
59 23680800 529 1 1821600 0 0 14572800 0 0 0 0 0 0
60 12751200 0 0 3643200 0 0 1821600 0 0 1821600 4 0 0
63 29145600 2 2 7286400 0 0 7286400 28463 0 0 0 0 0
64 16394400 1 1 10929600 0 0 0 0 0 1821600 2 0 0
fn=ImageSOA::set_green(unsigned long, double, double)
52 23680800 0 0 1821600 0 0 14572800 0 0 0 0 0 0
53 12751200 1 1 3643200 0 0 1821600 0 0 1821600 0 0 0
56 29145600 16 2 7286400 0 0 7286400 28463 0 0 0 0 0
57 16394400 1 1 10929600 0 0 0 0 0 1821600 4 0 0
fn=ImageSOA::set_pixel(unsigned long, Vec3 const&, double)
68 14572800 4 2 0 0 0 9108000 0 0 0 0 0 0
69 18216000 0 0 9108000 0 0 1821600 0 0 0 0 0 0
70 18216000 1 1 9108000 0 0 1821600 0 0 0 0 0 0
71 18216000 1 1 9108000 0 0 1821600 0 0 0 0 0 0
72 5464800 0 0 3643200 0 0 0 0 0 0 0 0 0
fn=ImageSOA::set_red(unsigned long, double, double)
44 23680800 2 2 1821600 0 0 14572800 0 0 0 0 0 0
46 12751200 0 0 3643200 0 0 1821600 0 0 1821600 253063 0 0
49 27324000 1013 2 7286400 0 0 7286400 28463 0 0 0 0 0
50 16394400 530 2 10929600 0 0 0 0 0 1821600 4 0 0
fn=ImageSOA::write_to_ppm(std::__cxx11::basic_string<char, std::char_traits<char>, std::allocator<char> > const&) const
98 10 1 1 1 0 0 5 0 0 0 0 0 0
99 8 1 1 3 0 0 1 0 0 0 0 0 0
101 11 0 0 5 2 0 1 0 0 0 0 0 0
102 9 2 1 5 0 0 1 0 0 1 0 0 0
fl=/workspace/soa/src/main.cpp
fn=main
12 14 1 1 2 1 0 6 1 0 0 0 0 0
13 12 1 1 3 0 0 1 1 0 0 0 0 0
14 7 0 0 0 0 0 1 0 0 1 1 0 0
21 9 2 2 0 0 0 2 0 0 0 0 0 0
22 9 1 0 0 0 0 2 0 0 0 0 0 0
25 5 2 1 0 0 0 1 0 0 0 0 0 0
28 5 0 0 1 0 0 1 0 0 0 0 0 0
29 5 0 0 1 0 0 1 0 0 0 0 0 0
32 5 1 1 0 0 0 1 0 0 0 0 0 0
33 3 0 0 1 0 0 1 0 0 0 0 0 0
34 3 0 0 1 0 0 1 0 0 0 0 0 0
37 8 1 1 0 0 0 1 0 0 0 0 0 0
41 8 0 0 0 0 0 2 0 0 0 0 0 0
42 6 1 1 2 0 0 1 0 0 0 0 0 0
43 6 0 0 0 0 0 1 0 0 0 0 0 0
44 12 2 1 0 0 0 2 0 0 1 1 0 0
47 3 1 1 0 0 0 1 0 0 0 0 0 0
49 1 0 0 0 0 0 0 0 0 0 0 0 0
50 16 2 1 5 1 0 3 0 0 1 0 0 0
fl=???
fn=(below main)
0 12 2 2 2 1 0 3 0 0 0 0 1 1
fn=???
0 1961016871 1465 324 847070961 954 12 49118622 21 13 27250980 46018 770618168 13015
fn=__cpu_indicator_init
0 367 40 40 48 2 1 14 0 0 101 28 0 0
fn=__cxa_get_globals
0 48600 2 1 12150 0 0 12150 0 0 0 0 0 0
fn=__cxa_guard_acquire
0 21 2 2 7 0 0 3 0 0 3 1 0 0
fn=__cxa_guard_release
0 6 1 1 3 0 0 1 0 0 1 0 0 0
fn=__gnu_cxx::stdio_sync_filebuf<char, std::char_traits<char> >::overflow(int)
0 7 2 2 1 0 0 0 0 0 1 0 0 0
fn=__gnu_cxx::stdio_sync_filebuf<char, std::char_traits<char> >::sync()
0 39489 2 1 13163 3 0 0 0 0 0 0 0 0
fn=__gnu_cxx::stdio_sync_filebuf<char, std::char_traits<char> >::xsputn(char const*, long)
0 30372 931 1 5062 2 0 0 0 0 0 0 0 0
fn=__gnu_cxx::stdio_sync_filebuf<wchar_t, std::char_traits<wchar_t> >::sync()
0 15 1 1 5 2 0 0 0 0 0 0 0 0
fn=operator delete(void*)
0 806 1 0 0 0 0 0 0 0 0 0 0 0
fn=operator delete(void*, unsigned long)
0 800 1 1 0 0 0 0 0 0 0 0 0 0
fn=operator delete[](void*)
0 6 3 1 0 0 0 0 0 0 0 0 0 0
fn=operator new(unsigned long)
0 6448 6 2 1209 0 0 1209 1 0 403 0 0 0
fn=operator new[](unsigned long)
0 6 3 1 0 0 0 0 0 0 0 0 0 0
fn=std::_Hash_bytes(void const*, unsigned long, unsigned long)
0 947 4 4 86 0 0 0 0 0 99 39 0 0
fn=std::__basic_file<char>::__basic_file(pthread_mutex_t*)
0 12 2 1 3 0 0 6 0 0 0 0 0 0
fn=std::__basic_file<char>::close()
0 99 4 1 24 0 0 24 0 0 12 7 0 0
fn=std::__basic_file<char>::fd()
0 7989 2 0 2663 0 0 0 0 0 0 0 0 0
fn=std::__basic_file<char>::is_open() const
0 88 2 0 44 0 0 0 0 0 0 0 0 0
fn=std::__basic_file<char>::open(char const*, std::_Ios_Openmode, int)
0 96 8 3 15 0 0 27 0 0 9 1 0 0
fn=std::__basic_file<char>::xsgetn(char*, long)
0 108 6 2 24 0 0 28 0 0 4 0 0 0
fn=std::__basic_file<char>::xsputn(char const*, long)
0 27 1 1 6 0 0 7 0 0 2 1 0 0
fn=std::__basic_file<char>::xsputn_2(char const*, long, char const*, long)
0 130242 4 4 29238 0 0 42528 0 0 7974 2662 0 0
fn=std::__basic_file<char>::~__basic_file()
0 18 0 0 6 0 0 6 0 0 0 0 0 0
fn=std::__cxx11::basic_string<char, std::char_traits<char>, std::allocator<char> >::_M_append(char const*, unsigned long)
0 1918 18 3 494 0 0 372 0 0 236 13 0 0
fn=std::__cxx11::messages<char>::messages(unsigned long)
0 21 2 2 5 1 0 9 0 0 0 0 0 0
fn=std::__cxx11::messages<wchar_t>::messages(unsigned long)
0 21 1 1 5 0 0 9 1 1 0 0 0 0
fn=std::__cxx11::moneypunct<char, false>::_M_initialize_moneypunct(__locale_struct*, char const*)
0 114 6 6 38 2 1 31 0 0 13 10 0 0
fn=std::__cxx11::moneypunct<char, true>::_M_initialize_moneypunct(__locale_struct*, char const*)
0 115 5 5 38 0 0 31 0 0 13 8 0 0
fn=std::__cxx11::moneypunct<wchar_t, false>::_M_initialize_moneypunct(__locale_struct*, char const*)
0 109 5 5 30 0 0 31 0 0 14 5 0 0
fn=std::__cxx11::moneypunct<wchar_t, true>::_M_initialize_moneypunct(__locale_struct*, char const*)
0 109 6 6 30 0 0 31 0 0 14 10 0 0
fn=std::__cxx11::numpunct<char>::_M_initialize_numpunct(__locale_struct*)
0 417 5 5 138 5 3 76 0 0 64 18 0 0
fn=std::__cxx11::numpunct<wchar_t>::_M_initialize_numpunct(__locale_struct*)
0 353 5 5 75 1 1 75 3 3 64 15 0 0
fn=std::__detail::_Prime_rehash_policy::_M_need_rehash(unsigned long, unsigned long, unsigned long) const
0 248 6 6 45 1 0 14 0 0 19 3 0 0
fn=std::__detail::_Prime_rehash_policy::_M_next_bkt(unsigned long) const
0 46 6 6 8 1 1 1 0 0 6 2 0 0
fn=std::__timepunct<char>::_M_initialize_timepunct(__locale_struct*)
0 132 13 13 27 3 0 30 0 0 2 1 0 0
fn=std::__timepunct<char>::__timepunct(std::__timepunct_cache<char>*, unsigned long)
0 24 2 2 5 0 0 10 0 0 0 0 0 0
fn=std::__timepunct<wchar_t>::_M_initialize_timepunct(__locale_struct*)
0 129 13 13 26 2 0 29 0 0 2 2 0 0
fn=std::__timepunct<wchar_t>::__timepunct(std::__timepunct_cache<wchar_t>*, unsigned long)
0 24 2 2 5 1 0 10 1 1 0 0 0 0
fn=std::basic_filebuf<char, std::char_traits<char> >::_M_allocate_internal_buffer()
0 54 5 2 18 0 0 15 0 0 6 2 0 0
fn=std::basic_filebuf<char, std::char_traits<char> >::_M_convert_to_external(char*, long)
0 38 4 3 13 0 0 9 0 0 3 1 1 1
fn=std::basic_filebuf<char, std::char_traits<char> >::_M_destroy_internal_buffer()
0 72 7 2 18 0 0 24 0 0 9 1 0 0
fn=std::basic_filebuf<char, std::char_traits<char> >::_M_terminate_output()
0 106 9 3 44 0 0 23 0 0 11 6 2 2
fn=std::basic_filebuf<char, std::char_traits<char> >::basic_filebuf()
0 150 15 5 27 3 0 87 0 0 0 0 0 0
fn=std::basic_filebuf<char, std::char_traits<char> >::close()
0 183 13 5 38 0 0 63 0 0 11 3 0 0
fn=std::basic_filebuf<char, std::char_traits<char> >::open(char const*, std::_Ios_Openmode)
0 147 12 4 24 0 0 51 0 0 9 2 0 0
fn=std::basic_filebuf<char, std::char_traits<char> >::overflow(int)
0 106 8 8 29 0 0 19 0 0 16 7 0 0
fn=std::basic_filebuf<char, std::char_traits<char> >::underflow()
0 266 22 8 88 2 0 56 0 0 34 6 4 1
fn=std::basic_filebuf<char, std::char_traits<char> >::xsputn(char const*, long)
0 426331720 5 5 142098169 2 0 65596242 0 0 54656004 2675 10929606 1
fn=std::basic_ifstream<char, std::char_traits<char> >::basic_ifstream(std::__cxx11::basic_string<char, std::char_traits<char>, std::allocator<char> > const&, std::_Ios_Openmode)
0 120 8 4 24 2 0 44 0 0 2 0 0 0
fn=std::basic_ifstream<char, std::char_traits<char> >::is_open()
0 6 2 1 0 0 0 0 0 0 0 0 0 0
fn=std::basic_ifstream<char, std::char_traits<char> >::~basic_ifstream()
0 66 8 4 12 1 0 24 0 0 0 0 0 0
fn=std::basic_ios<char, std::char_traits<char> >::_M_cache_locale(std::locale const&)
0 320 9 3 160 9 0 90 0 0 0 0 0 0
fn=std::basic_ios<char, std::char_traits<char> >::clear(std::_Ios_Iostate)
0 35 6 2 15 0 0 5 0 0 10 1 0 0
fn=std::basic_ios<char, std::char_traits<char> >::init(std::basic_streambuf<char, std::char_traits<char> >*)
0 240 6 2 40 0 0 100 0 0 0 0 0 0
fn=std::basic_ios<char, std::char_traits<char> >::operator bool() const
0 276 8 0 138 0 0 0 0 0 0 0 0 0
fn=std::basic_ios<wchar_t, std::char_traits<wchar_t> >::_M_cache_locale(std::locale const&)
0 128 2 2 64 0 0 36 0 0 0 0 0 0
fn=std::basic_ios<wchar_t, std::char_traits<wchar_t> >::init(std::basic_streambuf<wchar_t, std::char_traits<wchar_t> >*)
0 96 2 2 16 0 0 44 0 0 0 0 0 0
fn=std::basic_istream<char, std::char_traits<char> >& std::getline<char, std::char_traits<char>, std::allocator<char> >(std::basic_istream<char, std::char_traits<char> >&, std::__cxx11::basic_string<char, std::char_traits<char>, std::allocator<char> >&)
0 1731 19 2 623 0 0 277 0 0 139 5 0 0
fn=std::basic_istream<char, std::char_traits<char> >& std::getline<char, std::char_traits<char>, std::allocator<char> >(std::basic_istream<char, std::char_traits<char> >&, std::__cxx11::basic_string<char, std::char_traits<char>, std::allocator<char> >&, char)
0 6952 84 9 2264 1 0 1471 0 0 722 36 4 1
fn=std::basic_ofstream<char, std::char_traits<char> >::basic_ofstream(std::__cxx11::basic_string<char, std::char_traits<char>, std::allocator<char> > const&, std::_Ios_Openmode)
0 59 4 4 12 3 0 21 0 0 1 0 0 0
fn=std::basic_ofstream<char, std::char_traits<char> >::close()
0 13 2 2 3 0 0 3 0 0 1 0 0 0
fn=std::basic_ofstream<char, std::char_traits<char> >::is_open()
0 3 1 1 0 0 0 0 0 0 0 0 0 0
fn=std::basic_ofstream<char, std::char_traits<char> >::~basic_ofstream()
0 34 3 3 6 3 0 10 0 0 0 0 0 0
fn=std::basic_ostream<char, std::char_traits<char> >& std::__ostream_insert<char, std::char_traits<char> >(std::basic_ostream<char, std::char_traits<char> >&, char const*, long)
0 311697364 6 6 131237319 5 0 71088020 0 0 27348321 22 5470879 3
fn=std::basic_ostream<char, std::char_traits<char> >& std::flush<char, std::char_traits<char> >(std::basic_ostream<char, std::char_traits<char> >&)
0 2024 1 1 0 0 0 0 0 0 0 0 0 0
fn=std::basic_ostream<char, std::char_traits<char> >& std::operator<< <std::char_traits<char> >(std::basic_ostream<char, std::char_traits<char> >&, char const*)
0 109356840 1902 2 21871368 0 0 27339210 0 0 5467842 1 0 0
fn=std::basic_ostream<char, std::char_traits<char> >& std::operator<< <std::char_traits<char> >(std::basic_ostream<char, std::char_traits<char> >&, char)
0 17 2 2 7 0 0 4 0 0 1 1 0 0
fn=std::basic_ostream<wchar_t, std::char_traits<wchar_t> >::flush()
0 174 4 4 83 10 0 26 0 0 23 8 5 2
fn=std::basic_ostream<wchar_t, std::char_traits<wchar_t> >::sentry::sentry(std::basic_ostream<wchar_t, std::char_traits<wchar_t> >&)
0 97 2 2 35 1 0 25 0 0 9 4 0 0
fn=std::basic_streambuf<char, std::char_traits<char> >::xsputn(char const*, long)
0 458931834 3 3 109269486 1 0 76488637 0 0 43707796 15 1 1
fn=std::codecvt<char, char, __mbstate_t>::codecvt(unsigned long)
0 19 2 2 5 1 0 7 1 1 0 0 0 0
fn=std::codecvt<char, char, __mbstate_t>::do_always_noconv() const
0 32788836 4 1 10929612 0 0 0 0 0 0 0 0 0
fn=std::codecvt<wchar_t, char, __mbstate_t>::codecvt(unsigned long)
0 19 2 2 5 0 0 7 2 2 0 0 0 0
fn=std::ctype<char>::_M_widen_init() const
0 754 11 11 60 2 0 41 4 0 18 11 0 0
fn=std::ctype<char>::ctype(unsigned short const*, bool, unsigned long)
0 121 5 5 9 2 0 80 9 9 65 20 0 0
fn=std::ctype<wchar_t>::_M_convert_to_wmask(unsigned short) const
0 146 6 6 12 0 0 0 0 0 60 14 0 0
fn=std::ctype<wchar_t>::_M_initialize_ctype()
0 2736 5 5 6 0 0 811 20 20 528 17 0 0
fn=std::ctype<wchar_t>::ctype(unsigned long)
0 21 2 2 4 0 0 8 1 1 0 0 0 0
fn=std::error_category::error_category()
0 10 1 1 4 0 0 2 0 0 0 0 0 0
fn=std::error_category::~error_category()
0 4 0 0 2 0 0 0 0 0 0 0 0 0
fn=std::from_chars(char const*, char const*, double&, std::chars_format)
0 53805 229 27 6256 6 5 7473 0 0 7344 558 0 0
fn=std::future_category()
0 3 1 1 1 0 0 0 0 0 0 0 0 0
fn=std::ios_base::Init::Init()
0 272 30 29 51 10 1 146 17 2 3 1 0 0
fn=std::ios_base::Init::~Init()
0 26 3 3 11 8 0 8 0 0 2 1 0 0
fn=std::ios_base::_M_call_callbacks(std::ios_base::event)
0 48 6 2 18 0 0 12 0 0 3 2 0 0
fn=std::ios_base::_M_dispose_callbacks()
0 54 3 1 18 0 0 15 0 0 3 3 0 0
fn=std::ios_base::_M_init()
0 392 9 3 112 2 1 126 1 0 14 2 0 0
fn=std::ios_base::ios_base()
0 660 10 3 11 1 0 264 31 17 88 37 0 0
fn=std::ios_base::~ios_base()
0 63 9 3 12 1 0 15 0 0 3 3 0 0
fn=std::istream::sentry::sentry(std::istream&, bool)
0 2001 35 3 690 0 0 483 0 0 207 11 0 0
fn=std::locale::_Impl::_Impl(unsigned long)
0 673 56 56 89 34 1 385 49 49 108 29 0 0
fn=std::locale::_Impl::_M_install_facet(std::locale::id const*, std::locale::facet const*)
0 12192 6 6 3584 0 0 288 0 0 3232 52 0 0
fn=std::locale::facet::_S_create_c_locale(__locale_struct*&, char const*, __locale_struct*)
0 14 1 1 3 0 0 4 0 0 1 0 0 0
fn=std::locale::facet::_S_get_c_locale()
0 210 1 1 56 0 0 42 0 0 14 0 0 0
fn=std::locale::facet::_S_get_c_name()
0 21 1 1 7 0 0 0 0 0 0 0 0 0
fn=std::locale::id::_M_id() const
0 32802030 6 2 10934010 13 7 96 0 0 5466981 26 0 0
fn=std::locale::locale()
0 748 9 3 238 0 0 238 2 1 34 15 0 0
fn=std::locale::locale(std::locale::_Impl*)
0 3 1 1 1 0 0 1 1 0 0 0 0 0
fn=std::locale::operator=(std::locale const&)
0 322 6 2 112 0 0 56 0 0 28 12 0 0
fn=std::locale::~locale()
0 240 8 2 100 1 0 40 0 0 20 12 0 0
fn=std::messages<char>::messages(unsigned long)
0 21 2 2 5 0 0 9 1 1 0 0 0 0
fn=std::messages<wchar_t>::messages(unsigned long)
0 21 2 2 5 0 0 9 0 0 0 0 0 0
fn=std::moneypunct<char, false>::_M_initialize_moneypunct(__locale_struct*, char const*)
0 114 4 4 38 0 0 31 0 0 13 7 0 0
fn=std::moneypunct<char, true>::_M_initialize_moneypunct(__locale_struct*, char const*)
0 115 6 6 38 0 0 31 0 0 13 6 0 0
fn=std::moneypunct<wchar_t, false>::_M_initialize_moneypunct(__locale_struct*, char const*)
0 109 5 5 30 0 0 31 0 0 14 2 0 0
fn=std::moneypunct<wchar_t, true>::_M_initialize_moneypunct(__locale_struct*, char const*)
0 109 6 6 30 0 0 31 0 0 14 8 0 0
fn=std::num_put<char, std::ostreambuf_iterator<char, std::char_traits<char> > >::do_put(std::ostreambuf_iterator<char, std::char_traits<char> >, std::ios_base&, char, long) const
0 16394400 1 1 0 0 0 0 0 0 0 0 0 0
fn=std::num_put<char, std::ostreambuf_iterator<char, std::char_traits<char> > >::do_put(std::ostreambuf_iterator<char, std::char_traits<char> >, std::ios_base&, char, unsigned long) const
0 6078 2 1 0 0 0 0 0 0 0 0 0 0
fn=std::numpunct<char>::_M_initialize_numpunct(__locale_struct*)
0 417 5 5 138 0 0 76 0 0 64 15 0 0
fn=std::numpunct<wchar_t>::_M_initialize_numpunct(__locale_struct*)
0 353 5 5 75 0 0 75 0 0 64 19 0 0
fn=std::ostream& std::ostream::_M_insert<long>(long)
0 316958400 5 5 125690400 0 0 49183200 0 0 32788800 12 5464800 1
fn=std::ostream& std::ostream::_M_insert<unsigned long>(unsigned long)
0 137776 259 7 52680 5 0 22288 0 0 18232 17 4050 2
fn=std::ostream::flush()
0 300779 5 3 144819 13 0 44560 0 0 38484 1021 8102 2
fn=std::ostream::operator<<(int)
0 60112800 0 0 16394400 0 0 0 0 0 5464800 0 0 0
fn=std::ostream::operator<<(std::ostream& (*)(std::ostream&))
0 2024 1 1 0 0 0 0 0 0 0 0 1012 1
fn=std::ostream::operator<<(unsigned long)
0 4052 2 1 0 0 0 0 0 0 0 0 0 0
fn=std::ostream::put(char)
0 44 5 5 20 0 0 7 0 0 5 2 1 1
fn=std::ostream::sentry::sentry(std::ostream&)
0 240773342 1018 3 87552286 8 0 65656622 1 0 21889590 972 0 0
fn=std::ostreambuf_iterator<char, std::char_traits<char> > std::num_put<char, std::ostreambuf_iterator<char, std::char_traits<char> > >::_M_insert_int<long>(std::ostreambuf_iterator<char, std::char_traits<char> >, std::ios_base&, char, long) const
0 502803999 7 7 103831200 0 0 98366400 0 0 49183200 13861 5464800 1
fn=std::ostreambuf_iterator<char, std::char_traits<char> > std::num_put<char, std::ostreambuf_iterator<char, std::char_traits<char> > >::_M_insert_int<unsigned long>(std::ostreambuf_iterator<char, std::char_traits<char> >, std::ios_base&, char, unsigned long) const
0 178288 2840 7 38494 2 0 36468 0 0 12156 21 2026 2
fn=std::uncaught_exception()
0 54675 2 1 18225 2 0 12150 0 0 0 0 0 0
summary: 976371065607 31681 3931 390244915261 186422 7981 218381167670 259245 172623 64777687900 2317303775 797996328 14149
