cmd: /workspace/out/build/default/soa/Debug/render-soa /workspace/res/scene_scripts/scene2example.txt /workspace/res/config_scripts/config2example.txt /workspace/outImagSOA4.ppm
events: Ir
fl=./csu/../csu/libc-start.c
fn=__libc_start_main@@GLIBC_2.34
128 2
134 3
135 7
138 1
139 2
142 3
143 2
144 11
145 4
242 13
311 3
312 3
337 6
340 2
343 2
350 2
352 2
360 4
fl=./csu/../sysdeps/nptl/libc_start_call_main.h
fn=(below main)
29 9
44 3
46 2
51 2
52 2
55 2
58 6
74 2
fl=./csu/./csu/init-first.c
fn=_init_first
46 6
51 2
55 5
61 1
62 1
63 2
71 2
72 3
fl=./ctype/./ctype/ctype-info.c
fn=__ctype_init
29 1
31 7
33 4
35 4
36 1
fl=./ctype/./ctype/ctype.c
fn=isspace
34 1344
fl=./debug/../sysdeps/x86_64/multiarch/ifunc-memmove.h
fn=__memcpy_chk
56 2
57 3
60 3
61 2
74 2
77 2
85 2
93 2
96 5
fn=__memmove_chk
56 2
57 3
60 3
61 2
74 2
77 2
85 2
93 2
96 5
fn=__mempcpy_chk
56 2
57 3
60 3
61 2
74 2
77 2
85 2
93 2
96 5
fl=./debug/../sysdeps/x86_64/multiarch/ifunc-memset.h
fn=__memset_chk
54 5
57 3
58 2
64 2
73 2
75 2
85 2
93 2
96 5
fl=./debug/../sysdeps/x86_64/multiarch/memcpy_chk.c
fn=__memcpy_chk
29 1
fl=./debug/../sysdeps/x86_64/multiarch/memmove_chk.c
fn=__memmove_chk
29 1
fl=./debug/../sysdeps/x86_64/multiarch/mempcpy_chk.c
fn=__mempcpy_chk
29 1
fl=./debug/../sysdeps/x86_64/multiarch/memset_chk.c
fn=__memset_chk
29 1
fl=./elf/../bits/stdlib-bsearch.h
fn=intel_check_word.constprop.0
27 96
28 48
29 744
31 648
32 348
35 264
37 120
fl=./elf/../elf/dl-tls.c
fn=_dl_add_to_slotinfo
1017 27
1023 3
1026 3
1027 3
1031 9
1065 6
1068 6
1069 9
1072 18
fn=_dl_allocate_tls_init
523 11
524 2
528 2
531 1
534 2
537 3
549 1
554 27
560 9
563 9
564 6
570 9
571 6
573 24
576 6
577 6
580 6
581 12
583 6
584 6
593 3
601 6
603 30
609 3
615 2
618 2
621 9
fn=_dl_allocate_tls_storage
365 1
369 1
370 1
371 2
374 1
380 2
417 7
419 1
430 1
431 1
432 2
440 6
441 1
445 305
464 1
470 7
fn=_dl_assign_tls_modid
125 12
128 6
141 3
181 3
183 3
186 3
187 6
fn=_dl_count_modids
192 1
194 2
195 1
210 2
fn=_dl_determine_tlsoffset
216 9
217 1
218 1
219 1
222 4
225 2
259 1
261 25
263 9
265 9
266 6
268 6
270 15
281 3
286 24
288 6
289 3
294 3
301 1
302 7
304 2
354 1
355 8
fn=_dl_tls_static_surplus_init
83 3
97 8
100 6
101 5
102 3
104 4
107 1
109 1
111 3
112 6
fl=./elf/../include/list.h
fn=__tls_init_tp
43 2
44 2
45 1
47 1
fl=./elf/../include/rtld-malloc.h
fn=__minimal_calloc
56 17
fn=_dl_allocate_tls_storage
44 2
56 1
fn=_dl_check_map_versions
44 18
fn=_dl_find_object_init
56 2
fn=_dl_important_hwcaps
56 4
fn=_dl_init_paths
56 5
fn=_dl_map_object_deps
56 12
fn=_dl_new_object
44 18
56 15
fn=do_lookup_x
44 13
fn=fillin_rpath.isra.0
50 2
51 1
56 2
fn=init_tls
44 2
fl=./elf/../include/scratch_buffer.h
fn=_dl_map_object_deps
77 2
78 1
85 3
131 20
fl=./elf/../misc/sbrk.c
fn=sbrk
37 6
40 1
58 2
62 2
78 5
fl=./elf/../nptl/nptl-stack.h
fn=__libc_early_init
61 8
fl=./elf/../sysdeps/generic/_itoa.h
fn=_dl_check_map_versions
76 39
fl=./elf/../sysdeps/generic/dl-cache.h
fn=_dl_load_cache_lookup
125 4
194 1
195 5
fl=./elf/../sysdeps/generic/dl-call_tls_init_tp.h
fn=init_tls
31 8
33 1
fl=./elf/../sysdeps/generic/dl-debug.h
fn=dl_main
29 4
30 1
fl=./elf/../sysdeps/generic/dl-hash.h
fn=__rtld_malloc_init_real
43 1
44 1
45 19
48 18
62 24
67 1
72 1
fl=./elf/../sysdeps/generic/dl-new-hash.h
fn=_dl_lookup_symbol_x
69 1971
70 3942
74 42495
77 84990
80 41507
81 83014
87 983
88 983
89 1966
90 983
99 40524
101 40524
102 81048
104 40524
105 40524
fl=./elf/../sysdeps/generic/dl-protected.h
fn=do_lookup_x
29 7820
fl=./elf/../sysdeps/generic/ldsodefs.h
fn=_dl_relocate_object
79 62
140 10434
fn=_dl_start
79 6
fn=do_lookup_x
139 3910
140 5865
fl=./elf/../sysdeps/nptl/dl-mutex.c
fn=__rtld_mutex_init
30 7
37 1
40 7
44 2
45 9
47 6
51 2
52 7
53 6
fl=./elf/../sysdeps/nptl/dl-tls_init_tp.c
fn=__tls_init_tp
68 5
69 1
72 1
75 4
76 2
77 1
82 2
87 4
90 1
93 3
105 4
121 3
128 2
129 3
fn=__tls_pre_init_tp
53 3
56 10
61 2
62 1
64 1
fn=rtld_mutex_dummy
42 178
44 356
fl=./elf/../sysdeps/nptl/pthread_early_init.h
fn=__libc_early_init
33 6
34 1
38 5
45 2
46 1
48 2
52 5
53 1
54 1
56 1
fl=./elf/../sysdeps/posix/dl-fileid.h
fn=_dl_map_object_from_fd
37 20
40 20
49 60
fl=./elf/../sysdeps/unix/sysv/linux/brk.c
fn=brk
36 1
37 1
38 2
44 1
45 1
fl=./elf/../sysdeps/unix/sysv/linux/brk_call.h
fn=brk
24 2
fl=./elf/../sysdeps/unix/sysv/linux/dl-osinfo.h
fn=dl_main
39 2
52 1
fl=./elf/../sysdeps/unix/sysv/linux/dl-parse_auxv.h
fn=_dl_sysdep_parse_arguments
32 2
33 1
34 1
41 85
42 40
43 40
45 1
46 2
47 2
48 2
49 1
51 2
52 2
53 2
54 2
56 2
fl=./elf/../sysdeps/unix/sysv/linux/dl-sysdep.c
fn=_dl_sysdep_parse_arguments
78 7
79 2
80 2
81 3
82 37
83 77
86 2
90 56
93 5
94 2
95 3
96 6
fn=_dl_sysdep_start
102 6
103 1
106 2
110 2
113 1
115 2
122 3
123 2
125 5
137 3
140 5
143 4
fn=_dl_sysdep_start_cleanup
147 1
148 1
fl=./elf/../sysdeps/unix/sysv/linux/dl-vdso-setup.h
fn=dl_main
30 1
33 1
36 1
39 1
45 1
fl=./elf/../sysdeps/unix/sysv/linux/dl-vdso.h
fn=dl_main
40 2
41 5
55 2
fl=./elf/../sysdeps/unix/sysv/linux/rseq-internal.h
fn=__tls_init_tp
32 3
34 7
37 2
40 1
fl=./elf/../sysdeps/unix/sysv/linux/x86/dl-hwcap2.h
fn=update_active.constprop.0
25 2
fl=./elf/../sysdeps/unix/sysv/linux/x86/dl-minsigstacksize.h
fn=get_common_indices.constprop.0
24 2
27 2
28 2
65 3
72 1
74 1
fl=./elf/../sysdeps/x86/cpu-features.c
fn=get_common_indices.constprop.0
398 3
402 4
405 5
409 1
410 4
411 4
412 4
413 3
414 2
421 2
423 9
428 8
435 2
436 7
442 2
457 3
fn=init_cpu_features.constprop.0
376 3
377 2
378 6
383 2
384 6
389 2
390 7
682 8
685 1
686 1
687 1
690 1
699 3
702 6
703 1
706 2
708 6
713 1
715 3
717 9
721 7
774 3
781 2
799 1
832 2
866 4
869 2
870 1
878 2
885 2
887 2
891 2
897 2
899 1
1001 3
1002 2
1005 2
1006 2
1012 1
1013 1
1014 1
1015 2
1019 4
1022 4
1028 3
1041 2
1042 4
1081 1
1082 2
1086 3
1103 2
1104 2
1106 3
1107 2
1109 3
1110 2
1113 2
1127 4
1129 4
1135 4
1142 8
fn=update_active.constprop.0
72 8
76 1
84 3
85 3
86 1
94 4
95 1
103 4
104 1
109 4
112 4
113 1
116 5
117 2
121 5
122 3
123 3
124 2
128 5
129 5
130 3
132 2
133 4
147 2
151 7
152 4
154 3
158 4
161 1
164 2
166 2
170 1
171 1
178 4
180 5
186 4
188 5
190 4
195 5
244 3
245 3
261 4
277 2
281 2
282 1
285 4
289 2
293 3
294 2
296 1
297 1
300 2
302 1
305 2
356 5
360 3
369 1
370 8
fl=./elf/../sysdeps/x86/dl-cacheinfo.h
fn=get_common_cache_info.constprop.0
571 11
586 1
587 1
588 2
589 1
590 2
596 3
598 7
601 2
613 1
618 3
622 2
627 5
630 24
637 8
640 26
645 2
649 3
650 2
654 2
658 3
661 4
662 1
667 4
673 4
681 6
683 2
685 4
687 12
689 1
690 1
691 9
693 4
696 7
701 1
703 4
704 3
705 1
708 2
711 2
718 1
720 4
721 1
726 2
731 2
732 1
733 2
734 1
759 3
770 5
771 5
775 2
782 1
783 2
784 1
785 7
fn=handle_intel.constprop.0
250 108
255 24
261 12
262 12
267 48
271 24
276 24
279 60
281 24
284 60
286 24
305 96
fn=init_cpu_features.constprop.0
792 1
793 1
795 1
809 2
811 3
812 3
813 3
814 2
817 3
819 3
820 2
822 3
824 3
825 1
827 3
829 3
830 2
832 3
834 3
836 3
838 5
894 2
895 2
896 2
897 2
898 2
899 2
900 1
901 1
902 1
903 1
904 1
905 1
907 1
910 3
924 3
925 7
930 2
931 6
932 2
939 3
959 6
968 2
969 2
974 12
987 5
995 7
997 2
1000 5
1002 2
1005 5
1006 5
1010 6
1011 3
1017 7
1020 11
1021 10
1022 13
1025 10
1027 10
1040 4
1042 2
1043 2
1044 1
1045 1
1046 1
1047 1
fn=intel_check_word.constprop.0
110 648
113 324
119 216
123 48
125 12
129 120
131 144
133 60
135 120
143 120
152 12
155 138
158 99
162 58
164 189
167 120
168 72
169 60
170 48
172 11
174 22
176 12
177 16
178 12
179 20
180 14
181 12
183 8
184 12
187 21
190 2
194 192
202 168
216 48
246 144
fl=./elf/../sysdeps/x86/dl-get-cpu-features.c
fn=__x86_cpu_features
39 3
71 3
fn=_dl_x86_init_cpu_features
37 1
39 3
41 1
fl=./elf/../sysdeps/x86/dl-isa-level.h
fn=_dl_load_cache_lookup
28 24
fl=./elf/../sysdeps/x86/dl-procinfo.h
fn=_dl_load_cache_lookup
39 8
42 28
fl=./elf/../sysdeps/x86/dl-prop.h
fn=_dl_map_object_from_fd
149 20
fn=_dl_process_pt_gnu_property
95 36
102 18
115 18
118 9
252 6
253 3
254 12
255 6
257 36
258 3
260 9
fn=dl_main
36 2
37 24
40 10
49 40
53 33
71 2
149 4
235 4
236 2
fl=./elf/../sysdeps/x86/get-isa-level.h
fn=_dl_hwcaps_subdirs_active
30 4
31 1
32 3
36 3
39 4
40 4
45 4
48 2
51 5
53 4
54 2
55 2
58 4
fn=update_active.constprop.0
28 1
30 4
31 1
32 3
36 3
38 1
39 2
40 4
45 4
47 1
48 2
51 5
53 4
54 2
55 2
57 1
58 4
fl=./elf/../sysdeps/x86_64/dl-cet.c
fn=_dl_cet_check
145 2
157 2
173 1
179 1
275 2
276 1
277 2
282 4
283 3
285 2
293 5
296 1
300 2
301 1
302 2
303 2
304 2
305 2
308 1
310 1
313 2
361 8
363 6
fn=_dl_cet_setup_features
331 1
334 2
350 1
fl=./elf/../sysdeps/x86_64/dl-hwcaps-subdirs.c
fn=_dl_hwcaps_subdirs_active
29 1
38 3
43 1
48 1
52 1
fl=./elf/../sysdeps/x86_64/dl-irel.h
fn=_dl_fixup
32 4
fl=./elf/../sysdeps/x86_64/dl-machine.h
fn=_dl_fixup
234 110
fn=_dl_relocate_object
81 30
87 8
91 6
97 2
108 6
129 4
132 4
134 8
267 6990
274 6990
278 6990
287 28339
290 7009
291 136
292 13916
295 14
296 21
307 14
314 35
317 20970
320 82
323 82
346 8
347 12
352 6
354 4
363 4
393 35
400 51
402 68
406 51
415 34
423 9716
436 7
460 12
464 16
465 16
466 20
467 8
476 136
478 68
479 68
498 3069
499 1023
503 2046
504 2046
514 2224
518 2224
521 3336
522 1112
730 14
734 8
fn=_dl_start
55 1
278 9
287 27
290 6
291 12
317 8
323 2
fn=_dl_sysdep_start
220 1
fl=./elf/../sysdeps/x86_64/dl-runtime.h
fn=_dl_fixup
28 110
fl=./elf/../sysdeps/x86_64/dl-trampoline.h
fn=_dl_runtime_resolve_xsave
71 110
76 110
79 110
81 110
91 110
97 110
98 110
99 110
100 110
101 110
102 110
103 110
107 110
108 110
111 110
112 110
114 110
115 110
116 110
117 110
118 110
119 110
121 110
128 110
129 110
130 110
131 110
136 110
137 110
138 110
140 110
141 110
142 110
143 110
144 110
145 110
146 110
148 110
150 110
154 110
156 110
fl=./elf/../sysdeps/x86_64/tls_get_addr.S
fn=__tls_get_addr
29 1353
30 1353
31 1353
33 1353
34 1353
35 1353
38 1353
39 1353
43 1353
44 1353
45 1353
46 1353
fl=./elf/./dl-find_object.h
fn=_dl_find_object_from_map
95 14
96 14
97 7
103 35
104 203
105 140
107 21
112 7
fl=./elf/./dl-hwcaps.h
fn=_dl_important_hwcaps
43 9
45 7
46 1
77 8
78 8
79 7
fl=./elf/./dl-load.h
fn=_dl_map_object_from_fd
91 40
92 16
93 20
94 16
96 16
fl=./elf/./dl-main.h
fn=dl_main
109 5
fl=./elf/./dl-map-segments.h
fn=_dl_map_object_from_fd
28 15
29 45
81 5
101 5
102 15
105 15
106 10
108 10
125 5
135 120
137 60
139 150
149 80
155 10
156 5
157 15
158 10
160 10
165 10
168 15
176 35
182 10
186 16
189 4
194 20
fl=./elf/./dl-sym-post.h
fn=lookup_malloc_symbol
41 8
53 12
fl=./elf/./dl-tunable-types.h
fn=__GI___tunable_set_val
84 5
fl=./elf/./elf/dl-audit.c
fn=_dl_audit_activity_map
29 7
30 1
31 3
37 6
fn=_dl_audit_activity_nsid
41 3
45 12
46 3
47 15
fn=_dl_audit_objclose
97 7
98 28
fn=_dl_audit_objopen
77 5
78 20
fn=_dl_audit_preinit
118 1
119 4
fl=./elf/./elf/dl-cache.c
fn=_dl_cache_libcmp
357 70
358 427
360 576
362 200
368 16
369 12
370 173
372 173
374 8
380 376
382 376
383 93
386 157
387 157
390 47
fn=_dl_load_cache_lookup
191 62
205 4
208 32
210 40
211 8
213 20
220 74
222 195
223 62
227 93
231 93
232 62
240 16
242 8
245 8
247 24
249 4
259 8
269 12
270 16
286 28
295 8
298 8
301 4
302 12
330 8
346 27
347 13
349 14
403 40
405 8
408 12
411 5
419 5
420 8
423 6
424 1
431 1
432 2
477 9
482 12
485 12
500 8
512 12
513 60
514 16
515 4
516 32
fn=_dl_unload_cache
525 3
526 4
528 2
529 1
533 1
535 2
fl=./elf/./elf/dl-call-libc-early-init.c
fn=_dl_call_libc_early_init
27 7
29 2
33 5
37 2
39 4
40 2
41 3
fl=./elf/./elf/dl-call_fini.c
fn=_dl_call_fini
24 56
28 14
32 7
34 7
35 14
38 10
39 15
42 44
43 6
47 7
48 14
49 15
50 37
fl=./elf/./elf/dl-catch.c
fn=_dl_catch_error
254 12
256 2
257 2
258 2
259 2
261 6
fn=_dl_catch_exception
58 42
59 28
69 28
70 70
204 112
207 28
214 14
228 14
229 28
235 84
237 42
239 56
248 42
fn=_dl_receive_error
58 2
59 1
69 2
70 2
186 7
188 1
192 1
194 1
197 1
198 4
fl=./elf/./elf/dl-debug.c
fn=_dl_debug_initialize
56 3
57 1
59 2
61 2
63 3
64 1
85 3
90 3
91 2
92 1
95 3
96 6
99 2
107 2
fn=_dl_debug_state
116 2
117 2
fn=_dl_debug_update
38 6
40 12
41 6
44 12
48 6
fl=./elf/./elf/dl-deps.c
fn=_dl_map_object_deps
128 3
129 5
130 6
132 3
136 8
143 13
144 20
160 9
161 1
164 1
182 1
183 6
184 1
188 15
190 27
193 7
197 21
198 46
201 20
205 10
208 22
210 20
215 5
216 5
217 10
218 10
219 5
221 635
222 300
228 122
230 13
232 52
233 26
242 13
244 26
249 35
252 5
253 5
254 5
255 10
256 5
257 5
259 20
263 39
264 27
266 411
417 14
419 25
422 10
423 20
429 5
430 25
431 25
434 5
435 10
439 21
441 7
442 32
448 5
449 1
452 4
463 5
465 4
470 5
471 1
472 2
474 25
478 7
483 14
485 21
490 7
494 2
495 3
532 2
533 2
547 9
552 9
553 5
557 1
559 2
560 1
561 3
568 3
571 2
574 8
fn=openaux
61 78
64 143
65 13
68 13
69 39
fl=./elf/./elf/dl-environ.c
fn=_dl_next_ld_env_entry
28 3
29 3
32 115
34 74
35 16
37 2
40 4
42 2
45 35
fl=./elf/./elf/dl-find_object.c
fn=_dl_find_object_init
561 5
564 1
566 2
567 3
579 2
580 3
582 2
585 2
590 1
591 1
594 3
596 2
599 6
601 1
604 4
fn=_dlfo_process_initial
474 8
475 2
477 2
478 4
504 24
505 34
506 14
508 52
511 48
513 36
515 12
516 12
517 24
529 2
531 8
fn=_dlfo_sort_mappings
536 1
537 2
540 24
544 10
545 70
546 75
548 5
549 5
553 20
554 25
555 10
557 1
fl=./elf/./elf/dl-fini.c
fn=_dl_fini
26 11
43 1
46 13
49 2
51 1
54 2
56 5
61 1
63 4
68 18
73 25
75 14
77 14
79 14
80 7
81 7
85 7
87 6
88 6
94 6
103 2
108 41
110 7
112 14
114 28
117 14
122 7
126 5
132 6
134 1
138 2
145 8
fl=./elf/./elf/dl-hwcaps.c
fn=_dl_important_hwcaps
52 16
54 2
55 4
56 2
57 2
77 16
80 16
84 2
86 6
87 2
88 2
100 5
102 3
105 1
108 1
112 5
125 12
127 10
128 4
129 4
130 2
133 3
142 13
143 11
145 8
151 5
155 4
156 3
157 3
161 1
162 2
163 2
172 14
174 2
175 3
185 2
186 3
189 3
193 2
194 2
201 1
202 5
208 2
209 1
213 3
216 9
fl=./elf/./elf/dl-hwcaps_split.c
fn=_dl_hwcaps_split
25 5
26 3
27 1
47 4
fn=_dl_hwcaps_split_masked
26 44
30 24
34 78
35 12
36 24
41 36
42 18
43 12
45 6
51 110
55 5
56 18
57 27
58 24
60 6
62 88
67 12
fl=./elf/./elf/dl-init.c
fn=_dl_init
29 16
35 40
37 41
81 13
82 1
83 1
86 3
89 2
94 4
119 1
120 32
121 14
127 8
fn=call_init.part.0
26 84
43 21
46 21
47 2
51 12
59 18
60 24
63 6
64 12
70 15
72 10
73 117
74 92
76 56
fl=./elf/./elf/dl-load.c
fn=_dl_dst_count
238 117
241 26
244 26
245 13
264 117
fn=_dl_init_paths
706 13
720 4
725 1
727 3
734 3
735 2
739 4
741 4
747 1
748 1
756 8
758 8
759 4
761 5
762 7
763 4
766 13
767 10
768 18
770 32
776 1
777 1
782 1
785 3
787 4
789 3
806 1
808 3
822 2
825 5
827 23
831 2
832 60
833 14
834 28
836 1
837 1
838 2
844 6
847 3
853 1
857 8
fn=_dl_map_object
682 40
696 20
1967 168
1969 5
1975 28
1976 56
1979 307
1984 420
1986 300
1990 102
1991 153
1994 140
1995 84
1996 140
2010 20
2011 15
2019 15
2034 5
2036 25
2040 16
2042 8
2049 16
2053 4
2054 4
2058 12
2059 4
2073 20
2074 28
2075 4
2084 8
2099 8
2100 64
2106 12
2107 4
2115 4
2129 8
2131 12
2135 12
2137 8
2141 8
2149 8
2172 36
2176 12
2177 4
2194 8
2200 1
2201 4
2202 2
2203 2
2207 9
2210 3
2222 20
2267 10
2268 88
2270 131
fn=_dl_map_object_from_fd
944 70
959 20
989 95
990 40
1008 10
1036 20
1046 10
1053 40
1054 10
1065 10
1066 15
1067 10
1069 15
1070 20
1071 8
1074 17
1075 6
1086 5
1088 5
1090 110
1091 5
1092 5
1093 5
1094 5
1100 210
1101 507
1107 10
1114 13
1115 15
1116 50
1121 2
1122 1
1127 155
1135 100
1136 130
1137 100
1138 20
1139 40
1141 140
1143 40
1156 40
1157 75
1162 20
1163 205
1176 9
1180 12
1181 3
1185 15
1186 6
1189 3
1194 12
1209 10
1210 5
1213 15
1218 35
1228 95
1229 40
1235 10
1245 20
1252 35
1264 5
1268 20
1269 15
1275 14
1276 10
1278 10
1288 15
1307 15
1309 30
1361 15
1362 6
1368 170
1369 280
1375 80
1380 20
1393 10
1395 20
1397 10
1413 10
1417 10
1418 10
1435 10
1436 1
1439 10
1444 10
1449 10
1461 40
1462 15
1463 36
1464 12
1465 5
1471 10
1472 12
1477 6
1484 15
1487 10
1491 15
1492 15
1510 10
1514 35
1515 20
1519 45
fn=_dl_process_pt_gnu_property
868 18
869 12
870 6
876 12
882 30
885 18
886 12
887 12
890 18
891 18
895 6
896 12
900 18
901 9
904 18
907 9
908 36
918 18
920 24
fn=expand_dynamic_string_token
241 6
244 4
385 20
399 4
410 14
fn=fillin_rpath.isra.0
468 17
472 1
474 12
481 2
483 6
487 2
492 3
493 2
500 5
505 2
509 15
510 8
528 4
532 4
534 2
538 1
539 2
540 4
541 1
543 2
549 4
550 14
551 4
553 2
554 3
555 1
561 2
562 1
565 3
571 1
574 8
fn=open_path
1812 44
1813 8
1816 4
1817 4
1819 8
1822 8
1824 88
1827 8
1831 4
1835 24
1842 24
1843 88
1846 24
1851 66
1854 12
1860 18
1863 48
1865 18
1867 6
1872 6
1873 21
1879 9
1881 26
1882 2
1884 3
1891 38
1893 13
1937 32
1941 4
1943 16
1946 12
1960 36
fn=open_verify.constprop.0
1572 132
1604 33
1609 12
1623 55
1625 22
1633 5
1634 15
1639 30
1641 10
1643 10
1645 10
1651 10
1668 74
1749 10
1754 10
1760 20
1766 10
1772 20
1773 20
1777 16
1778 5
1799 99
fl=./elf/./elf/dl-lookup-direct.c
fn=_dl_lookup_direct
32 15
33 9
35 6
36 6
48 9
51 6
53 21
57 9
58 21
59 15
74 39
76 6
78 21
79 6
81 12
84 25
86 12
93 6
115 3
116 27
fl=./elf/./elf/dl-lookup.c
fn=_dl_lookup_symbol_x
772 25623
774 3942
775 7884
778 1971
782 7846
785 3942
787 3942
791 27674
792 33507
797 9855
799 96
816 1971
817 48
820 3942
821 13669
828 2019
856 7820
870 5865
871 2
873 3910
890 7820
892 17739
fn=check_match
70 29445
73 15704
78 18
86 9790
89 4786
93 1958
94 3916
96 3910
115 3910
116 15640
117 9755
118 8
119 8
144 6
146 18
147 12
150 2
151 7
153 3
161 1954
162 15704
fn=do_lookup_x
170 300
171 307
172 940
174 98
175 294
176 530
179 152
180 152
181 82
182 152
183 70
222 492
224 738
226 164
227 82
228 328
230 2694
231 486
234 352
235 176
254 352
257 95
258 285
259 322
262 1377
269 12
272 4
279 298
280 276
281 350
285 20
286 2
287 2
288 4
289 8
300 3
302 2
305 1
306 1
307 2
310 164
311 492
318 328
329 574
331 164
333 246
334 164
347 27594
348 1971
353 1971
354 1971
358 12860
361 12860
365 16826
386 12852
390 12852
396 19278
400 6426
401 6426
404 32130
405 19278
408 6426
409 12852
411 6426
412 5913
413 12852
415 13797
416 25704
419 44982
422 4162
423 6243
424 4162
426 4130
429 25625
431 5889
432 50197
433 3926
436 5889
439 9531
461 15632
470 889
472 2
476 3910
483 10404
487 3804
491 1
499 3746
500 1873
501 1955
518 13425
521 16
522 15768
fl=./elf/./elf/dl-minimal-malloc.c
fn=__minimal_calloc
80 85
84 17
87 17
88 51
fn=__minimal_free
97 3
99 12
fn=__minimal_malloc
36 336
37 126
42 3
43 2
44 2
48 167
51 282
56 12
57 12
59 3
60 24
62 6
64 12
65 9
67 8
70 43
71 46
73 252
fl=./elf/./elf/dl-minimal.c
fn=__rtld_malloc_init_real
76 10
86 2
87 1
89 1
91 6
92 5
93 5
94 4
99 1
100 1
101 1
102 1
103 8
fn=__rtld_malloc_init_stubs
42 1
43 2
44 2
45 2
46 2
47 1
fn=lookup_malloc_symbol
61 36
63 4
64 28
68 28
69 28
71 4
72 24
fn=strsep
239 2
242 4
244 2
245 4
247 2
249 47
251 28
254 56
256 84
264 14
267 1
271 4
fl=./elf/./elf/dl-misc.c
fn=_dl_higher_prime_number
87 2
124 2
125 2
127 26
129 80
130 30
131 6
133 7
145 2
146 2
fn=_dl_name_match_p
68 931
69 532
70 22
72 133
74 524
75 755
80 129
82 111
83 532
fn=_dl_sysdep_read_whole_file
36 11
39 3
40 2
42 6
44 2
47 2
49 8
60 3
63 8
fl=./elf/./elf/dl-object.c
fn=_dl_add_to_namespace_list
31 54
33 18
35 53
38 80
40 5
42 5
45 2
46 18
47 12
48 12
50 12
51 30
fn=_dl_new_object
59 90
62 12
64 2
66 3
67 2
71 6
77 2
80 10
83 26
87 10
92 5
95 12
98 6
99 6
100 12
103 12
104 42
106 6
119 28
123 5
125 1
127 42
130 12
131 12
132 6
136 6
139 40
141 20
149 12
150 6
153 1
155 36
157 20
160 14
164 20
168 35
176 1
179 12
189 24
191 20
195 15
199 10
200 10
208 5
212 5
245 20
250 168
251 168
255 10
256 5
259 5
263 54
fl=./elf/./elf/dl-reloc.c
fn=_dl_relocate_object
170 14252
171 6956
174 23645
175 19444
177 1621
178 6482
182 3714
183 1857
184 1857
186 14862
187 9255
188 3702
190 13096
193 1857
194 12999
196 1621
207 88
208 16
220 14
221 21
224 28
226 21
228 7
229 21
251 35
252 14
253 3
255 14
262 21
301 10279
304 35
328 7
331 14
348 21
350 64
356 42
359 14
363 14
364 42
fl=./elf/./elf/dl-runtime.c
fn=_dl_fixup
46 1210
48 550
49 330
54 110
55 440
56 770
58 220
63 220
67 220
69 110
71 330
75 330
76 440
77 330
84 110
85 330
95 1210
99 550
109 1100
124 440
125 8
133 330
159 330
163 880
fl=./elf/./elf/dl-setup_hash.c
fn=_dl_setup_hash
25 14
28 21
31 21
32 14
33 7
34 7
36 21
37 7
38 21
40 7
41 14
43 7
45 21
50 7
fl=./elf/./elf/dl-sort-maps.c
fn=_dl_sort_maps
140 70
181 2
182 4
183 52
184 28
211 34
216 4
218 2
219 10
221 44
223 14
226 42
244 8
263 8
276 8
283 2
298 26
306 6
310 18
fn=_dl_sort_maps_init
289 4
290 4
291 1
292 3
293 2
fn=dfs_traversal.part.0
135 126
140 70
143 14
145 42
147 184
156 49
171 42
172 14
173 84
fl=./elf/./elf/dl-tunables.c
fn=__GI___tunable_set_val
72 50
82 5
93 40
94 25
97 10
100 35
104 10
111 10
112 10
115 25
116 5
117 5
118 5
153 30
157 15
fn=__GI___tunables_init
42 190
45 37
48 3696
52 74
56 148
128 1
261 10
267 4
281 6068
283 2
287 10989
304 8
fn=__tunable_get_val
387 78
390 462
399 50
400 14
409 31
416 234
418 39
fl=./elf/./elf/dl-tunables.h
fn=__GI___tunable_set_val
141 10
142 10
151 5
fn=__GI___tunables_init
160 722
161 1733
fl=./elf/./elf/dl-version.c
fn=_dl_check_all_versions
392 7
394 1
396 26
397 7
398 63
401 7
fn=_dl_check_map_versions
36 224
37 60
38 378
56 232
64 174
70 174
86 58
87 116
89 58
94 2316
108 2026
110 58
113 464
120 2865
124 955
155 70
156 7
164 12
170 21
172 35
174 7
175 7
177 14
180 15
184 40
198 8
200 39
208 39
213 39
215 45
217 232
218 443
221 116
224 174
225 5
228 28
231 232
234 174
239 45
243 39
248 8
257 30
260 10
263 551
266 412
270 129
274 18
279 6
280 24
281 18
291 6
294 32
296 12
299 20
301 8
303 39
306 174
308 232
310 290
311 116
312 174
313 174
316 174
321 45
324 39
329 8
334 12
337 10
341 129
343 268
347 129
348 645
349 387
350 129
353 402
357 129
365 10
366 10
367 10
368 4
370 4
372 124
373 60
375 2
376 7
387 63
fl=./elf/./elf/do-rel.h
fn=_dl_relocate_object
49 42
50 42
51 7
53 70
72 8
73 9
80 42
83 3352
85 4448
96 12
97 4
114 36
123 3097
124 2046
126 36
129 40
131 14282
133 17785
134 14228
135 10671
136 14228
138 10671
141 272
142 68
143 68
147 3489
150 10490
151 246
164 24
165 285
166 252
169 204
171 272
172 68
173 136
180 31
182 42
183 12
185 18
193 6
196 18
211 7
fn=_dl_start
49 6
50 4
51 1
53 10
56 4
61 13
63 9
64 6
65 3
fl=./elf/./elf/get-dynamic-info.h
fn=_dl_map_object_from_fd
39 10
43 5
45 567
49 276
51 74
52 37
53 6
54 129
55 109
56 25
59 20
62 20
64 20
68 138
72 20
84 17
85 20
86 20
87 20
88 17
89 19
90 19
91 20
103 40
110 16
115 8
122 8
123 15
129 15
130 6
147 15
152 4
154 4
156 4
158 4
159 4
162 15
164 9
165 6
174 6
175 9
180 6
181 6
184 10
fl=./elf/./elf/libc-dl-profstub.c
fn=_dl_mcount_wrapper_check
36 128
37 384
38 128
fl=./elf/./elf/libc_early_init.c
fn=__libc_early_init
33 9
35 1
38 2
41 2
47 4
49 2
fl=./elf/./elf/rtld.c
fn=_dl_start
85 8
458 2
476 3
477 1
478 2
488 1
494 4
496 2
517 16
543 1
546 2
547 4
563 190
565 1
578 1
585 9
fn=dl_main
85 17
92 12
93 2
101 9
197 2
199 1
224 3
225 5
226 4
296 3
302 1
303 1
837 1
839 1
848 1
850 1
855 1
1115 1
1116 1
1118 1
1122 3
1124 1
1125 1
1140 1
1143 46
1144 117
1148 3
1153 3
1154 9
1163 2
1164 2
1166 1
1173 3
1191 2
1199 8
1200 17
1201 8
1202 1
1204 12
1205 14
1209 8
1210 8
1211 4
1215 12
1243 2
1247 3
1253 28
1254 61
1260 17
1266 4
1269 3
1271 3
1346 13
1351 1
1352 1
1357 1
1373 3
1374 4
1637 10
1639 2
1640 3
1641 2
1642 3
1646 2
1647 2
1672 3
1673 5
1674 3
1675 3
1678 1
1680 1
1681 1
1683 2
1684 2
1688 2
1690 2
1698 4
1705 2
1708 2
1733 4
1735 1
1740 2
1743 4
1744 4
1745 3
1746 1
1747 1
1748 1
1759 2
1760 2
1762 2
1764 1
1765 3
1770 5
1771 5
1773 3
1779 2
1788 2
1792 1
1793 2
1817 2
1823 1
1824 1
1825 1
1829 3
1834 3
1836 1
1838 2
1842 5
1847 2
1863 6
1939 4
1943 19
1944 1
1947 3
1948 1
1949 2
1950 2
1955 3
1965 9
1971 31
1972 18
1975 3
1976 2
1977 1
1979 26
1980 12
1984 2
1990 1
1992 3
1993 2
1995 2
1997 3
1999 3
2000 1
2001 2
2013 2
2014 2
2015 3
2026 5
2027 4
2028 5
2038 2
2039 2
2040 4
2042 2
2047 3
2246 3
2250 3
2256 2
2259 2
2267 2
2279 3
2282 3
2284 3
2285 6
2292 2
2293 30
2295 14
2300 14
2302 16
2304 1
2305 1
2308 7
2310 14
2311 48
2315 20
2316 9
2325 2
2329 4
2331 1
2338 4
2341 2
2345 3
2347 2
2357 1
2362 3
2365 1
2371 1
2372 5
2380 3
2387 1
2390 3
2394 3
2395 1
2396 1
2397 1
2401 1
2406 8
2538 1
2598 1
2600 2
2602 15
2604 2
2606 107
2607 19
2615 13
2640 2
2650 4
2652 2
2653 1
2687 5
2689 2
2690 2
2691 1
2727 5
2749 3
fn=handle_preload_list
183 3
806 1
810 2
811 2
812 1
814 1
816 6
817 3
825 3
869 13
870 3
874 5
877 4
878 3
880 4
881 2
887 1
889 2
891 2
892 1
895 9
fn=init_tls
734 4
736 2
740 3
746 2
749 1
750 1
751 1
755 1
757 1
761 2
762 2
763 18
764 7
765 14
769 9
771 3
773 3
776 2
779 1
786 2
787 2
793 2
797 1
800 5
fn=map_doit
641 6
643 4
644 6
646 3
fn=version_check_doit
674 6
676 6
680 3
fl=./elf/./get-dynamic-info.h
fn=_dl_start
45 75
49 36
51 10
52 5
54 20
55 16
56 5
59 4
62 4
64 4
68 18
72 3
84 4
85 3
86 4
87 4
88 5
89 3
90 4
91 4
103 10
110 3
123 3
129 3
130 3
133 2
134 3
139 5
142 5
fn=dl_main
39 4
43 1
45 119
49 58
51 12
52 6
54 25
55 21
56 5
59 4
62 4
64 4
68 29
72 7
84 3
85 5
86 5
87 5
88 4
89 5
90 5
91 5
103 9
110 3
115 2
122 3
123 4
129 3
147 4
152 2
154 2
156 2
158 2
159 2
162 4
164 3
165 2
174 2
175 3
180 2
181 3
184 3
fl=./elf/./setup-vdso.h
fn=dl_main
24 2
fl=./iconv/./iconv/gconv_simple.c
fn=__gconv_btwoc_ascii
49 128
51 512
54 128
fl=./io/../sysdeps/unix/sysv/linux/access.c
fn=access
25 1
27 7
31 1
fl=./io/../sysdeps/unix/sysv/linux/close_nocancel.c
fn=__GI___close_nocancel
25 6
26 24
27 6
fn=__close_nocancel
25 3
26 12
27 3
fl=./io/../sysdeps/unix/sysv/linux/fstat64.c
fn=fstat
30 7
39 28
72 7
fl=./io/../sysdeps/unix/sysv/linux/fstatat64.c
fn=fstatat
91 6
146 6
160 4
161 11
162 1
fl=./io/../sysdeps/unix/sysv/linux/open64.c
fn=open
30 36
33 17
36 5
37 1
41 27
43 24
fl=./io/../sysdeps/unix/sysv/linux/open64_nocancel.c
fn=__open_nocancel
28 48
31 84
39 102
41 24
fl=./io/../sysdeps/unix/sysv/linux/pread64_nocancel.c
fn=__pread64_nocancel
25 4
26 8
27 2
fl=./io/../sysdeps/unix/sysv/linux/read.c
fn=read
25 4
26 24
27 4
fl=./io/../sysdeps/unix/sysv/linux/read_nocancel.c
fn=__read_nocancel
25 5
26 20
27 5
fl=./io/../sysdeps/unix/sysv/linux/stat64.c
fn=stat
28 6
29 12
fl=./io/../sysdeps/unix/sysv/linux/write.c
fn=write
25 1128
26 6768
27 1128
fl=./libio/../include/sys/sysmacros.h
fn=_IO_file_doallocate
47 6
fl=./libio/./libio/filedoalloc.c
fn=_IO_file_doallocate
78 11
84 9
86 4
89 2
91 2
94 2
97 4
101 3
102 2
104 4
105 1
106 9
fl=./libio/./libio/fileno.c
fn=fileno
32 129
35 645
42 129
fl=./libio/./libio/fileops.c
fn=_IO_do_write@@GLIBC_2.2.5
424 1139
426 3388
427 1135
434 2
441 4
444 1
449 5
450 5
452 3
453 2
454 1
455 2
456 4
fn=_IO_file_close
1165 3
1168 6
fn=_IO_file_close_it@@GLIBC_2.2.5
128 21
130 9
133 6
134 9
137 3
139 6
142 21
145 9
153 15
154 12
157 6
158 3
159 3
160 3
162 6
163 21
fn=_IO_file_finish@@GLIBC_2.2.5
168 18
169 6
175 9
176 9
fn=_IO_file_fopen@@GLIBC_2.2.5
213 36
214 2
222 6
224 24
227 2
228 4
247 36
281 15
284 6
287 12
288 6
357 36
fn=_IO_file_open
182 36
184 6
185 3
188 6
189 6
191 3
192 18
195 9
205 6
206 3
207 18
fn=_IO_file_overflow@@GLIBC_2.2.5
732 9232
733 4616
740 5766
743 4
745 4
746 12
755 6
764 6
765 2
766 2
767 2
768 2
769 6
771 6
772 10
773 4
775 2308
776 2254
777 2279
778 54
781 81
782 81
783 108
784 4
785 3
787 27
788 5797
fn=_IO_file_setbuf@@GLIBC_2.2.5
382 6
383 3
386 1
388 3
390 2
391 3
fn=_IO_file_stat
1147 1
1148 2
fn=_IO_file_sync@@GLIBC_2.2.5
793 20566
798 11752
800 2938
801 5876
812 5876
816 14690
fn=_IO_file_write@@GLIBC_2.2.5
1174 9016
1175 2254
1176 6762
1180 3381
1181 3381
1182 2254
1187 1127
1188 1127
1190 3381
1191 3381
1194 6762
fn=_IO_file_xsputn@@GLIBC_2.2.5
434 2252
441 4504
444 1126
446 2252
449 6756
450 6756
452 3378
453 2252
454 1126
455 2252
456 4504
1198 10143
1200 1127
1204 4508
1205 1127
1211 4508
1213 2254
1228 3381
1244 6762
1250 2254
1251 3383
1253 2255
1256 2252
1257 2252
1264 2254
1265 4
1267 3
1268 10143
fn=_IO_new_file_init_internal
106 18
110 3
111 3
113 3
114 3
115 9
fl=./libio/./libio/genops.c
fn=_IO_cleanup
776 6
777 10
780 13
784 3
785 36
792 7
794 6
796 4
798 2
800 3
801 1
805 5
807 3
814 3
816 30
817 3
821 7
822 2
842 12
843 2
855 12
fn=_IO_default_finish
54 6
601 18
603 9
609 9
612 9
624 9
fn=_IO_default_setbuf
330 5
332 1
333 1
337 2
452 10
453 5
455 4
457 3
458 2
462 1
466 4
467 1
468 6
fn=_IO_default_xsputn
371 11
373 2
374 4
375 1
379 108
399 262
401 26
404 8
fn=_IO_doallocbuf
330 1
332 1
333 1
337 2
343 16
344 4
346 9
347 5
349 2
350 12
fn=_IO_flush_all
686 12
687 3
691 6
692 9
695 12
697 3
698 36
700 21
708 33
709 3
713 7
714 2
718 12
fn=_IO_link_in
87 42
88 30
90 6
92 21
93 27
94 3
95 27
97 6
98 3
100 15
101 3
102 18
103 6
106 57
fn=_IO_no_init
563 33
564 3
565 3
566 6
568 3
572 18
579 3
581 3
587 3
588 18
fn=_IO_old_init
531 3
532 6
534 18
539 21
544 3
550 6
555 9
556 6
558 3
fn=_IO_setb
329 44
330 16
332 4
333 4
335 24
338 24
fn=_IO_un_link
53 6
54 12
82 6
fn=_IO_unsave_markers
937 18
939 6
944 9
946 9
fn=__GI__IO_un_link.part.0
52 30
58 18
59 30
60 3
61 39
63 9
65 6
66 9
74 6
76 30
77 3
78 18
79 6
82 27
fn=__overflow
199 5
201 3
203 3
204 2
fl=./libio/./libio/iofclose.c
fn=fclose@@GLIBC_2.2.5
34 24
48 9
49 3
51 39
52 6
53 9
57 12
58 9
71 6
76 21
fl=./libio/./libio/iofflush.c
fn=fflush
32 17622
33 5874
39 35244
40 14685
44 14685
fl=./libio/./libio/iofopen.c
fn=fopen@@GLIBC_2.2.5
37 6
65 6
67 9
70 6
72 21
73 6
74 6
75 21
85 27
87 21
fl=./libio/./libio/iofwrite.c
fn=fwrite
31 10143
32 2254
35 6762
37 15778
38 5633
39 7889
45 4508
46 1127
49 10143
fl=./libio/./libio/libioP.h
fn=_IO_cleanup
1025 3
1026 2
fn=_IO_default_setbuf
1025 3
1026 2
fn=_IO_default_xsputn
1025 53
1026 52
fn=_IO_do_write@@GLIBC_2.2.5
1025 3
1026 2
fn=_IO_doallocbuf
1025 3
1026 2
fn=_IO_file_close_it@@GLIBC_2.2.5
1025 9
1026 6
fn=_IO_file_doallocate
1025 3
1026 2
fn=_IO_file_xsputn@@GLIBC_2.2.5
1025 5633
1026 4506
fn=_IO_flush_all
1025 2
fn=__overflow
1025 3
1026 2
fn=fclose@@GLIBC_2.2.5
951 12
952 12
958 6
979 12
980 27
1025 9
1026 6
fn=fflush
979 5874
980 23496
1025 8811
1026 5874
fn=fwrite
979 2254
980 10143
1025 2254
1026 2254
fl=./libio/./libio/putc.c
fn=putc
25 9
28 2
29 7
34 5
fl=./libio/./libio/vtables.c
fn=check_stdfiles_vtables
545 1
546 4
547 3
548 3
550 1
fl=./locale/./locale/newlocale.c
fn=newlocale
43 15
55 2
56 1
63 2
66 3
73 4
75 1
277 12
fl=./locale/./locale/uselocale.c
fn=uselocale
30 2
31 6
33 4
36 4
37 2
65 6
66 6
68 6
72 6
73 2
fl=./malloc/../string/bits/string_fortified.h
fn=tcache_init.part.0
59 88
fl=./malloc/../sysdeps/unix/sysv/linux/not-cancel.h
fn=ptmalloc_init.part.0
97 6
fl=./malloc/./malloc/arena.c
fn=free
153 327
fn=malloc
153 126
264 1
fn=ptmalloc_init.part.0
262 8
267 1
292 2
296 3
300 4
301 4
302 4
303 4
304 4
305 4
306 4
308 4
309 4
310 4
313 4
314 4
316 2
326 8
fl=./malloc/./malloc/malloc.c
fn=_int_free
1792 32
1992 69
3163 154
3165 308
3166 77
3167 154
4495 763
4499 327
4505 436
4506 218
4510 545
4517 218
4518 654
4521 100
4527 300
4547 500
4550 77
4561 64
4572 92
4574 69
4593 23
4595 23
4596 23
4600 69
4602 46
4606 46
4608 69
4609 23
4628 92
4637 18
4640 18
4643 18
4646 18
4658 645
fn=_int_free_maybe_consolidate
4770 99
4776 18
4778 24
4781 18
4784 30
4785 30
4798 75
fn=_int_free_merge_chunk
1992 27
4665 72
4666 9
4670 54
4673 36
4675 27
4678 27
4681 18
4682 18
4683 18
4689 18
4701 27
4702 63
4714 18
4720 4
4724 2
4732 2
4733 8
4734 4
4736 2
4738 4
4740 6
4743 2
4744 2
4746 6
4747 2
4756 7
4757 21
4758 14
fn=_int_malloc
1326 128
1345 384
1794 46
1985 6
2008 20
2017 2
2552 24
2553 4
2564 8
2589 16
2590 8
2599 40
2605 9
2608 12
2669 12
2677 8
2678 12
2691 12
2693 4
2699 20
2707 8
2709 16
2710 12
2711 4
2712 4
2715 8
2744 24
2745 1
2746 8
2752 32
2753 18
2755 4
2782 2
2783 1
2795 3
2814 2
2817 2
2818 6
2820 1
2821 6
2833 5
2873 1
2875 1
2876 5
2877 1
2888 3
2921 12
2922 4
2926 4
2930 20
2932 4
2933 4
2934 4
2935 28
2936 8
2938 4
3846 704
3882 1
3887 128
3914 182
3916 116
3919 65
3921 94
3930 141
3977 34
3979 94
3980 106
3982 159
4039 175
4040 33
4058 190
4059 192
4060 192
4069 6
4070 332
4072 3
4073 6
4074 3
4076 6
4077 9
4079 3
4080 12
4082 12
4084 6
4085 6
4087 6
4098 12
4121 1
4127 3
4128 3
4132 6
4134 2
4135 3
4140 2
4161 4
4169 26
4170 6
4171 2
4174 4
4218 8
4221 14
4222 2
4223 2
4224 2
4225 2
4230 4
4231 4
4240 8
4246 4
4257 189
4259 40
4262 30
4263 63
4330 63
4331 126
4332 126
4333 126
4334 378
4339 252
4343 612
4346 636
4348 4
4349 2
4353 24
4355 11
4357 22
4361 1
4364 2
4373 4
4376 2
4378 3
4381 3
4384 4
4394 1
4399 4
4400 2
4403 1
4404 1
4405 1
4408 2
4410 2
4412 2
4415 8
4417 3
4418 1
4421 1
4443 62
4444 124
4446 124
4449 186
4451 58
4452 116
4453 58
4454 464
4456 116
4459 116
4460 186
4461 62
4466 16
4482 4
4487 768
fn=alloc_perturb
1985 186
1987 62
fn=free
3359 763
3363 218
3371 218
3373 109
3375 327
3392 327
3398 327
3401 109
3402 654
fn=malloc
1326 222
1345 532
3178 96
3182 96
3186 192
3190 96
3191 48
3248 4
3294 888
3301 222
3311 176
3313 444
3316 222
3318 303
3326 126
3328 252
3329 315
3354 666
fn=ptmalloc_init.part.0
1946 385
1949 381
1957 1
1958 1
1960 1
3143 2
fn=systrim.constprop.0
2957 36
2966 18
2968 6
2969 12
2970 1
2974 18
2975 6
2978 30
2980 12
2987 15
2988 20
3000 15
3001 10
3003 5
3005 10
3009 10
3012 5
3013 20
3015 10
3020 36
fn=tcache_init.part.0
3242 4
3251 8
3252 3
3253 2
3261 4
3270 2
3274 3
fn=unlink_chunk.isra.0
1608 2
1610 5
1613 2
1614 2
1616 4
1619 1
1620 1
1621 5
1623 2
1624 3
1627 2
1641 1
1642 1
1645 2
fl=./malloc/./malloc/morecore.c
fn=__glibc_morecore
25 60
26 40
29 20
30 40
34 40
fl=./malloc/./malloc/scratch_buffer_set_array_size.c
fn=__libc_scratch_buffer_set_array_size
30 65
34 5
35 10
45 10
46 5
63 30
fl=./math/../sysdeps/ieee754/dbl-64/e_pow.c
fn=__ieee754_pow_fma
45 1831158
62 481158
63 481158
64 481158
65 721737
67 481158
72 1202895
77 721737
88 481158
89 240579
90 481158
91 481158
95 240579
96 240579
97 240579
100 240579
101 240579
102 481158
112 1924632
113 962316
114 240579
115 481158
193 240579
194 721737
197 144482
201 72241
202 144482
225 673352
227 168338
229 336676
231 168338
233 505014
234 336676
237 168338
240 168338
243 1346704
244 336676
249 336676
273 117684
283 270000
284 270000
292 2012895
299 88263
314 58842
316 29421
317 58842
322 117684
369 240579
370 481158
380 540000
fl=./math/../sysdeps/ieee754/dbl-64/e_sqrt.c
fn=__sqrt_finite@GLIBC_2.15
52 49602958
54 49602958
146 49602958
fl=./math/../sysdeps/ieee754/dbl-64/math_config.h
fn=__ieee754_pow_fma
85 948917
97 168338
fl=./math/../sysdeps/ieee754/dbl-64/s_tan.c
fn=__tan_fma
50 9
68 2
69 4
77 4
80 3
88 3
105 3
107 3
108 5
109 1
110 5
111 4
112 1
113 1
114 4
115 1
116 1
118 1
371 8
fl=./math/../sysdeps/x86/fpu/fenv_private.h
fn=__tan_fma
415 1
416 4
419 4
431 2
fl=./math/../sysdeps/x86_64/fpu/e_logl.S
fn=__ieee754_logl
30 161905920
31 161905920
32 161905920
33 161905920
34 161905920
35 161905920
36 161905920
37 161905920
38 161905920
39 161905920
40 161905920
41 161905920
42 161905920
43 161905920
44 161905920
45 161905920
46 161905920
47 161905920
58 161905920
59 161905920
60 161905920
fl=./math/../sysdeps/x86_64/fpu/multiarch/e_asin.c
fn=__acos_finite@GLIBC_2.15
35 1
fn=__asin_finite@GLIBC_2.15
27 2
fl=./math/../sysdeps/x86_64/fpu/multiarch/e_atan2.c
fn=__atan2_finite@GLIBC_2.15
26 2
fl=./math/../sysdeps/x86_64/fpu/multiarch/e_exp.c
fn=__exp_finite@GLIBC_2.15
27 2
fl=./math/../sysdeps/x86_64/fpu/multiarch/e_exp2f.c
fn=exp2f@@GLIBC_2.27
27 2
fl=./math/../sysdeps/x86_64/fpu/multiarch/e_expf.c
fn=expf@@GLIBC_2.27
27 2
fl=./math/../sysdeps/x86_64/fpu/multiarch/e_log.c
fn=__log_finite@GLIBC_2.15
27 2
fl=./math/../sysdeps/x86_64/fpu/multiarch/e_log2.c
fn=log2@@GLIBC_2.29
27 2
fl=./math/../sysdeps/x86_64/fpu/multiarch/e_log2f.c
fn=log2f@@GLIBC_2.27
27 2
fl=./math/../sysdeps/x86_64/fpu/multiarch/e_logf.c
fn=logf@@GLIBC_2.27
27 2
fl=./math/../sysdeps/x86_64/fpu/multiarch/e_pow.c
fn=__pow_finite@GLIBC_2.15
27 2
fl=./math/../sysdeps/x86_64/fpu/multiarch/e_powf.c
fn=powf@@GLIBC_2.27
30 1
fl=./math/../sysdeps/x86_64/fpu/multiarch/ifunc-avx-fma4.h
fn=__atan2_finite@GLIBC_2.15
32 5
33 2
fn=__exp_finite@GLIBC_2.15
32 5
33 2
fn=__log_finite@GLIBC_2.15
32 5
33 2
fn=cos
32 5
33 2
fn=sin
32 5
33 2
fn=tan
32 5
33 2
fl=./math/../sysdeps/x86_64/fpu/multiarch/ifunc-fma.h
fn=__log1p
29 4
30 3
fn=cosf
29 4
30 3
fn=exp2f@@GLIBC_2.27
29 4
30 3
fn=expf@@GLIBC_2.27
29 4
30 3
fn=expm1
29 4
30 3
fn=log2@@GLIBC_2.29
29 4
30 3
fn=log2f@@GLIBC_2.27
29 4
30 3
fn=logf@@GLIBC_2.27
29 4
30 3
fn=powf@@GLIBC_2.27
29 4
30 4
fn=sincosf
29 4
30 3
fn=sinf
29 4
30 3
fl=./math/../sysdeps/x86_64/fpu/multiarch/ifunc-fma4.h
fn=__acos_finite@GLIBC_2.15
31 4
32 2
35 1
fn=__asin_finite@GLIBC_2.15
31 4
32 2
fn=__pow_finite@GLIBC_2.15
31 4
32 2
fn=sincos
31 4
32 2
fl=./math/../sysdeps/x86_64/fpu/multiarch/s_cosf.c
fn=cosf
26 2
fl=./math/../sysdeps/x86_64/fpu/multiarch/s_expm1.c
fn=expm1
26 2
fl=./math/../sysdeps/x86_64/fpu/multiarch/s_fma.c
fn=fma
49 6
fl=./math/../sysdeps/x86_64/fpu/multiarch/s_log1p.c
fn=__log1p
26 2
fl=./math/../sysdeps/x86_64/fpu/multiarch/s_sin.c
fn=cos
34 2
fn=sin
27 2
fl=./math/../sysdeps/x86_64/fpu/multiarch/s_sincos.c
fn=sincos
26 2
fl=./math/../sysdeps/x86_64/fpu/multiarch/s_sincosf.c
fn=sincosf
26 2
fl=./math/../sysdeps/x86_64/fpu/multiarch/s_sinf.c
fn=sinf
26 2
fl=./math/../sysdeps/x86_64/fpu/multiarch/s_tan.c
fn=tan
26 2
fl=./math/./math/w_logl_compat.c
fn=logl
29 809529600
30 809529600
44 323811840
45 161905920
fl=./math/./math/w_sqrt_compat.c
fn=sqrt
34 49602958
35 148808874
38 49602958
fl=./math/./w_pow_template.c
fn=pow@@GLIBC_2.29
31 1620000
32 540000
33 1890000
45 1315368
49 810000
fl=./misc/../sysdeps/unix/syscall-template.S
fn=mprotect
117 35
122 7
fn=munmap
117 5
122 1
fl=./misc/../sysdeps/unix/sysv/linux/brk.c
fn=brk
36 10
37 20
38 20
44 10
45 10
fl=./misc/../sysdeps/unix/sysv/linux/brk_call.h
fn=brk
24 20
fl=./misc/../sysdeps/unix/sysv/linux/mmap64.c
fn=mmap
47 182
50 52
53 107
58 156
60 104
fl=./misc/../sysdeps/unix/sysv/linux/setvmaname.c
fn=__set_vma_name
33 12
35 11
40 7
47 1
49 6
fl=./misc/../sysdeps/unix/sysv/linux/writev.c
fn=writev
25 124
26 744
27 124
fl=./misc/./misc/init-misc.c
fn=__init_misc
30 5
31 6
33 3
37 5
38 3
40 4
fl=./misc/./misc/sbrk.c
fn=sbrk
37 160
40 40
43 40
58 40
59 4
62 40
63 2
66 36
68 10
74 27
78 140
fl=./nptl/../sysdeps/nptl/futex-internal.h
fn=__pthread_once_slow
209 8
fl=./nptl/../sysdeps/unix/sysv/linux/x86/elision-conf.c
fn=__lll_elision_init
92 8
96 5
98 4
100 4
102 4
104 4
107 3
108 1
109 6
fl=./nptl/./nptl/cleanup_compat.c
fn=_pthread_cleanup_pop@@GLIBC_2.34
40 1
43 2
47 2
49 1
fn=_pthread_cleanup_push@@GLIBC_2.34
25 1
28 1
29 1
30 2
32 1
33 1
fl=./nptl/./nptl/libc-cleanup.c
fn=__libc_cleanup_pop_restore
54 8
55 8
57 16
59 8
60 24
71 8
fn=__libc_cleanup_push_defer
24 8
25 8
27 16
29 16
32 16
46 24
48 8
49 8
fl=./nptl/./nptl/pthread_mutex_conf.c
fn=__pthread_tunables_init
55 8
56 5
58 4
60 4
62 6
fl=./nptl/./nptl/pthread_mutex_lock.c
fn=pthread_mutex_lock@@GLIBC_2.2.5
44 1
45 7
46 1
77 5
80 3
82 1
84 2
88 2
97 2
108 4
112 1
115 2
124 1
130 3
131 2
179 1
182 1
184 1
187 1
190 3
fl=./nptl/./nptl/pthread_mutex_unlock.c
fn=pthread_mutex_unlock@@GLIBC_2.2.5
39 1
40 4
41 1
51 3
52 2
57 2
62 1
65 1
70 1
72 1
74 2
80 4
84 3
87 2
367 4
369 2
fl=./nptl/./nptl/pthread_once.c
fn=__pthread_once_slow
68 11
76 1
80 2
88 2
92 2
101 4
114 13
116 1
118 3
124 1
132 10
fn=pthread_once@@GLIBC_2.34
136 14
139 14
140 28
143 1
144 26
fl=./posix/../malloc/dynarray-skeleton.c
fn=__unregister_atfork
243 5
fl=./posix/../sysdeps/unix/sysv/linux/_exit.c
fn=_Exit
27 2
30 4
fl=./posix/./posix/register-atfork.c
fn=__unregister_atfork
71 10
82 30
83 20
109 20
110 15
fl=./resource/../sysdeps/unix/sysv/linux/getrlimit64.c
fn=getrlimit
38 2
39 7
40 1
fl=./setjmp/../sysdeps/x86_64/bsd-_setjmp.S
fn=_setjmp
28 1
30 1
32 1
fl=./setjmp/../sysdeps/x86_64/setjmp.S
fn=__sigsetjmp
31 15
33 15
42 15
43 30
44 15
48 15
49 15
50 15
51 15
52 15
54 30
56 15
57 15
58 15
60 30
62 15
67 1
68 1
70 14
73 14
74 14
81 14
82 14
85 1
fl=./setjmp/./setjmp/sigjmp.c
fn=__sigjmp_save
28 6
29 1
30 2
34 4
fl=./stdlib/./stdlib/cxa_atexit.c
fn=__cxa_atexit
41 26
43 104
44 26
46 26
52 39
53 13
54 13
55 13
56 13
57 52
58 13
67 91
69 78
fn=__new_exitfn
80 65
81 13
86 26
91 82
93 52
94 60
101 1
104 24
122 1
123 1
129 36
130 24
134 1
136 13
137 13
141 65
fl=./stdlib/./stdlib/cxa_finalize.c
fn=__cxa_finalize
30 50
33 35
36 35
40 196
41 132
43 22
45 11
76 11
78 33
81 44
82 33
83 44
87 33
93 35
97 30
105 10
106 20
107 40
fl=./stdlib/./stdlib/cxa_thread_atexit_impl.c
fn=__call_tls_dtors
148 5
149 4
165 4
fl=./stdlib/./stdlib/exit.c
fn=__run_exit_handlers
38 12
40 2
41 2
43 5
54 2
56 2
60 1
64 42
66 26
67 13
69 113
94 2
101 2
102 2
103 2
104 6
107 8
108 6
109 8
113 6
119 3
120 2
126 4
128 2
129 2
131 2
fn=exit
137 3
138 4
fl=./stdlib/./stdlib/getenv.c
fn=getenv
24 9
25 8
28 2
29 151
31 74
32 18
37 9
fl=./stdlib/./stdlib/secure-getenv.c
fn=secure_getenv
28 1
29 5
fl=./string/../include/rtld-malloc.h
fn=strdup
56 12
fl=./string/../string/strcspn.c
fn=strcspn
32 6
33 3
34 2
39 6
40 4
41 4
42 4
44 1
47 9
48 6
51 4
52 4
53 4
54 4
56 3
61 12
62 24
63 24
64 24
65 12
67 72
69 1
70 4
71 3
fl=./string/../string/strstr.c
fn=__GI_strstr
77 36
82 9
84 15
85 6
86 6
161 36
fl=./string/../sysdeps/x86/cacheinfo.c
fn=__x86_cacheinfo
86 1
fl=./string/../sysdeps/x86/cacheinfo.h
fn=__x86_cacheinfo
59 1
62 3
64 3
65 1
71 3
73 3
74 1
78 2
80 2
81 2
82 2
84 2
86 2
fl=./string/../sysdeps/x86_64/multiarch/../multiarch/memcmp-sse2.S
fn=bcmp
59 1
71 1
72 1
94 1
95 1
140 1
141 1
143 1
144 1
146 1
147 1
149 1
150 1
197 1
198 1
199 1
200 1
201 1
202 1
fl=./string/../sysdeps/x86_64/multiarch/../multiarch/memset-vec-unaligned-erms.S
fn=memset
132 12
133 60
138 12
139 12
142 5
143 5
145 1
146 1
147 1
244 4
245 4
257 4
260 4
261 4
273 4
274 4
287 4
288 4
290 4
293 3
296 6
299 93
300 93
301 93
302 93
303 93
304 93
305 93
308 4
309 4
310 4
311 4
316 4
350 7
352 7
353 7
392 7
393 7
395 7
fl=./string/../sysdeps/x86_64/multiarch/../multiarch/strchr-sse2.S
fn=index
32 29
33 29
34 29
35 29
36 29
37 29
38 29
39 29
40 29
41 29
42 29
43 29
44 29
45 29
46 29
47 29
48 29
49 29
50 24
54 24
55 24
56 24
57 24
59 24
63 5
64 5
65 5
66 5
67 5
68 5
69 5
70 5
71 5
72 5
73 5
74 5
75 5
76 5
77 5
78 5
79 5
80 5
81 5
82 5
83 5
84 5
85 5
86 5
138 5
142 5
143 5
144 5
145 5
147 5
fl=./string/../sysdeps/x86_64/multiarch/../multiarch/strcmp-sse2.S
fn=strcmp
98 2482
131 2482
132 2482
134 2482
135 2482
156 2482
157 2482
158 2305
159 2305
160 2192
161 2192
162 2192
163 2192
180 2192
181 2192
182 2192
183 2192
184 2192
185 2192
186 2192
191 43
192 129
201 333
202 333
203 333
204 333
205 333
206 333
207 333
208 333
209 247
210 114
211 114
212 114
214 247
215 247
216 247
217 247
218 247
219 247
229 86
230 86
231 86
233 86
239 86
240 86
241 86
242 86
243 86
248 86
250 78
251 78
252 156
260 78
261 78
264 78
265 78
266 78
267 78
268 78
269 78
275 1
276 1
277 1
280 1
281 1
282 1
283 1
284 1
285 1
300 6
301 6
302 6
303 6
304 6
306 6
307 6
308 6
309 6
310 6
311 6
312 6
313 6
316 6
317 6
318 6
324 6
325 6
326 12
330 6
331 6
334 6
335 6
336 6
338 6
339 6
340 6
344 6
345 6
346 6
347 6
348 6
349 6
542 1
543 1
544 1
545 1
546 1
548 1
549 1
550 1
551 1
552 1
553 1
554 1
555 1
559 1
560 1
561 1
567 1
568 1
569 2
573 2
574 2
577 2
578 2
579 2
581 2
582 2
583 2
587 2
588 2
589 2
590 2
591 2
592 2
599 1
600 1
602 1
603 1
605 1
606 1
607 1
609 1
610 1
611 1
615 1
616 1
617 1
618 1
619 1
620 1
627 1
628 1
629 1
661 2
662 2
663 2
664 2
665 2
667 2
668 2
669 2
670 2
671 2
672 2
673 2
674 1
678 1
679 1
680 1
686 1
687 1
688 2
692 1
693 1
696 1
697 1
698 1
700 1
701 1
702 1
706 1
707 1
708 1
709 1
710 1
711 1
780 4
781 4
782 4
783 4
784 4
786 4
787 4
788 4
789 4
790 4
791 4
792 4
793 3
797 3
798 3
799 3
805 3
806 3
807 6
811 6
812 6
815 6
816 6
817 6
819 6
820 6
821 6
825 6
826 6
827 6
828 6
829 6
830 6
837 4
838 4
840 4
841 4
843 4
844 4
845 4
847 4
848 4
849 4
853 4
854 4
855 4
856 4
857 4
858 4
865 3
866 3
867 3
899 6
900 6
901 6
902 6
903 6
905 6
906 6
907 6
908 6
909 6
910 6
911 6
912 5
916 5
917 5
918 5
924 5
925 5
926 10
930 5
931 5
934 5
935 5
936 5
938 5
939 5
940 5
944 5
945 5
946 5
947 5
948 5
949 5
956 3
957 3
959 3
960 3
962 3
963 3
964 3
966 3
967 3
968 3
972 3
973 3
974 3
975 3
976 3
977 3
1018 12
1019 12
1020 12
1021 12
1022 12
1024 12
1025 12
1026 12
1027 12
1028 12
1029 12
1030 12
1031 11
1035 11
1036 11
1037 11
1043 11
1044 11
1045 22
1049 15
1050 15
1053 15
1054 15
1055 15
1057 15
1058 15
1059 15
1063 15
1064 15
1065 15
1066 15
1067 15
1068 15
1075 5
1076 5
1078 5
1079 5
1081 5
1082 5
1083 5
1085 5
1086 5
1087 5
1091 5
1092 5
1093 5
1094 5
1095 5
1096 5
1103 4
1104 4
1105 4
1137 20
1138 20
1139 20
1140 20
1141 20
1143 20
1144 20
1145 20
1146 20
1147 20
1148 20
1149 20
1150 13
1154 13
1155 13
1156 13
1162 13
1163 13
1164 26
1168 17
1169 17
1172 17
1173 17
1174 17
1176 17
1177 17
1178 17
1182 17
1183 17
1184 17
1185 17
1186 17
1187 17
1194 6
1195 6
1197 6
1198 6
1200 6
1201 6
1202 6
1204 6
1205 6
1206 6
1210 6
1211 6
1212 6
1213 6
1214 6
1215 6
1222 4
1223 4
1224 4
1256 28
1257 28
1258 28
1259 28
1260 28
1262 28
1263 28
1264 28
1265 28
1266 28
1267 28
1268 28
1269 19
1273 19
1274 19
1275 19
1281 19
1282 19
1283 38
1287 19
1288 19
1291 19
1292 19
1293 19
1295 19
1296 19
1297 19
1301 19
1302 19
1303 19
1304 19
1305 19
1306 19
1375 14
1376 14
1377 14
1378 14
1379 14
1381 14
1382 14
1383 14
1384 14
1385 14
1386 14
1387 14
1388 8
1392 8
1393 8
1394 8
1400 8
1401 8
1402 16
1406 8
1407 8
1410 8
1411 8
1412 8
1414 8
1415 8
1416 8
1420 8
1421 8
1422 8
1423 8
1424 8
1425 8
1432 1
1433 1
1435 1
1436 1
1438 1
1439 1
1440 1
1442 1
1443 1
1444 1
1448 1
1449 1
1450 1
1451 1
1452 1
1453 1
1494 38
1495 38
1496 38
1497 38
1498 38
1500 38
1501 38
1502 38
1503 38
1504 38
1505 38
1506 38
1507 13
1511 13
1512 13
1513 13
1519 13
1520 13
1521 26
1525 14
1526 14
1529 14
1530 14
1531 14
1533 14
1534 14
1535 14
1539 14
1540 14
1541 14
1542 14
1543 14
1544 14
1551 2
1552 2
1554 2
1555 2
1557 2
1558 2
1559 2
1561 2
1562 2
1563 2
1567 2
1568 2
1569 2
1570 2
1571 2
1572 2
1579 1
1580 1
1581 1
1613 34
1614 34
1615 34
1616 34
1617 34
1619 34
1620 34
1621 34
1622 34
1623 34
1624 34
1625 34
1626 8
1630 8
1631 8
1632 8
1638 8
1639 8
1640 16
1644 10
1645 10
1648 10
1649 10
1650 10
1652 10
1653 10
1654 10
1658 10
1659 10
1660 10
1661 10
1662 10
1663 10
1670 4
1671 4
1673 4
1674 4
1676 4
1677 4
1678 4
1680 4
1681 4
1682 4
1686 4
1687 4
1688 4
1689 4
1690 4
1691 4
1698 2
1699 2
1700 2
1732 32
1733 32
1734 32
1735 32
1736 32
1738 32
1739 32
1740 32
1741 32
1742 32
1743 32
1744 32
1745 19
1749 19
1750 19
1751 19
1757 19
1758 19
1759 38
1763 20
1764 20
1767 20
1768 20
1769 20
1771 20
1772 20
1773 20
1777 20
1778 20
1779 20
1780 20
1781 20
1782 20
1789 4
1790 4
1792 4
1793 4
1795 4
1796 4
1797 4
1799 4
1800 4
1801 4
1805 4
1806 4
1807 4
1808 4
1809 4
1810 4
1817 1
1818 1
1819 1
1851 24
1852 24
1853 24
1854 24
1855 24
1857 24
1858 24
1859 24
1860 24
1861 24
1862 24
1863 24
1864 12
1868 12
1869 12
1870 12
1876 12
1877 12
1878 24
1882 14
1883 14
1886 14
1887 14
1888 14
1890 14
1891 14
1892 14
1896 14
1897 14
1898 14
1899 14
1900 14
1901 14
1908 5
1909 5
1911 5
1912 5
1914 5
1915 5
1916 5
1918 5
1919 5
1920 5
1924 5
1925 5
1926 5
1927 5
1928 5
1929 5
1936 2
1937 2
1938 2
1970 26
1971 26
1972 26
1973 26
1974 26
1976 26
1977 26
1978 26
1979 26
1980 26
1981 26
1982 26
1984 7
1988 7
1989 7
1990 7
1996 7
1997 7
1999 14
2003 12
2004 12
2007 12
2008 12
2009 12
2011 12
2012 12
2013 12
2017 12
2018 12
2019 12
2020 12
2021 12
2022 12
2029 5
2030 5
2032 5
2033 5
2035 5
2036 5
2037 5
2039 5
2040 5
2041 5
2045 5
2046 5
2047 5
2048 5
2049 5
2050 5
2057 5
2058 5
2059 5
2093 204
2095 333
2096 333
2097 333
2098 333
2099 228
2104 2482
2110 2482
2111 2482
2119 2482
2120 2482
fn=strncmp
98 1
125 1
126 1
127 1
128 1
129 1
131 1
132 1
134 1
135 1
156 1
157 1
158 1
159 1
160 1
161 1
162 1
163 1
180 1
181 1
182 1
183 1
184 1
185 1
186 1
2104 1
2107 1
2108 1
2110 1
2111 1
2119 1
2120 1
fl=./string/../sysdeps/x86_64/multiarch/../multiarch/strlen-sse2.S
fn=strlen
57 30
101 30
102 30
103 30
104 30
105 30
106 30
107 30
109 30
111 30
142 29
143 29
144 29
145 29
146 29
147 15
149 15
153 14
154 14
155 14
156 14
157 14
158 14
159 14
160 14
161 14
162 14
163 14
164 14
169 112
173 1
174 14
175 8
fl=./string/../sysdeps/x86_64/multiarch/ifunc-avx2.h
fn=memrchr
38 4
40 3
41 2
42 3
45 2
46 2
49 3
52 6
fn=rindex
38 4
40 3
41 2
42 3
45 2
46 2
49 3
52 6
fn=strchrnul
38 4
40 3
41 2
42 3
45 2
46 2
49 3
52 6
fn=strlen
38 12
40 9
41 6
42 9
45 6
46 6
49 9
52 18
fn=strnlen
38 8
40 6
41 4
42 6
45 4
46 4
49 6
52 12
fl=./string/../sysdeps/x86_64/multiarch/ifunc-evex.h
fn=memchr
37 12
38 9
39 9
42 6
43 6
45 6
51 9
54 12
fl=./string/../sysdeps/x86_64/multiarch/ifunc-memcmp.h
fn=bcmp
34 15
35 6
36 6
37 9
40 6
41 6
44 9
47 12
fl=./string/../sysdeps/x86_64/multiarch/ifunc-memmove.h
fn=memcpy@@GLIBC_2.14
56 6
57 9
60 9
61 6
74 6
77 6
85 6
93 6
96 15
fn=memmove
56 4
57 6
60 6
61 4
74 4
77 4
85 4
93 4
96 10
fn=mempcpy
56 2
57 3
60 3
61 2
74 2
77 2
85 2
93 2
96 5
fl=./string/../sysdeps/x86_64/multiarch/ifunc-memset.h
fn=memset
54 10
57 6
58 4
64 4
73 4
75 4
85 4
93 4
96 10
fl=./string/../sysdeps/x86_64/multiarch/ifunc-sse4_2.h
fn=strcspn
36 5
fn=strpbrk
36 5
fn=strspn
36 5
fl=./string/../sysdeps/x86_64/multiarch/ifunc-strcasecmp.h
fn=strcasecmp
36 4
37 2
38 3
41 2
42 2
45 3
48 5
fn=strcasecmp_l
36 4
37 2
38 3
41 2
42 2
45 3
48 5
fn=strncasecmp
36 4
37 2
38 3
41 2
42 2
45 3
48 5
fn=strncasecmp_l
36 4
37 2
38 3
41 2
42 2
45 3
48 5
fl=./string/../sysdeps/x86_64/multiarch/ifunc-strcpy.h
fn=stpcpy
38 4
39 3
42 2
43 2
46 3
49 3
fn=strcat
38 4
39 3
42 2
43 2
46 3
49 3
fn=strcpy
38 4
39 3
42 2
43 2
46 3
49 3
fl=./string/../sysdeps/x86_64/multiarch/ifunc-strncpy.h
fn=stpncpy
35 5
36 3
39 2
40 2
43 3
46 4
fn=strncpy
35 5
36 3
39 2
40 2
43 3
46 4
fl=./string/../sysdeps/x86_64/multiarch/memchr-avx2.S
fn=__memchr_avx2
61 74
68 74
70 74
73 74
74 74
76 74
77 74
78 74
79 74
82 74
83 74
86 74
87 74
89 15
90 15
91 14
92 14
94 28
101 59
106 59
113 59
114 59
115 44
116 44
128 15
129 15
161 1
162 1
163 1
165 1
175 1
176 1
179 1
180 1
257 1
258 1
261 1
262 1
266 1
267 1
278 2
fl=./string/../sysdeps/x86_64/multiarch/memchr.c
fn=memchr
29 6
fl=./string/../sysdeps/x86_64/multiarch/memcmp-avx2-movbe.S
fn=__memcmp_avx2_movbe
73 76
80 76
81 76
84 1
85 1
86 1
90 1
91 1
93 1
94 1
97 1
98 1
99 1
102 1
103 1
106 1
107 1
110 1
111 1
112 1
113 1
114 1
115 1
116 1
117 1
118 1
119 1
122 1
123 1
129 1
130 1
131 1
132 1
136 1
137 1
139 1
140 1
141 1
142 1
145 1
146 1
147 1
148 1
149 1
150 1
152 2
156 48
166 48
167 48
168 48
171 96
401 75
402 75
407 75
408 75
409 75
410 75
411 75
414 74
415 74
416 74
417 74
420 74
421 74
422 26
423 52
429 1
430 1
432 1
433 1
435 1
436 1
438 1
439 1
440 1
441 1
442 1
443 1
444 1
445 1
446 1
448 1
450 1
fl=./string/../sysdeps/x86_64/multiarch/memcmp.c
fn=bcmp
29 12
fl=./string/../sysdeps/x86_64/multiarch/memcmpeq.c
fn=memcpy@@GLIBC_2.14
29 3
fl=./string/../sysdeps/x86_64/multiarch/memmove-vec-unaligned-erms.S
fn=__memcpy_avx_unaligned_erms
255 539912
256 539912
262 539912
263 539912
265 7
266 7
267 7
270 4
271 4
272 4
275 8
305 539905
306 539905
308 539891
309 539891
311 539888
315 539888
316 539881
317 539881
318 539881
319 539881
320 240501
321 240501
323 539881
325 539881
331 7
332 7
333 7
334 7
335 7
342 14
343 14
344 14
345 14
347 14
364 3
365 3
366 3
367 3
368 3
386 3
387 3
563 3
570 3
571 3
601 3
602 3
606 3
608 3
611 3
615 3
616 3
620 3
624 3
648 3
650 3
652 3
654 3
657 3
658 3
660 269923
663 3
665 3
667 6
fn=memcpy
210 35
211 35
217 62
218 62
220 34
221 34
222 34
224 17
225 17
226 17
228 17
308 28
309 28
311 7
315 7
316 7
317 7
318 1
319 1
323 1
325 7
364 21
365 21
366 21
367 21
368 21
375 15
376 15
377 15
378 15
379 15
380 15
381 15
392 17
393 17
395 15
396 15
397 15
417 2
418 2
422 2
424 2
440 2
443 2
445 2
447 2
451 2
452 2
461 2
462 2
464 2
466 2
467 2
468 2
471 2
473 2
475 2
477 2
483 6
484 6
485 6
486 6
487 6
488 6
489 6
490 6
491 6
492 6
493 6
494 6
496 2
497 2
498 2
499 2
501 2
505 2
fn=mempcpy
197 27
198 27
199 27
200 27
fl=./string/../sysdeps/x86_64/multiarch/memmove.c
fn=memmove
29 2
fl=./string/../sysdeps/x86_64/multiarch/mempcpy.c
fn=mempcpy
33 1
fl=./string/../sysdeps/x86_64/multiarch/memrchr.c
fn=memrchr
29 3
fl=./string/../sysdeps/x86_64/multiarch/memset-vec-unaligned-erms.S
fn=__memset_avx2_unaligned_erms
158 5
159 10
164 5
165 5
166 5
167 5
168 5
181 2
182 2
184 4
237 5
238 5
244 2
245 2
257 2
260 2
261 2
325 3
326 3
327 3
328 270003
329 3
330 6
fl=./string/../sysdeps/x86_64/multiarch/memset.c
fn=memset
29 2
fl=./string/../sysdeps/x86_64/multiarch/stpcpy.c
fn=stpcpy
33 3
fl=./string/../sysdeps/x86_64/multiarch/stpncpy.c
fn=stpncpy
31 3
fl=./string/../sysdeps/x86_64/multiarch/strcasecmp.c
fn=strcasecmp
31 3
fl=./string/../sysdeps/x86_64/multiarch/strcasecmp_l.c
fn=strcasecmp_l
31 3
fl=./string/../sysdeps/x86_64/multiarch/strcat.c
fn=strcat
29 3
fl=./string/../sysdeps/x86_64/multiarch/strchr-avx2.S
fn=__strchr_avx2
53 3
55 3
56 3
57 3
58 3
59 3
62 3
63 3
67 3
68 3
69 3
70 3
71 3
72 3
73 3
74 3
77 3
85 3
93 3
94 6
fl=./string/../sysdeps/x86_64/multiarch/strchr.c
fn=index
42 4
43 2
44 3
47 2
48 2
51 3
54 3
65 3
fl=./string/../sysdeps/x86_64/multiarch/strchrnul.c
fn=strchrnul
31 3
fl=./string/../sysdeps/x86_64/multiarch/strcmp-avx2.S
fn=__strncmp_avx2
206 3
230 3
235 3
249 3
274 3
275 3
276 3
278 3
279 3
283 3
287 3
289 3
291 3
294 3
296 3
297 3
308 3
318 3
319 3
322 3
326 6
331 3
332 3
333 3
fl=./string/../sysdeps/x86_64/multiarch/strcmp.c
fn=strcmp
47 4
48 2
49 3
52 2
53 2
56 3
59 3
79 3
fl=./string/../sysdeps/x86_64/multiarch/strcpy.c
fn=strcpy
29 3
fl=./string/../sysdeps/x86_64/multiarch/strcspn.c
fn=strcspn
29 2
fl=./string/../sysdeps/x86_64/multiarch/strlen-avx2.S
fn=__strlen_avx2
52 270782
65 270782
66 270782
67 270782
70 270782
72 270782
73 270782
76 270782
77 270782
85 270782
86 270782
87 270779
92 541558
118 1
131 1
132 1
133 1
139 2
143 2
156 2
157 2
158 2
164 4
221 3
236 3
242 3
243 3
244 3
246 2
247 2
248 2
249 2
fl=./string/../sysdeps/x86_64/multiarch/strlen.c
fn=strlen
29 9
fl=./string/../sysdeps/x86_64/multiarch/strncase.c
fn=strncasecmp
31 3
fl=./string/../sysdeps/x86_64/multiarch/strncase_l.c
fn=strncasecmp_l
31 3
fl=./string/../sysdeps/x86_64/multiarch/strncmp.c
fn=strncmp
43 4
44 2
45 3
48 2
49 2
52 3
55 5
67 3
fl=./string/../sysdeps/x86_64/multiarch/strncpy.c
fn=strncpy
29 3
fl=./string/../sysdeps/x86_64/multiarch/strnlen.c
fn=strnlen
31 6
fl=./string/../sysdeps/x86_64/multiarch/strpbrk.c
fn=strpbrk
29 2
fl=./string/../sysdeps/x86_64/multiarch/strrchr-avx2.S
fn=__strrchr_avx2
53 1
54 1
55 1
57 1
58 1
62 1
63 1
64 1
67 1
69 1
70 1
71 1
72 1
119 1
120 1
123 1
124 2
127 1
128 1
132 2
137 1
138 1
139 1
143 1
144 1
156 1
159 1
160 1
161 1
162 1
163 1
164 1
166 1
167 1
168 1
169 1
170 1
fl=./string/../sysdeps/x86_64/multiarch/strrchr.c
fn=rindex
28 3
fl=./string/../sysdeps/x86_64/multiarch/strspn.c
fn=strspn
29 2
fl=./string/./string/strdup.c
fn=strdup
40 36
41 12
44 12
47 24
48 18
fl=./wcsmbs/../sysdeps/x86_64/multiarch/ifunc-avx2.h
fn=wcschr
38 8
40 6
41 4
42 6
45 4
46 4
49 6
52 12
fn=wcscmp
38 4
40 3
41 2
42 3
45 2
46 2
49 3
52 6
fl=./wcsmbs/../sysdeps/x86_64/multiarch/ifunc-evex.h
fn=wmemchr
37 8
38 6
39 6
42 4
43 4
45 4
51 6
54 8
fl=./wcsmbs/../sysdeps/x86_64/multiarch/ifunc-memcmp.h
fn=wmemcmp
34 5
35 2
36 2
37 3
40 2
41 2
44 3
47 4
fl=./wcsmbs/../sysdeps/x86_64/multiarch/ifunc-wcs.h
fn=wcpncpy
39 4
40 3
41 3
44 2
45 3
48 4
fn=wcscat
39 4
40 3
41 3
44 2
45 3
48 4
fn=wcsncpy
39 4
40 3
41 3
44 2
45 3
48 4
fl=./wcsmbs/../sysdeps/x86_64/multiarch/ifunc-wcslen.h
fn=wcslen
40 4
41 2
42 3
45 2
46 2
49 3
52 3
fn=wcsnlen
40 4
41 2
42 3
45 2
46 2
49 3
52 3
fl=./wcsmbs/../sysdeps/x86_64/multiarch/ifunc-wmemset.h
fn=wmemset
36 10
37 6
fl=./wcsmbs/../sysdeps/x86_64/multiarch/wcpcpy.c
fn=wcpncpy
31 1
fl=./wcsmbs/../sysdeps/x86_64/multiarch/wcpncpy.c
fn=wcpncpy
31 1
fl=./wcsmbs/../sysdeps/x86_64/multiarch/wcscat.c
fn=wcscat
31 2
fn=wcschr
31 2
fl=./wcsmbs/../sysdeps/x86_64/multiarch/wcschr.c
fn=wcschr
31 4
fl=./wcsmbs/../sysdeps/x86_64/multiarch/wcscmp.c
fn=wcscmp
30 3
fl=./wcsmbs/../sysdeps/x86_64/multiarch/wcscpy.c
fn=wcscpy
42 4
43 2
44 3
46 2
47 3
50 3
60 2
fl=./wcsmbs/../sysdeps/x86_64/multiarch/wcslen.c
fn=wcslen
29 3
fl=./wcsmbs/../sysdeps/x86_64/multiarch/wcsncpy.c
fn=wcsncpy
31 2
fl=./wcsmbs/../sysdeps/x86_64/multiarch/wcsnlen.c
fn=wcsnlen
30 3
fl=./wcsmbs/../sysdeps/x86_64/multiarch/wmemchr.c
fn=wmemchr
31 4
fl=./wcsmbs/../sysdeps/x86_64/multiarch/wmemcmp.c
fn=wmemcmp
29 4
fl=./wcsmbs/../sysdeps/x86_64/multiarch/wmemset.c
fn=wmemset
31 4
fl=./wcsmbs/./wcsmbs/btowc.c
fn=btowc
32 2560
37 1792
42 512
46 384
47 256
48 256
52 512
55 1152
94 1792
fl=./wcsmbs/./wcsmbs/wctob.c
fn=wctob
30 1280
39 384
44 256
45 128
79 1152
fl=./wcsmbs/./wcsmbsload.h
fn=btowc
69 128
70 384
fl=./wctype/./wctype/wctype_l.c
fn=wctype_l
26 110
29 20
32 30
33 68
35 174
37 410
40 48
41 96
45 20
46 10
47 80
fl=/usr/include/c++/14/bit
fn=int std::__bit_width<unsigned int>(unsigned int)
371 15
373 3
374 18
375 6
fn=int std::__countl_zero<unsigned int>(unsigned int)
201 12
204 3
206 6
209 3
210 3
211 3
215 3
216 9
243 6
fl=/usr/include/c++/14/bits/alloc_traits.h
fn=std::_Vector_base<AABB, std::allocator<AABB> >::_M_allocate(unsigned long)
478 4
fn=std::_Vector_base<AABB, std::allocator<AABB> >::_M_deallocate(AABB*, unsigned long)
513 2
fn=std::_Vector_base<MaterialID, std::allocator<MaterialID> >::_M_allocate(unsigned long)
478 6
fn=std::_Vector_base<MaterialID, std::allocator<MaterialID> >::_M_deallocate(MaterialID*, unsigned long)
513 1
fn=std::_Vector_base<double, std::allocator<double> >::_M_allocate(unsigned long)
478 40
fn=std::_Vector_base<double, std::allocator<double> >::_M_deallocate(double*, unsigned long)
513 20
fn=std::_Vector_base<int, std::allocator<int> >::_M_allocate(unsigned long)
478 2
fn=std::_Vector_base<int, std::allocator<int> >::_M_deallocate(int*, unsigned long)
513 1
fn=std::_Vector_base<std::__cxx11::basic_string<char, std::char_traits<char>, std::allocator<char> >, std::allocator<std::__cxx11::basic_string<char, std::char_traits<char>, std::allocator<char> > > >::_M_allocate(unsigned long)
478 8
fn=std::_Vector_base<std::__cxx11::basic_string<char, std::char_traits<char>, std::allocator<char> >, std::allocator<std::__cxx11::basic_string<char, std::char_traits<char>, std::allocator<char> > > >::_M_deallocate(std::__cxx11::basic_string<char, std::char_traits<char>, std::allocator<char> >*, unsigned long)
513 2
fn=std::_Vector_base<std::basic_string_view<char, std::char_traits<char> >, std::allocator<std::basic_string_view<char, std::char_traits<char> > > >::_M_allocate(unsigned long)
478 90
fn=std::_Vector_base<std::basic_string_view<char, std::char_traits<char> >, std::allocator<std::basic_string_view<char, std::char_traits<char> > > >::_M_deallocate(std::basic_string_view<char, std::char_traits<char> >*, unsigned long)
513 15
fn=std::_Vector_base<unsigned char, std::allocator<unsigned char> >::_M_allocate(unsigned long)
478 12
fn=std::_Vector_base<unsigned char, std::allocator<unsigned char> >::_M_deallocate(unsigned char*, unsigned long)
513 6
fn=std::_Vector_base<unsigned int, std::allocator<unsigned int> >::_M_allocate(unsigned long)
478 2
fn=std::_Vector_base<unsigned int, std::allocator<unsigned int> >::_M_deallocate(unsigned int*, unsigned long)
513 1
fn=std::__cxx11::basic_string<char, std::char_traits<char>, std::allocator<char> >::_M_destroy(unsigned long)
513 7
fn=std::__cxx11::basic_string<char, std::char_traits<char>, std::allocator<char> >::_S_allocate(std::allocator<char>&, unsigned long)
478 7
fn=std::__cxx11::basic_string<char, std::char_traits<char>, std::allocator<char> >::max_size() const
572 10
fn=std::__detail::_Hash_node<std::pair<std::basic_string_view<char, std::char_traits<char> > const, std::function<bool (std::vector<std::basic_string_view<char, std::char_traits<char> >, std::allocator<std::basic_string_view<char, std::char_traits<char> > > > const&, ConfigSettings&)> >, true>* std::__detail::_Hashtable_alloc<std::allocator<std::__detail::_Hash_node<std::pair<std::basic_string_view<char, std::char_traits<char> > const, std::function<bool (std::vector<std::basic_string_view<char, std::char_traits<char> >, std::allocator<std::basic_string_view<char, std::char_traits<char> > > > const&, ConfigSettings&)> >, true> > >::_M_allocate_node<std::basic_string_view<char, std::char_traits<char> > const&, std::function<bool (std::vector<std::basic_string_view<char, std::char_traits<char> >, std::allocator<std::basic_string_view<char, std::char_traits<char> > > > const&, ConfigSettings&)> const&>(std::basic_string_view<char, std::char_traits<char> > const&, std::function<bool (std::vector<std::basic_string_view<char, std::char_traits<char> >, std::allocator<std::basic_string_view<char, std::char_traits<char> > > > const&, ConfigSettings&)> const&)
478 13
536 169
538 13
fn=std::__detail::_Hashtable_alloc<std::allocator<std::__detail::_Hash_node<std::pair<std::basic_string_view<char, std::char_traits<char> > const, std::function<bool (std::vector<std::basic_string_view<char, std::char_traits<char> >, std::allocator<std::basic_string_view<char, std::char_traits<char> > > > const&, ConfigSettings&)> >, true> > >::_M_allocate_buckets(unsigned long)
478 1
fn=std::__detail::_Hashtable_alloc<std::allocator<std::__detail::_Hash_node<std::pair<std::basic_string_view<char, std::char_traits<char> > const, std::function<bool (std::vector<std::basic_string_view<char, std::char_traits<char> >, std::allocator<std::basic_string_view<char, std::char_traits<char> > > > const&, ConfigSettings&)> >, true> > >::_M_deallocate_buckets(std::__detail::_Hash_node_base**, unsigned long)
513 1
fn=std::__detail::_Hashtable_alloc<std::allocator<std::__detail::_Hash_node<std::pair<std::basic_string_view<char, std::char_traits<char> > const, std::function<bool (std::vector<std::basic_string_view<char, std::char_traits<char> >, std::allocator<std::basic_string_view<char, std::char_traits<char> > > > const&, ConfigSettings&)> >, true> > >::_M_deallocate_node(std::__detail::_Hash_node<std::pair<std::basic_string_view<char, std::char_traits<char> > const, std::function<bool (std::vector<std::basic_string_view<char, std::char_traits<char> >, std::allocator<std::basic_string_view<char, std::char_traits<char> > > > const&, ConfigSettings&)> >, true>*)
556 39
558 13
fn=std::__detail::_Hashtable_alloc<std::allocator<std::__detail::_Hash_node<std::pair<std::basic_string_view<char, std::char_traits<char> > const, std::function<bool (std::vector<std::basic_string_view<char, std::char_traits<char> >, std::allocator<std::basic_string_view<char, std::char_traits<char> > > > const&, ConfigSettings&)> >, true> > >::_M_deallocate_node_ptr(std::__detail::_Hash_node<std::pair<std::basic_string_view<char, std::char_traits<char> > const, std::function<bool (std::vector<std::basic_string_view<char, std::char_traits<char> >, std::allocator<std::basic_string_view<char, std::char_traits<char> > > > const&, ConfigSettings&)> >, true>*)
513 13
fn=std::basic_string_view<char, std::char_traits<char> >& std::vector<std::basic_string_view<char, std::char_traits<char> >, std::allocator<std::basic_string_view<char, std::char_traits<char> > > >::emplace_back<std::basic_string_view<char, std::char_traits<char> > >(std::basic_string_view<char, std::char_traits<char> >&&)
536 56
538 7
fn=std::vector<AABB, std::allocator<AABB> >::~vector()
944 10
945 2
fn=std::vector<MaterialID, std::allocator<MaterialID> >::_M_realloc_append<MaterialID>(MaterialID&&)::_Guard::~_Guard()
513 2
fn=std::vector<MaterialID, std::allocator<MaterialID> >::~vector()
944 5
945 1
fn=std::vector<double, std::allocator<double> >::~vector()
944 100
945 20
fn=std::vector<int, std::allocator<int> >::~vector()
944 5
945 1
fn=std::vector<std::__cxx11::basic_string<char, std::char_traits<char>, std::allocator<char> >, std::allocator<std::__cxx11::basic_string<char, std::char_traits<char>, std::allocator<char> > > >::_M_realloc_append<std::basic_string_view<char, std::char_traits<char> > const&>(std::basic_string_view<char, std::char_traits<char> > const&)::_Guard::~_Guard()
513 2
fn=std::vector<std::__cxx11::basic_string<char, std::char_traits<char>, std::allocator<char> >, std::allocator<std::__cxx11::basic_string<char, std::char_traits<char>, std::allocator<char> > > >::~vector()
944 10
945 2
fn=std::vector<std::basic_string_view<char, std::char_traits<char> >, std::allocator<std::basic_string_view<char, std::char_traits<char> > > >::_M_realloc_append<std::basic_string_view<char, std::char_traits<char> > >(std::basic_string_view<char, std::char_traits<char> >&&)::_Guard::~_Guard()
513 22
fn=std::vector<std::basic_string_view<char, std::char_traits<char> >, std::allocator<std::basic_string_view<char, std::char_traits<char> > > >::_M_realloc_append<std::basic_string_view<char, std::char_traits<char> > const&>(std::basic_string_view<char, std::char_traits<char> > const&)::_Guard::~_Guard()
513 8
fn=std::vector<std::basic_string_view<char, std::char_traits<char> >, std::allocator<std::basic_string_view<char, std::char_traits<char> > > >::push_back(std::basic_string_view<char, std::char_traits<char> > const&)
536 56
538 7
fn=std::vector<std::basic_string_view<char, std::char_traits<char> >, std::allocator<std::basic_string_view<char, std::char_traits<char> > > >::~vector()
944 75
945 15
fn=std::vector<unsigned char, std::allocator<unsigned char> >::vector(std::vector<unsigned char, std::allocator<unsigned char> > const&)
584 3
fn=std::vector<unsigned char, std::allocator<unsigned char> >::~vector()
944 30
945 6
fn=std::vector<unsigned int, std::allocator<unsigned int> >::~vector()
944 5
945 1
fn=void std::__relocate_object_a<std::__cxx11::basic_string<char, std::char_traits<char>, std::allocator<char> >, std::__cxx11::basic_string<char, std::char_traits<char>, std::allocator<char> >, std::allocator<std::__cxx11::basic_string<char, std::char_traits<char>, std::allocator<char> > > >(std::__cxx11::basic_string<char, std::char_traits<char>, std::allocator<char> >*, std::__cxx11::basic_string<char, std::char_traits<char>, std::allocator<char> >*, std::allocator<std::__cxx11::basic_string<char, std::char_traits<char>, std::allocator<char> > >&)
536 24
538 3
556 9
558 3
fn=void std::__relocate_object_a<std::basic_string_view<char, std::char_traits<char> >, std::basic_string_view<char, std::char_traits<char> >, std::allocator<std::basic_string_view<char, std::char_traits<char> > > >(std::basic_string_view<char, std::char_traits<char> >*, std::basic_string_view<char, std::char_traits<char> >*, std::allocator<std::basic_string_view<char, std::char_traits<char> > >&)
536 472
538 59
556 177
558 59
fn=void std::vector<AABB, std::allocator<AABB> >::_M_realloc_append<AABB const&>(AABB const&)
536 8
538 1
fn=void std::vector<AABB, std::allocator<AABB> >::_M_realloc_append<AABB>(AABB&&)
536 8
538 1
fn=void std::vector<MaterialID, std::allocator<MaterialID> >::_M_realloc_append<MaterialID>(MaterialID&&)
536 24
538 3
fn=void std::vector<double, std::allocator<double> >::_M_realloc_append<double const&>(double const&)
536 152
538 19
fn=void std::vector<double, std::allocator<double> >::_M_realloc_append<double>(double&&)
536 8
538 1
fn=void std::vector<int, std::allocator<int> >::_M_realloc_append<int const&>(int const&)
536 8
538 1
fn=void std::vector<std::__cxx11::basic_string<char, std::char_traits<char>, std::allocator<char> >, std::allocator<std::__cxx11::basic_string<char, std::char_traits<char>, std::allocator<char> > > >::_M_realloc_append<std::basic_string_view<char, std::char_traits<char> > const&>(std::basic_string_view<char, std::char_traits<char> > const&)
536 24
538 3
fn=void std::vector<std::basic_string_view<char, std::char_traits<char> >, std::allocator<std::basic_string_view<char, std::char_traits<char> > > >::_M_realloc_append<std::basic_string_view<char, std::char_traits<char> > >(std::basic_string_view<char, std::char_traits<char> >&&)
536 296
538 37
fn=void std::vector<std::basic_string_view<char, std::char_traits<char> >, std::allocator<std::basic_string_view<char, std::char_traits<char> > > >::_M_realloc_append<std::basic_string_view<char, std::char_traits<char> > const&>(std::basic_string_view<char, std::char_traits<char> > const&)
536 64
538 8
fn=void std::vector<unsigned int, std::allocator<unsigned int> >::_M_realloc_append<unsigned int>(unsigned int&&)
536 8
538 1
fl=/usr/include/c++/14/bits/allocator.h
fn=(anonymous namespace)::processLine(std::basic_string_view<char, std::char_traits<char> >, ConfigSettings&)
161 1
182 1
fn=ImageSOA::ImageSOA(unsigned long, unsigned long)
161 3
182 3
fn=decltype (::new ((void*)(0)) std::__cxx11::basic_string<char, std::char_traits<char>, std::allocator<char> >((declval<std::basic_string_view<char, std::char_traits<char> > const&>)())) std::construct_at<std::__cxx11::basic_string<char, std::char_traits<char>, std::allocator<char> >, std::basic_string_view<char, std::char_traits<char> > const&>(std::__cxx11::basic_string<char, std::char_traits<char>, std::allocator<char> >*, std::basic_string_view<char, std::char_traits<char> > const&)
161 3
182 3
fn=main
161 1
182 1
fn=std::_Hashtable<std::basic_string_view<char, std::char_traits<char> >, std::pair<std::basic_string_view<char, std::char_traits<char> > const, std::function<bool (std::vector<std::basic_string_view<char, std::char_traits<char> >, std::allocator<std::basic_string_view<char, std::char_traits<char> > > > const&, ConfigSettings&)> >, std::allocator<std::pair<std::basic_string_view<char, std::char_traits<char> > const, std::function<bool (std::vector<std::basic_string_view<char, std::char_traits<char> >, std::allocator<std::basic_string_view<char, std::char_traits<char> > > > const&, ConfigSettings&)> > >, std::__detail::_Select1st, std::equal_to<std::basic_string_view<char, std::char_traits<char> > >, std::hash<std::basic_string_view<char, std::char_traits<char> > >, std::__detail::_Mod_range_hashing, std::__detail::_Default_ranged_hash, std::__detail::_Prime_rehash_policy, std::__detail::_Hashtable_traits<true, false, true> >::_Hashtable(std::hash<std::basic_string_view<char, std::char_traits<char> > > const&, std::equal_to<std::basic_string_view<char, std::char_traits<char> > > const&, std::allocator<std::pair<std::basic_string_view<char, std::char_traits<char> > const, std::function<bool (std::vector<std::basic_string_view<char, std::char_traits<char> >, std::allocator<std::basic_string_view<char, std::char_traits<char> > > > const&, ConfigSettings&)> > > const&)
176 1
182 1
fn=std::_Vector_base<AABB, std::allocator<AABB> >::_M_allocate(unsigned long)
189 4
196 14
fn=std::_Vector_base<AABB, std::allocator<AABB> >::_M_deallocate(AABB*, unsigned long)
203 4
208 12
fn=std::_Vector_base<AABB, std::allocator<AABB> >::_Vector_impl::~_Vector_impl()
182 2
fn=std::_Vector_base<MaterialID, std::allocator<MaterialID> >::_M_allocate(unsigned long)
189 6
196 21
fn=std::_Vector_base<MaterialID, std::allocator<MaterialID> >::_M_deallocate(MaterialID*, unsigned long)
203 2
208 6
fn=std::_Vector_base<MaterialID, std::allocator<MaterialID> >::_Vector_impl::~_Vector_impl()
182 1
fn=std::_Vector_base<double, std::allocator<double> >::_M_allocate(unsigned long)
189 40
196 140
fn=std::_Vector_base<double, std::allocator<double> >::_M_deallocate(double*, unsigned long)
203 40
208 120
fn=std::_Vector_base<double, std::allocator<double> >::_Vector_impl::~_Vector_impl()
182 20
fn=std::_Vector_base<int, std::allocator<int> >::_M_allocate(unsigned long)
189 2
196 7
fn=std::_Vector_base<int, std::allocator<int> >::_M_deallocate(int*, unsigned long)
203 2
208 6
fn=std::_Vector_base<int, std::allocator<int> >::_Vector_impl::~_Vector_impl()
182 1
fn=std::_Vector_base<std::__cxx11::basic_string<char, std::char_traits<char>, std::allocator<char> >, std::allocator<std::__cxx11::basic_string<char, std::char_traits<char>, std::allocator<char> > > >::_M_allocate(unsigned long)
189 8
196 28
fn=std::_Vector_base<std::__cxx11::basic_string<char, std::char_traits<char>, std::allocator<char> >, std::allocator<std::__cxx11::basic_string<char, std::char_traits<char>, std::allocator<char> > > >::_M_deallocate(std::__cxx11::basic_string<char, std::char_traits<char>, std::allocator<char> >*, unsigned long)
203 4
208 12
fn=std::_Vector_base<std::__cxx11::basic_string<char, std::char_traits<char>, std::allocator<char> >, std::allocator<std::__cxx11::basic_string<char, std::char_traits<char>, std::allocator<char> > > >::_Vector_impl::_Vector_impl(std::allocator<std::__cxx11::basic_string<char, std::char_traits<char>, std::allocator<char> > > const&)
166 1
fn=std::_Vector_base<std::__cxx11::basic_string<char, std::char_traits<char>, std::allocator<char> >, std::allocator<std::__cxx11::basic_string<char, std::char_traits<char>, std::allocator<char> > > >::_Vector_impl::~_Vector_impl()
182 2
fn=std::_Vector_base<std::basic_string_view<char, std::char_traits<char> >, std::allocator<std::basic_string_view<char, std::char_traits<char> > > >::_M_allocate(unsigned long)
189 90
196 315
fn=std::_Vector_base<std::basic_string_view<char, std::char_traits<char> >, std::allocator<std::basic_string_view<char, std::char_traits<char> > > >::_M_deallocate(std::basic_string_view<char, std::char_traits<char> >*, unsigned long)
203 30
208 90
fn=std::_Vector_base<std::basic_string_view<char, std::char_traits<char> >, std::allocator<std::basic_string_view<char, std::char_traits<char> > > >::_Vector_impl::~_Vector_impl()
182 15
fn=std::_Vector_base<unsigned char, std::allocator<unsigned char> >::_M_allocate(unsigned long)
189 12
196 42
fn=std::_Vector_base<unsigned char, std::allocator<unsigned char> >::_M_deallocate(unsigned char*, unsigned long)
203 12
208 36
fn=std::_Vector_base<unsigned char, std::allocator<unsigned char> >::_Vector_impl::_Vector_impl(std::allocator<unsigned char> const&)
166 6
fn=std::_Vector_base<unsigned char, std::allocator<unsigned char> >::_Vector_impl::~_Vector_impl()
182 6
fn=std::_Vector_base<unsigned int, std::allocator<unsigned int> >::_M_allocate(unsigned long)
189 2
196 7
fn=std::_Vector_base<unsigned int, std::allocator<unsigned int> >::_M_deallocate(unsigned int*, unsigned long)
203 2
208 6
fn=std::_Vector_base<unsigned int, std::allocator<unsigned int> >::_Vector_impl::~_Vector_impl()
182 1
fn=std::__cxx11::basic_string<char, std::char_traits<char>, std::allocator<char> >::_Alloc_hider::_Alloc_hider(char*, std::allocator<char> const&)
166 7
fn=std::__cxx11::basic_string<char, std::char_traits<char>, std::allocator<char> >::_Alloc_hider::_Alloc_hider(char*, std::allocator<char>&&)
166 5
fn=std::__cxx11::basic_string<char, std::char_traits<char>, std::allocator<char> >::_Alloc_hider::~_Alloc_hider()
182 12
fn=std::__cxx11::basic_string<char, std::char_traits<char>, std::allocator<char> >::_M_destroy(unsigned long)
203 14
208 42
fn=std::__cxx11::basic_string<char, std::char_traits<char>, std::allocator<char> >::_S_allocate(std::allocator<char>&, unsigned long)
189 14
196 49
fn=std::__cxx11::basic_string<char, std::char_traits<char>, std::allocator<char> >::basic_string()
161 2
182 6
fn=std::__detail::_Hash_node<std::pair<std::basic_string_view<char, std::char_traits<char> > const, std::function<bool (std::vector<std::basic_string_view<char, std::char_traits<char> >, std::allocator<std::basic_string_view<char, std::char_traits<char> > > > const&, ConfigSettings&)> >, true>* std::__detail::_Hashtable_alloc<std::allocator<std::__detail::_Hash_node<std::pair<std::basic_string_view<char, std::char_traits<char> > const, std::function<bool (std::vector<std::basic_string_view<char, std::char_traits<char> >, std::allocator<std::basic_string_view<char, std::char_traits<char> > > > const&, ConfigSettings&)> >, true> > >::_M_allocate_node<std::basic_string_view<char, std::char_traits<char> > const&, std::function<bool (std::vector<std::basic_string_view<char, std::char_traits<char> >, std::allocator<std::basic_string_view<char, std::char_traits<char> > > > const&, ConfigSettings&)> const&>(std::basic_string_view<char, std::char_traits<char> > const&, std::function<bool (std::vector<std::basic_string_view<char, std::char_traits<char> >, std::allocator<std::basic_string_view<char, std::char_traits<char> > > > const&, ConfigSettings&)> const&)
189 26
196 91
fn=std::__detail::_Hashtable_alloc<std::allocator<std::__detail::_Hash_node<std::pair<std::basic_string_view<char, std::char_traits<char> > const, std::function<bool (std::vector<std::basic_string_view<char, std::char_traits<char> >, std::allocator<std::basic_string_view<char, std::char_traits<char> > > > const&, ConfigSettings&)> >, true> > >::_M_allocate_buckets(unsigned long)
176 7
182 1
189 2
196 7
fn=std::__detail::_Hashtable_alloc<std::allocator<std::__detail::_Hash_node<std::pair<std::basic_string_view<char, std::char_traits<char> > const, std::function<bool (std::vector<std::basic_string_view<char, std::char_traits<char> >, std::allocator<std::basic_string_view<char, std::char_traits<char> > > > const&, ConfigSettings&)> >, true> > >::_M_deallocate_buckets(std::__detail::_Hash_node_base**, unsigned long)
176 11
182 1
203 2
208 6
fn=std::__detail::_Hashtable_alloc<std::allocator<std::__detail::_Hash_node<std::pair<std::basic_string_view<char, std::char_traits<char> > const, std::function<bool (std::vector<std::basic_string_view<char, std::char_traits<char> >, std::allocator<std::basic_string_view<char, std::char_traits<char> > > > const&, ConfigSettings&)> >, true> > >::_M_deallocate_node_ptr(std::__detail::_Hash_node<std::pair<std::basic_string_view<char, std::char_traits<char> > const, std::function<bool (std::vector<std::basic_string_view<char, std::char_traits<char> >, std::allocator<std::basic_string_view<char, std::char_traits<char> > > > const&, ConfigSettings&)> >, true>*)
203 26
208 78
fn=std::__detail::_Hashtable_ebo_helper<0, std::allocator<std::__detail::_Hash_node<std::pair<std::basic_string_view<char, std::char_traits<char> > const, std::function<bool (std::vector<std::basic_string_view<char, std::char_traits<char> >, std::allocator<std::basic_string_view<char, std::char_traits<char> > > > const&, ConfigSettings&)> >, true> >, true>::_Hashtable_ebo_helper<std::allocator<std::__detail::_Hash_node<std::pair<std::basic_string_view<char, std::char_traits<char> > const, std::function<bool (std::vector<std::basic_string_view<char, std::char_traits<char> >, std::allocator<std::basic_string_view<char, std::char_traits<char> > > > const&, ConfigSettings&)> >, true> > >(std::allocator<std::__detail::_Hash_node<std::pair<std::basic_string_view<char, std::char_traits<char> > const, std::function<bool (std::vector<std::basic_string_view<char, std::char_traits<char> >, std::allocator<std::basic_string_view<char, std::char_traits<char> > > > const&, ConfigSettings&)> >, true> >&&)
166 1
fn=std::__detail::_Hashtable_ebo_helper<0, std::allocator<std::__detail::_Hash_node<std::pair<std::basic_string_view<char, std::char_traits<char> > const, std::function<bool (std::vector<std::basic_string_view<char, std::char_traits<char> >, std::allocator<std::basic_string_view<char, std::char_traits<char> > > > const&, ConfigSettings&)> >, true> >, true>::~_Hashtable_ebo_helper()
182 1
fn=std::vector<MaterialID, std::allocator<MaterialID> >::_M_realloc_append<MaterialID>(MaterialID&&)::_Guard::~_Guard()
203 4
208 12
fn=std::vector<std::__cxx11::basic_string<char, std::char_traits<char>, std::allocator<char> >, std::allocator<std::__cxx11::basic_string<char, std::char_traits<char>, std::allocator<char> > > >::_M_realloc_append<std::basic_string_view<char, std::char_traits<char> > const&>(std::basic_string_view<char, std::char_traits<char> > const&)::_Guard::~_Guard()
203 4
208 12
fn=std::vector<std::__cxx11::basic_string<char, std::char_traits<char>, std::allocator<char> >, std::allocator<std::__cxx11::basic_string<char, std::char_traits<char>, std::allocator<char> > > >::_S_check_init_len(unsigned long, std::allocator<std::__cxx11::basic_string<char, std::char_traits<char>, std::allocator<char> > > const&)
166 1
182 1
fn=std::vector<std::basic_string_view<char, std::char_traits<char> >, std::allocator<std::basic_string_view<char, std::char_traits<char> > > >::_M_realloc_append<std::basic_string_view<char, std::char_traits<char> > >(std::basic_string_view<char, std::char_traits<char> >&&)::_Guard::~_Guard()
203 44
208 132
fn=std::vector<std::basic_string_view<char, std::char_traits<char> >, std::allocator<std::basic_string_view<char, std::char_traits<char> > > >::_M_realloc_append<std::basic_string_view<char, std::char_traits<char> > const&>(std::basic_string_view<char, std::char_traits<char> > const&)::_Guard::~_Guard()
203 16
208 48
fn=std::vector<unsigned char, std::allocator<unsigned char> >::_S_check_init_len(unsigned long, std::allocator<unsigned char> const&)
166 3
182 3
fn=std::vector<unsigned char, std::allocator<unsigned char> >::vector(std::vector<unsigned char, std::allocator<unsigned char> > const&)
166 3
182 3
fn=void std::_Construct<std::__cxx11::basic_string<char, std::char_traits<char>, std::allocator<char> >, char*&>(std::__cxx11::basic_string<char, std::char_traits<char>, std::allocator<char> >*, char*&)
161 4
182 4
fl=/usr/include/c++/14/bits/basic_string.h
fn=std::__cxx11::basic_string<char, std::char_traits<char>, std::allocator<char> >::_Alloc_hider::_Alloc_hider(char*, std::allocator<char> const&)
193 98
194 42
fn=std::__cxx11::basic_string<char, std::char_traits<char>, std::allocator<char> >::_Alloc_hider::_Alloc_hider(char*, std::allocator<char>&&)
197 35
198 80
fn=std::__cxx11::basic_string<char, std::char_traits<char>, std::allocator<char> >::_Alloc_hider::~_Alloc_hider()
186 108
fn=std::__cxx11::basic_string<char, std::char_traits<char>, std::allocator<char> >::_M_capacity(unsigned long)
254 35
255 42
fn=std::__cxx11::basic_string<char, std::char_traits<char>, std::allocator<char> >::_M_data() const
227 440
228 440
fn=std::__cxx11::basic_string<char, std::char_traits<char>, std::allocator<char> >::_M_data(char*)
217 50
218 60
fn=std::__cxx11::basic_string<char, std::char_traits<char>, std::allocator<char> >::_M_destroy(unsigned long)
293 56
294 168
fn=std::__cxx11::basic_string<char, std::char_traits<char>, std::allocator<char> >::_M_dispose()
285 75
287 90
288 42
289 45
fn=std::__cxx11::basic_string<char, std::char_traits<char>, std::allocator<char> >::_M_get_allocator()
341 68
342 51
fn=std::__cxx11::basic_string<char, std::char_traits<char>, std::allocator<char> >::_M_get_allocator() const
346 40
347 30
fn=std::__cxx11::basic_string<char, std::char_traits<char>, std::allocator<char> >::_M_is_local() const
267 216
269 396
271 45
273 30
275 21
276 108
fn=std::__cxx11::basic_string<char, std::char_traits<char>, std::allocator<char> >::_M_length(unsigned long)
222 150
223 180
fn=std::__cxx11::basic_string<char, std::char_traits<char>, std::allocator<char> >::_M_local_data()
232 75
235 60
239 30
fn=std::__cxx11::basic_string<char, std::char_traits<char>, std::allocator<char> >::_M_local_data() const
243 180
246 144
250 72
fn=std::__cxx11::basic_string<char, std::char_traits<char>, std::allocator<char> >::_M_set_length(unsigned long)
259 243
261 135
262 270
263 162
fn=std::__cxx11::basic_string<char, std::char_traits<char>, std::allocator<char> >::_S_allocate(std::allocator<char>&, unsigned long)
129 119
131 7
141 7
142 35
fn=std::__cxx11::basic_string<char, std::char_traits<char>, std::allocator<char> >::_S_copy(char*, char const*, unsigned long)
430 154
432 44
435 132
436 66
fn=std::__cxx11::basic_string<char, std::char_traits<char>, std::allocator<char> >::_S_copy_chars(char*, char const*, char const*)
487 49
489 77
fn=std::__cxx11::basic_string<char, std::char_traits<char>, std::allocator<char> >::_S_to_string_view(std::basic_string_view<char, std::char_traits<char> >)
158 30
159 12
fn=std::__cxx11::basic_string<char, std::char_traits<char>, std::allocator<char> >::__sv_wrapper::__sv_wrapper(std::basic_string_view<char, std::char_traits<char> >)
168 57
fn=std::__cxx11::basic_string<char, std::char_traits<char>, std::allocator<char> >::basic_string()
356 6
360 2
527 18
529 24
532 8
533 14
fn=std::__cxx11::basic_string<char, std::char_traits<char>, std::allocator<char> >::basic_string(char const*, unsigned long, std::allocator<char> const&)
624 27
626 30
629 6
632 24
633 12
fn=std::__cxx11::basic_string<char, std::char_traits<char>, std::allocator<char> >::basic_string(std::__cxx11::basic_string<char, std::char_traits<char>, std::allocator<char> >&&)
356 18
360 6
370 15
682 24
683 42
685 21
688 27
689 9
700 36
701 12
702 12
703 18
fn=std::__cxx11::basic_string<char, std::char_traits<char>, std::allocator<char> >::basic_string(std::__cxx11::basic_string<char, std::char_traits<char>, std::allocator<char> >::__sv_wrapper, std::allocator<char> const&)
181 42
182 54
fn=std::__cxx11::basic_string<char, std::char_traits<char>, std::allocator<char> >::basic_string<std::allocator<char> >(char const*, std::allocator<char> const&)
646 32
647 40
650 8
653 24
654 24
655 16
fn=std::__cxx11::basic_string<char, std::char_traits<char>, std::allocator<char> >::basic_string<std::basic_string_view<char, std::char_traits<char> >, void>(std::basic_string_view<char, std::char_traits<char> > const&, std::allocator<char> const&)
800 30
801 69
fn=std::__cxx11::basic_string<char, std::char_traits<char>, std::allocator<char> >::capacity() const
1180 90
1182 122
1183 4
1184 36
fn=std::__cxx11::basic_string<char, std::char_traits<char>, std::allocator<char> >::data() const
2653 105
2654 105
fn=std::__cxx11::basic_string<char, std::char_traits<char>, std::allocator<char> >::length() const
1083 48
1084 48
fn=std::__cxx11::basic_string<char, std::char_traits<char>, std::allocator<char> >::max_size() const
1089 50
1090 80
fn=std::__cxx11::basic_string<char, std::char_traits<char>, std::allocator<char> >::operator std::basic_string_view<char, std::char_traits<char> >() const
949 189
950 441
fn=std::__cxx11::basic_string<char, std::char_traits<char>, std::allocator<char> >::size() const
1076 204
1077 204
fn=std::__cxx11::basic_string<char, std::char_traits<char>, std::allocator<char> >::~basic_string()
808 60
809 108
fn=void std::__cxx11::basic_string<char, std::char_traits<char>, std::allocator<char> >::_M_construct<char const*>(char const*, char const*, std::forward_iterator_tag)
356 9
360 3
fl=/usr/include/c++/14/bits/basic_string.tcc
fn=std::__cxx11::basic_string<char, std::char_traits<char>, std::allocator<char> >::_M_append(char const*, unsigned long)
413 120
416 90
418 105
420 24
421 168
424 36
426 75
427 15
428 45
fn=std::__cxx11::basic_string<char, std::char_traits<char>, std::allocator<char> >::_M_construct<char const*>(char const*, char const*, std::forward_iterator_tag)::_Guard::_Guard(std::__cxx11::basic_string<char, std::char_traits<char>, std::allocator<char> >*)
239 77
fn=std::__cxx11::basic_string<char, std::char_traits<char>, std::allocator<char> >::_M_construct<char const*>(char const*, char const*, std::forward_iterator_tag)::_Guard::~_Guard()
242 84
fn=std::__cxx11::basic_string<char, std::char_traits<char>, std::allocator<char> >::_M_create(unsigned long&, unsigned long)
138 56
143 63
149 70
151 12
153 27
159 63
160 21
fn=std::__cxx11::basic_string<char, std::char_traits<char>, std::allocator<char> >::_M_mutate(unsigned long, unsigned long, char const*, unsigned long)
325 36
329 18
331 21
332 30
334 6
336 12
337 24
338 6
342 9
343 15
344 15
345 18
fn=void std::__cxx11::basic_string<char, std::char_traits<char>, std::allocator<char> >::_M_construct<char const*>(char const*, char const*, std::forward_iterator_tag)
221 98
225 7
227 21
229 44
230 30
245 35
247 63
249 7
251 35
252 56
fl=/usr/include/c++/14/bits/char_traits.h
fn=std::char_traits<char>::assign(char&, char const&)
343 162
346 54
350 108
351 81
fn=std::char_traits<char>::compare(char const*, char const*, unsigned long)
366 182
368 52
371 52
381 182
382 52
fn=std::char_traits<char>::copy(char*, char const*, unsigned long)
419 175
421 50
424 50
427 225
428 50
fn=std::char_traits<char>::find(char const*, unsigned long, char const&)
395 413
397 118
400 118
403 531
404 118
fn=std::char_traits<char>::length(char const*)
385 160
388 64
391 128
392 64
fl=/usr/include/c++/14/bits/cpp_type_traits.h
fn=__gnu_cxx::__normal_iterator<unsigned char const*, std::vector<unsigned char, std::allocator<unsigned char> > > std::__miter_base<__gnu_cxx::__normal_iterator<unsigned char const*, std::vector<unsigned char, std::allocator<unsigned char> > > >(__gnu_cxx::__normal_iterator<unsigned char const*, std::vector<unsigned char, std::allocator<unsigned char> > >)
607 24
608 18
fl=/usr/include/c++/14/bits/enable_special_members.h
fn=std::_Enable_default_constructor<true, std::__detail::_Hash_node_base>::_Enable_default_constructor(std::_Enable_default_constructor_tag)
67 7
fl=/usr/include/c++/14/bits/functional_hash.h
fn=std::_Hash_impl::hash(void const*, unsigned long, unsigned long)
204 91
206 104
fl=/usr/include/c++/14/bits/hashtable.h
fn=std::_Hashtable<std::basic_string_view<char, std::char_traits<char> >, std::pair<std::basic_string_view<char, std::char_traits<char> > const, std::function<bool (std::vector<std::basic_string_view<char, std::char_traits<char> >, std::allocator<std::basic_string_view<char, std::char_traits<char> > > > const&, ConfigSettings&)> >, std::allocator<std::pair<std::basic_string_view<char, std::char_traits<char> > const, std::function<bool (std::vector<std::basic_string_view<char, std::char_traits<char> >, std::allocator<std::basic_string_view<char, std::char_traits<char> > > > const&, ConfigSettings&)> > >, std::__detail::_Select1st, std::equal_to<std::basic_string_view<char, std::char_traits<char> > >, std::hash<std::basic_string_view<char, std::char_traits<char> > >, std::__detail::_Mod_range_hashing, std::__detail::_Default_ranged_hash, std::__detail::_Prime_rehash_policy, std::__detail::_Hashtable_traits<true, false, true> >::_Hashtable(std::hash<std::basic_string_view<char, std::char_traits<char> > > const&, std::equal_to<std::basic_string_view<char, std::char_traits<char> > > const&, std::allocator<std::pair<std::basic_string_view<char, std::char_traits<char> > const, std::function<bool (std::vector<std::basic_string_view<char, std::char_traits<char> >, std::allocator<std::basic_string_view<char, std::char_traits<char> > > > const&, ConfigSettings&)> > > const&)
495 11
499 38
500 6
fn=std::_Hashtable<std::basic_string_view<char, std::char_traits<char> >, std::pair<std::basic_string_view<char, std::char_traits<char> > const, std::function<bool (std::vector<std::basic_string_view<char, std::char_traits<char> >, std::allocator<std::basic_string_view<char, std::char_traits<char> > > > const&, ConfigSettings&)> >, std::allocator<std::pair<std::basic_string_view<char, std::char_traits<char> > const, std::function<bool (std::vector<std::basic_string_view<char, std::char_traits<char> >, std::allocator<std::basic_string_view<char, std::char_traits<char> > > > const&, ConfigSettings&)> > >, std::__detail::_Select1st, std::equal_to<std::basic_string_view<char, std::char_traits<char> > >, std::hash<std::basic_string_view<char, std::char_traits<char> > >, std::__detail::_Mod_range_hashing, std::__detail::_Default_ranged_hash, std::__detail::_Prime_rehash_policy, std::__detail::_Hashtable_traits<true, false, true> >::_Hashtable(std::initializer_list<std::pair<std::basic_string_view<char, std::char_traits<char> > const, std::function<bool (std::vector<std::basic_string_view<char, std::char_traits<char> >, std::allocator<std::basic_string_view<char, std::char_traits<char> > > > const&, ConfigSettings&)> > >, unsigned long, std::hash<std::basic_string_view<char, std::char_traits<char> > > const&, std::equal_to<std::basic_string_view<char, std::char_traits<char> > > const&, std::allocator<std::pair<std::basic_string_view<char, std::char_traits<char> > const, std::function<bool (std::vector<std::basic_string_view<char, std::char_traits<char> >, std::allocator<std::basic_string_view<char, std::char_traits<char> > > > const&, ConfigSettings&)> > > const&)
580 16
586 21
587 4
fn=std::_Hashtable<std::basic_string_view<char, std::char_traits<char> >, std::pair<std::basic_string_view<char, std::char_traits<char> > const, std::function<bool (std::vector<std::basic_string_view<char, std::char_traits<char> >, std::allocator<std::basic_string_view<char, std::char_traits<char> > > > const&, ConfigSettings&)> >, std::allocator<std::pair<std::basic_string_view<char, std::char_traits<char> > const, std::function<bool (std::vector<std::basic_string_view<char, std::char_traits<char> >, std::allocator<std::basic_string_view<char, std::char_traits<char> > > > const&, ConfigSettings&)> > >, std::__detail::_Select1st, std::equal_to<std::basic_string_view<char, std::char_traits<char> > >, std::hash<std::basic_string_view<char, std::char_traits<char> > >, std::__detail::_Mod_range_hashing, std::__detail::_Default_ranged_hash, std::__detail::_Prime_rehash_policy, std::__detail::_Hashtable_traits<true, false, true> >::_Hashtable(unsigned long, std::hash<std::basic_string_view<char, std::char_traits<char> > > const&, std::equal_to<std::basic_string_view<char, std::char_traits<char> > > const&, std::allocator<std::pair<std::basic_string_view<char, std::char_traits<char> > const, std::function<bool (std::vector<std::basic_string_view<char, std::char_traits<char> >, std::allocator<std::basic_string_view<char, std::char_traits<char> > > > const&, ConfigSettings&)> > > const&)
1248 10
1252 6
1254 7
1255 4
1260 4
fn=std::_Hashtable<std::basic_string_view<char, std::char_traits<char> >, std::pair<std::basic_string_view<char, std::char_traits<char> > const, std::function<bool (std::vector<std::basic_string_view<char, std::char_traits<char> >, std::allocator<std::basic_string_view<char, std::char_traits<char> > > > const&, ConfigSettings&)> >, std::allocator<std::pair<std::basic_string_view<char, std::char_traits<char> > const, std::function<bool (std::vector<std::basic_string_view<char, std::char_traits<char> >, std::allocator<std::basic_string_view<char, std::char_traits<char> > > > const&, ConfigSettings&)> > >, std::__detail::_Select1st, std::equal_to<std::basic_string_view<char, std::char_traits<char> > >, std::hash<std::basic_string_view<char, std::char_traits<char> > >, std::__detail::_Mod_range_hashing, std::__detail::_Default_ranged_hash, std::__detail::_Prime_rehash_policy, std::__detail::_Hashtable_traits<true, false, true> >::_Hashtable<std::pair<std::basic_string_view<char, std::char_traits<char> > const, std::function<bool (std::vector<std::basic_string_view<char, std::char_traits<char> >, std::allocator<std::basic_string_view<char, std::char_traits<char> > > > const&, ConfigSettings&)> > const*>(std::pair<std::basic_string_view<char, std::char_traits<char> > const, std::function<bool (std::vector<std::basic_string_view<char, std::char_traits<char> >, std::allocator<std::basic_string_view<char, std::char_traits<char> > > > const&, ConfigSettings&)> > const*, std::pair<std::basic_string_view<char, std::char_traits<char> > const, std::function<bool (std::vector<std::basic_string_view<char, std::char_traits<char> >, std::allocator<std::basic_string_view<char, std::char_traits<char> > > > const&, ConfigSettings&)> > const*, unsigned long, std::hash<std::basic_string_view<char, std::char_traits<char> > > const&, std::equal_to<std::basic_string_view<char, std::char_traits<char> > > const&, std::allocator<std::pair<std::basic_string_view<char, std::char_traits<char> > const, std::function<bool (std::vector<std::basic_string_view<char, std::char_traits<char> >, std::allocator<std::basic_string_view<char, std::char_traits<char> > > > const&, ConfigSettings&)> > > const&, std::integral_constant<bool, true>)
1267 11
1273 8
1274 10
fn=std::_Hashtable<std::basic_string_view<char, std::char_traits<char> >, std::pair<std::basic_string_view<char, std::char_traits<char> > const, std::function<bool (std::vector<std::basic_string_view<char, std::char_traits<char> >, std::allocator<std::basic_string_view<char, std::char_traits<char> > > > const&, ConfigSettings&)> >, std::allocator<std::pair<std::basic_string_view<char, std::char_traits<char> > const, std::function<bool (std::vector<std::basic_string_view<char, std::char_traits<char> >, std::allocator<std::basic_string_view<char, std::char_traits<char> > > > const&, ConfigSettings&)> > >, std::__detail::_Select1st, std::equal_to<std::basic_string_view<char, std::char_traits<char> > >, std::hash<std::basic_string_view<char, std::char_traits<char> > >, std::__detail::_Mod_range_hashing, std::__detail::_Default_ranged_hash, std::__detail::_Prime_rehash_policy, std::__detail::_Hashtable_traits<true, false, true> >::_M_allocate_buckets(unsigned long)
439 6
441 5
447 6
448 2
fn=std::_Hashtable<std::basic_string_view<char, std::char_traits<char> >, std::pair<std::basic_string_view<char, std::char_traits<char> > const, std::function<bool (std::vector<std::basic_string_view<char, std::char_traits<char> >, std::allocator<std::basic_string_view<char, std::char_traits<char> > > > const&, ConfigSettings&)> >, std::allocator<std::pair<std::basic_string_view<char, std::char_traits<char> > const, std::function<bool (std::vector<std::basic_string_view<char, std::char_traits<char> >, std::allocator<std::basic_string_view<char, std::char_traits<char> > > > const&, ConfigSettings&)> > >, std::__detail::_Select1st, std::equal_to<std::basic_string_view<char, std::char_traits<char> > >, std::hash<std::basic_string_view<char, std::char_traits<char> > >, std::__detail::_Mod_range_hashing, std::__detail::_Default_ranged_hash, std::__detail::_Prime_rehash_policy, std::__detail::_Hashtable_traits<true, false, true> >::_M_begin() const
473 100
474 100
fn=std::_Hashtable<std::basic_string_view<char, std::char_traits<char> >, std::pair<std::basic_string_view<char, std::char_traits<char> > const, std::function<bool (std::vector<std::basic_string_view<char, std::char_traits<char> >, std::allocator<std::basic_string_view<char, std::char_traits<char> > > > const&, ConfigSettings&)> >, std::allocator<std::pair<std::basic_string_view<char, std::char_traits<char> > const, std::function<bool (std::vector<std::basic_string_view<char, std::char_traits<char> >, std::allocator<std::basic_string_view<char, std::char_traits<char> > > > const&, ConfigSettings&)> > >, std::__detail::_Select1st, std::equal_to<std::basic_string_view<char, std::char_traits<char> > >, std::hash<std::basic_string_view<char, std::char_traits<char> > >, std::__detail::_Mod_range_hashing, std::__detail::_Default_ranged_hash, std::__detail::_Prime_rehash_policy, std::__detail::_Hashtable_traits<true, false, true> >::_M_bucket_index(std::__detail::_Hash_node_value<std::pair<std::basic_string_view<char, std::char_traits<char> > const, std::function<bool (std::vector<std::basic_string_view<char, std::char_traits<char> >, std::allocator<std::basic_string_view<char, std::char_traits<char> > > > const&, ConfigSettings&)> >, true> const&) const
799 42
800 63
fn=std::_Hashtable<std::basic_string_view<char, std::char_traits<char> >, std::pair<std::basic_string_view<char, std::char_traits<char> > const, std::function<bool (std::vector<std::basic_string_view<char, std::char_traits<char> >, std::allocator<std::basic_string_view<char, std::char_traits<char> > > > const&, ConfigSettings&)> >, std::allocator<std::pair<std::basic_string_view<char, std::char_traits<char> > const, std::function<bool (std::vector<std::basic_string_view<char, std::char_traits<char> >, std::allocator<std::basic_string_view<char, std::char_traits<char> > > > const&, ConfigSettings&)> > >, std::__detail::_Select1st, std::equal_to<std::basic_string_view<char, std::char_traits<char> > >, std::hash<std::basic_string_view<char, std::char_traits<char> > >, std::__detail::_Mod_range_hashing, std::__detail::_Default_ranged_hash, std::__detail::_Prime_rehash_policy, std::__detail::_Hashtable_traits<true, false, true> >::_M_bucket_index(unsigned long) const
803 84
804 126
fn=std::_Hashtable<std::basic_string_view<char, std::char_traits<char> >, std::pair<std::basic_string_view<char, std::char_traits<char> > const, std::function<bool (std::vector<std::basic_string_view<char, std::char_traits<char> >, std::allocator<std::basic_string_view<char, std::char_traits<char> > > > const&, ConfigSettings&)> >, std::allocator<std::pair<std::basic_string_view<char, std::char_traits<char> > const, std::function<bool (std::vector<std::basic_string_view<char, std::char_traits<char> >, std::allocator<std::basic_string_view<char, std::char_traits<char> > > > const&, ConfigSettings&)> > >, std::__detail::_Select1st, std::equal_to<std::basic_string_view<char, std::char_traits<char> > >, std::hash<std::basic_string_view<char, std::char_traits<char> > >, std::__detail::_Mod_range_hashing, std::__detail::_Default_ranged_hash, std::__detail::_Prime_rehash_policy, std::__detail::_Hashtable_traits<true, false, true> >::_M_deallocate_buckets()
460 10
461 22
fn=std::_Hashtable<std::basic_string_view<char, std::char_traits<char> >, std::pair<std::basic_string_view<char, std::char_traits<char> > const, std::function<bool (std::vector<std::basic_string_view<char, std::char_traits<char> >, std::allocator<std::basic_string_view<char, std::char_traits<char> > > > const&, ConfigSettings&)> >, std::allocator<std::pair<std::basic_string_view<char, std::char_traits<char> > const, std::function<bool (std::vector<std::basic_string_view<char, std::char_traits<char> >, std::allocator<std::basic_string_view<char, std::char_traits<char> > > > const&, ConfigSettings&)> > >, std::__detail::_Select1st, std::equal_to<std::basic_string_view<char, std::char_traits<char> > >, std::hash<std::basic_string_view<char, std::char_traits<char> > >, std::__detail::_Mod_range_hashing, std::__detail::_Default_ranged_hash, std::__detail::_Prime_rehash_policy, std::__detail::_Hashtable_traits<true, false, true> >::_M_deallocate_buckets(std::__detail::_Hash_node_base**, unsigned long)
451 14
453 14
454 1
456 7
457 4
fn=std::_Hashtable<std::basic_string_view<char, std::char_traits<char> >, std::pair<std::basic_string_view<char, std::char_traits<char> > const, std::function<bool (std::vector<std::basic_string_view<char, std::char_traits<char> >, std::allocator<std::basic_string_view<char, std::char_traits<char> > > > const&, ConfigSettings&)> >, std::allocator<std::pair<std::basic_string_view<char, std::char_traits<char> > const, std::function<bool (std::vector<std::basic_string_view<char, std::char_traits<char> >, std::allocator<std::basic_string_view<char, std::char_traits<char> > > > const&, ConfigSettings&)> > >, std::__detail::_Select1st, std::equal_to<std::basic_string_view<char, std::char_traits<char> > >, std::hash<std::basic_string_view<char, std::char_traits<char> > >, std::__detail::_Mod_range_hashing, std::__detail::_Default_ranged_hash, std::__detail::_Prime_rehash_policy, std::__detail::_Hashtable_traits<true, false, true> >::_M_insert_bucket_begin(unsigned long, std::__detail::_Hash_node<std::pair<std::basic_string_view<char, std::char_traits<char> > const, std::function<bool (std::vector<std::basic_string_view<char, std::char_traits<char> >, std::allocator<std::basic_string_view<char, std::char_traits<char> > > > const&, ConfigSettings&)> >, true>*)
841 117
843 104
847 45
848 40
855 32
856 24
858 32
861 98
863 64
865 83
fn=std::_Hashtable<std::basic_string_view<char, std::char_traits<char> >, std::pair<std::basic_string_view<char, std::char_traits<char> > const, std::function<bool (std::vector<std::basic_string_view<char, std::char_traits<char> >, std::allocator<std::basic_string_view<char, std::char_traits<char> > > > const&, ConfigSettings&)> >, std::allocator<std::pair<std::basic_string_view<char, std::char_traits<char> > const, std::function<bool (std::vector<std::basic_string_view<char, std::char_traits<char> >, std::allocator<std::basic_string_view<char, std::char_traits<char> > > > const&, ConfigSettings&)> > >, std::__detail::_Select1st, std::equal_to<std::basic_string_view<char, std::char_traits<char> > >, std::hash<std::basic_string_view<char, std::char_traits<char> > >, std::__detail::_Mod_range_hashing, std::__detail::_Default_ranged_hash, std::__detail::_Prime_rehash_policy, std::__detail::_Hashtable_traits<true, false, true> >::_M_insert_unique_node(unsigned long, unsigned long, std::__detail::_Hash_node<std::pair<std::basic_string_view<char, std::char_traits<char> > const, std::function<bool (std::vector<std::basic_string_view<char, std::char_traits<char> >, std::allocator<std::basic_string_view<char, std::char_traits<char> > > > const&, ConfigSettings&)> >, true>*, unsigned long)
2224 169
2230 78
2232 169
2235 39
2237 5
2238 6
2241 13
2242 91
2245 78
2246 65
2247 91
2248 117
fn=std::_Hashtable<std::basic_string_view<char, std::char_traits<char> >, std::pair<std::basic_string_view<char, std::char_traits<char> > const, std::function<bool (std::vector<std::basic_string_view<char, std::char_traits<char> >, std::allocator<std::basic_string_view<char, std::char_traits<char> > > > const&, ConfigSettings&)> >, std::allocator<std::pair<std::basic_string_view<char, std::char_traits<char> > const, std::function<bool (std::vector<std::basic_string_view<char, std::char_traits<char> >, std::allocator<std::basic_string_view<char, std::char_traits<char> > > > const&, ConfigSettings&)> > >, std::__detail::_Select1st, std::equal_to<std::basic_string_view<char, std::char_traits<char> > >, std::hash<std::basic_string_view<char, std::char_traits<char> > >, std::__detail::_Mod_range_hashing, std::__detail::_Default_ranged_hash, std::__detail::_Prime_rehash_policy, std::__detail::_Hashtable_traits<true, false, true> >::_M_rehash(unsigned long, std::integral_constant<bool, true>)
2619 6
2623 6
2624 4
2625 2
2626 1
2627 3
2650 3
2651 3
2652 3
2653 3
fn=std::_Hashtable<std::basic_string_view<char, std::char_traits<char> >, std::pair<std::basic_string_view<char, std::char_traits<char> > const, std::function<bool (std::vector<std::basic_string_view<char, std::char_traits<char> >, std::allocator<std::basic_string_view<char, std::char_traits<char> > > > const&, ConfigSettings&)> >, std::allocator<std::pair<std::basic_string_view<char, std::char_traits<char> > const, std::function<bool (std::vector<std::basic_string_view<char, std::char_traits<char> >, std::allocator<std::basic_string_view<char, std::char_traits<char> > > > const&, ConfigSettings&)> > >, std::__detail::_Select1st, std::equal_to<std::basic_string_view<char, std::char_traits<char> > >, std::hash<std::basic_string_view<char, std::char_traits<char> > >, std::__detail::_Mod_range_hashing, std::__detail::_Default_ranged_hash, std::__detail::_Prime_rehash_policy, std::__detail::_Hashtable_traits<true, false, true> >::_M_uses_single_bucket(std::__detail::_Hash_node_base**) const
421 10
422 18
fn=std::_Hashtable<std::basic_string_view<char, std::char_traits<char> >, std::pair<std::basic_string_view<char, std::char_traits<char> > const, std::function<bool (std::vector<std::basic_string_view<char, std::char_traits<char> >, std::allocator<std::basic_string_view<char, std::char_traits<char> > > > const&, ConfigSettings&)> >, std::allocator<std::pair<std::basic_string_view<char, std::char_traits<char> > const, std::function<bool (std::vector<std::basic_string_view<char, std::char_traits<char> >, std::allocator<std::basic_string_view<char, std::char_traits<char> > > > const&, ConfigSettings&)> > >, std::__detail::_Select1st, std::equal_to<std::basic_string_view<char, std::char_traits<char> > >, std::hash<std::basic_string_view<char, std::char_traits<char> > >, std::__detail::_Mod_range_hashing, std::__detail::_Default_ranged_hash, std::__detail::_Prime_rehash_policy, std::__detail::_Hashtable_traits<true, false, true> >::_S_forward_key(std::basic_string_view<char, std::char_traits<char> > const&)
933 52
934 39
fn=std::_Hashtable<std::basic_string_view<char, std::char_traits<char> >, std::pair<std::basic_string_view<char, std::char_traits<char> > const, std::function<bool (std::vector<std::basic_string_view<char, std::char_traits<char> >, std::allocator<std::basic_string_view<char, std::char_traits<char> > > > const&, ConfigSettings&)> >, std::allocator<std::pair<std::basic_string_view<char, std::char_traits<char> > const, std::function<bool (std::vector<std::basic_string_view<char, std::char_traits<char> >, std::allocator<std::basic_string_view<char, std::char_traits<char> > > > const&, ConfigSettings&)> > >, std::__detail::_Select1st, std::equal_to<std::basic_string_view<char, std::char_traits<char> > >, std::hash<std::basic_string_view<char, std::char_traits<char> > >, std::__detail::_Mod_range_hashing, std::__detail::_Default_ranged_hash, std::__detail::_Prime_rehash_policy, std::__detail::_Hashtable_traits<true, false, true> >::_Scoped_node::_Scoped_node(std::__detail::_Hash_node<std::pair<std::basic_string_view<char, std::char_traits<char> > const, std::function<bool (std::vector<std::basic_string_view<char, std::char_traits<char> >, std::allocator<std::basic_string_view<char, std::char_traits<char> > > > const&, ConfigSettings&)> >, true>*, std::__detail::_Hashtable_alloc<std::allocator<std::__detail::_Hash_node<std::pair<std::basic_string_view<char, std::char_traits<char> > const, std::function<bool (std::vector<std::basic_string_view<char, std::char_traits<char> >, std::allocator<std::basic_string_view<char, std::char_traits<char> > > > const&, ConfigSettings&)> >, true> > >*)
305 78
306 117
fn=std::_Hashtable<std::basic_string_view<char, std::char_traits<char> >, std::pair<std::basic_string_view<char, std::char_traits<char> > const, std::function<bool (std::vector<std::basic_string_view<char, std::char_traits<char> >, std::allocator<std::basic_string_view<char, std::char_traits<char> > > > const&, ConfigSettings&)> >, std::allocator<std::pair<std::basic_string_view<char, std::char_traits<char> > const, std::function<bool (std::vector<std::basic_string_view<char, std::char_traits<char> >, std::allocator<std::basic_string_view<char, std::char_traits<char> > > > const&, ConfigSettings&)> > >, std::__detail::_Select1st, std::equal_to<std::basic_string_view<char, std::char_traits<char> > >, std::hash<std::basic_string_view<char, std::char_traits<char> > >, std::__detail::_Mod_range_hashing, std::__detail::_Default_ranged_hash, std::__detail::_Prime_rehash_policy, std::__detail::_Hashtable_traits<true, false, true> >::_Scoped_node::~_Scoped_node()
316 156
fn=std::_Hashtable<std::basic_string_view<char, std::char_traits<char> >, std::pair<std::basic_string_view<char, std::char_traits<char> > const, std::function<bool (std::vector<std::basic_string_view<char, std::char_traits<char> >, std::allocator<std::basic_string_view<char, std::char_traits<char> > > > const&, ConfigSettings&)> >, std::allocator<std::pair<std::basic_string_view<char, std::char_traits<char> > const, std::function<bool (std::vector<std::basic_string_view<char, std::char_traits<char> >, std::allocator<std::basic_string_view<char, std::char_traits<char> > > > const&, ConfigSettings&)> > >, std::__detail::_Select1st, std::equal_to<std::basic_string_view<char, std::char_traits<char> > >, std::hash<std::basic_string_view<char, std::char_traits<char> > >, std::__detail::_Mod_range_hashing, std::__detail::_Default_ranged_hash, std::__detail::_Prime_rehash_policy, std::__detail::_Hashtable_traits<true, false, true> >::__small_size_threshold()
429 108
432 36
433 72
fn=std::_Hashtable<std::basic_string_view<char, std::char_traits<char> >, std::pair<std::basic_string_view<char, std::char_traits<char> > const, std::function<bool (std::vector<std::basic_string_view<char, std::char_traits<char> >, std::allocator<std::basic_string_view<char, std::char_traits<char> > > > const&, ConfigSettings&)> >, std::allocator<std::pair<std::basic_string_view<char, std::char_traits<char> > const, std::function<bool (std::vector<std::basic_string_view<char, std::char_traits<char> >, std::allocator<std::basic_string_view<char, std::char_traits<char> > > > const&, ConfigSettings&)> > >, std::__detail::_Select1st, std::equal_to<std::basic_string_view<char, std::char_traits<char> > >, std::hash<std::basic_string_view<char, std::char_traits<char> > >, std::__detail::_Mod_range_hashing, std::__detail::_Default_ranged_hash, std::__detail::_Prime_rehash_policy, std::__detail::_Hashtable_traits<true, false, true> >::clear()
2580 5
2584 8
2585 6
2586 2
2587 2
2588 2
2589 3
fn=std::_Hashtable<std::basic_string_view<char, std::char_traits<char> >, std::pair<std::basic_string_view<char, std::char_traits<char> > const, std::function<bool (std::vector<std::basic_string_view<char, std::char_traits<char> >, std::allocator<std::basic_string_view<char, std::char_traits<char> > > > const&, ConfigSettings&)> >, std::allocator<std::pair<std::basic_string_view<char, std::char_traits<char> > const, std::function<bool (std::vector<std::basic_string_view<char, std::char_traits<char> >, std::allocator<std::basic_string_view<char, std::char_traits<char> > > > const&, ConfigSettings&)> > >, std::__detail::_Select1st, std::equal_to<std::basic_string_view<char, std::char_traits<char> > >, std::hash<std::basic_string_view<char, std::char_traits<char> > >, std::__detail::_Mod_range_hashing, std::__detail::_Default_ranged_hash, std::__detail::_Prime_rehash_policy, std::__detail::_Hashtable_traits<true, false, true> >::end() const
644 80
645 100
fn=std::_Hashtable<std::basic_string_view<char, std::char_traits<char> >, std::pair<std::basic_string_view<char, std::char_traits<char> > const, std::function<bool (std::vector<std::basic_string_view<char, std::char_traits<char> >, std::allocator<std::basic_string_view<char, std::char_traits<char> > > > const&, ConfigSettings&)> >, std::allocator<std::pair<std::basic_string_view<char, std::char_traits<char> > const, std::function<bool (std::vector<std::basic_string_view<char, std::char_traits<char> >, std::allocator<std::basic_string_view<char, std::char_traits<char> > > > const&, ConfigSettings&)> > >, std::__detail::_Select1st, std::equal_to<std::basic_string_view<char, std::char_traits<char> > >, std::hash<std::basic_string_view<char, std::char_traits<char> > >, std::__detail::_Mod_range_hashing, std::__detail::_Default_ranged_hash, std::__detail::_Prime_rehash_policy, std::__detail::_Hashtable_traits<true, false, true> >::find(std::basic_string_view<char, std::char_traits<char> > const&) const
1746 100
1751 90
1753 436
1754 639
1755 70
1762 60
fn=std::_Hashtable<std::basic_string_view<char, std::char_traits<char> >, std::pair<std::basic_string_view<char, std::char_traits<char> > const, std::function<bool (std::vector<std::basic_string_view<char, std::char_traits<char> >, std::allocator<std::basic_string_view<char, std::char_traits<char> > > > const&, ConfigSettings&)> >, std::allocator<std::pair<std::basic_string_view<char, std::char_traits<char> > const, std::function<bool (std::vector<std::basic_string_view<char, std::char_traits<char> >, std::allocator<std::basic_string_view<char, std::char_traits<char> > > > const&, ConfigSettings&)> > >, std::__detail::_Select1st, std::equal_to<std::basic_string_view<char, std::char_traits<char> > >, std::hash<std::basic_string_view<char, std::char_traits<char> > >, std::__detail::_Mod_range_hashing, std::__detail::_Default_ranged_hash, std::__detail::_Prime_rehash_policy, std::__detail::_Hashtable_traits<true, false, true> >::size() const
656 92
657 92
fn=std::_Hashtable<std::basic_string_view<char, std::char_traits<char> >, std::pair<std::basic_string_view<char, std::char_traits<char> > const, std::function<bool (std::vector<std::basic_string_view<char, std::char_traits<char> >, std::allocator<std::basic_string_view<char, std::char_traits<char> > > > const&, ConfigSettings&)> >, std::allocator<std::pair<std::basic_string_view<char, std::char_traits<char> > const, std::function<bool (std::vector<std::basic_string_view<char, std::char_traits<char> >, std::allocator<std::basic_string_view<char, std::char_traits<char> > > > const&, ConfigSettings&)> > >, std::__detail::_Select1st, std::equal_to<std::basic_string_view<char, std::char_traits<char> > >, std::hash<std::basic_string_view<char, std::char_traits<char> > >, std::__detail::_Mod_range_hashing, std::__detail::_Default_ranged_hash, std::__detail::_Prime_rehash_policy, std::__detail::_Hashtable_traits<true, false, true> >::~_Hashtable()
1654 5
1667 3
1668 3
1669 6
fn=std::pair<std::__detail::_Node_iterator<std::pair<std::basic_string_view<char, std::char_traits<char> > const, std::function<bool (std::vector<std::basic_string_view<char, std::char_traits<char> >, std::allocator<std::basic_string_view<char, std::char_traits<char> > > > const&, ConfigSettings&)> >, false, true>, bool> std::_Hashtable<std::basic_string_view<char, std::char_traits<char> >, std::pair<std::basic_string_view<char, std::char_traits<char> > const, std::function<bool (std::vector<std::basic_string_view<char, std::char_traits<char> >, std::allocator<std::basic_string_view<char, std::char_traits<char> > > > const&, ConfigSettings&)> >, std::allocator<std::pair<std::basic_string_view<char, std::char_traits<char> > const, std::function<bool (std::vector<std::basic_string_view<char, std::char_traits<char> >, std::allocator<std::basic_string_view<char, std::char_traits<char> > > > const&, ConfigSettings&)> > >, std::__detail::_Select1st, std::equal_to<std::basic_string_view<char, std::char_traits<char> > >, std::hash<std::basic_string_view<char, std::char_traits<char> > >, std::__detail::_Mod_range_hashing, std::__detail::_Default_ranged_hash, std::__detail::_Prime_rehash_policy, std::__detail::_Hashtable_traits<true, false, true> >::_M_insert<std::pair<std::basic_string_view<char, std::char_traits<char> > const, std::function<bool (std::vector<std::basic_string_view<char, std::char_traits<char> >, std::allocator<std::basic_string_view<char, std::char_traits<char> > > > const&, ConfigSettings&)> > const&, std::__detail::_AllocNode<std::allocator<std::__detail::_Hash_node<std::pair<std::basic_string_view<char, std::char_traits<char> > const, std::function<bool (std::vector<std::basic_string_view<char, std::char_traits<char> >, std::allocator<std::basic_string_view<char, std::char_traits<char> > > > const&, ConfigSettings&)> >, true> > > >(std::pair<std::basic_string_view<char, std::char_traits<char> > const, std::function<bool (std::vector<std::basic_string_view<char, std::char_traits<char> >, std::allocator<std::basic_string_view<char, std::char_traits<char> > > > const&, ConfigSettings&)> > const&, std::__detail::_AllocNode<std::allocator<std::__detail::_Hash_node<std::pair<std::basic_string_view<char, std::char_traits<char> > const, std::function<bool (std::vector<std::basic_string_view<char, std::char_traits<char> >, std::allocator<std::basic_string_view<char, std::char_traits<char> > > > const&, ConfigSettings&)> >, true> > > const&, std::integral_constant<bool, true>)
951 130
956 182
958 65
fn=std::pair<std::__detail::_Node_iterator<std::pair<std::basic_string_view<char, std::char_traits<char> > const, std::function<bool (std::vector<std::basic_string_view<char, std::char_traits<char> >, std::allocator<std::basic_string_view<char, std::char_traits<char> > > > const&, ConfigSettings&)> >, false, true>, bool> std::_Hashtable<std::basic_string_view<char, std::char_traits<char> >, std::pair<std::basic_string_view<char, std::char_traits<char> > const, std::function<bool (std::vector<std::basic_string_view<char, std::char_traits<char> >, std::allocator<std::basic_string_view<char, std::char_traits<char> > > > const&, ConfigSettings&)> >, std::allocator<std::pair<std::basic_string_view<char, std::char_traits<char> > const, std::function<bool (std::vector<std::basic_string_view<char, std::char_traits<char> >, std::allocator<std::basic_string_view<char, std::char_traits<char> > > > const&, ConfigSettings&)> > >, std::__detail::_Select1st, std::equal_to<std::basic_string_view<char, std::char_traits<char> > >, std::hash<std::basic_string_view<char, std::char_traits<char> > >, std::__detail::_Mod_range_hashing, std::__detail::_Default_ranged_hash, std::__detail::_Prime_rehash_policy, std::__detail::_Hashtable_traits<true, false, true> >::_M_insert_unique<std::basic_string_view<char, std::char_traits<char> > const&, std::pair<std::basic_string_view<char, std::char_traits<char> > const, std::function<bool (std::vector<std::basic_string_view<char, std::char_traits<char> >, std::allocator<std::basic_string_view<char, std::char_traits<char> > > > const&, ConfigSettings&)> > const&, std::__detail::_AllocNode<std::allocator<std::__detail::_Hash_node<std::pair<std::basic_string_view<char, std::char_traits<char> > const, std::function<bool (std::vector<std::basic_string_view<char, std::char_traits<char> >, std::allocator<std::basic_string_view<char, std::char_traits<char> > > > const&, ConfigSettings&)> >, true> > > >(std::basic_string_view<char, std::char_traits<char> > const&, std::pair<std::basic_string_view<char, std::char_traits<char> > const, std::function<bool (std::vector<std::basic_string_view<char, std::char_traits<char> >, std::allocator<std::basic_string_view<char, std::char_traits<char> > > > const&, ConfigSettings&)> > const&, std::__detail::_AllocNode<std::allocator<std::__detail::_Hash_node<std::pair<std::basic_string_view<char, std::char_traits<char> > const, std::function<bool (std::vector<std::basic_string_view<char, std::char_traits<char> >, std::allocator<std::basic_string_view<char, std::char_traits<char> > > > const&, ConfigSettings&)> >, true> > > const&)
2313 182
2319 52
2320 65
2321 559
2322 702
2325 78
2326 78
2328 65
2332 247
2339 104
2340 13
2341 117
2342 182
fn=std::pair<std::__detail::_Node_iterator<std::pair<std::basic_string_view<char, std::char_traits<char> > const, std::function<bool (std::vector<std::basic_string_view<char, std::char_traits<char> >, std::allocator<std::basic_string_view<char, std::char_traits<char> > > > const&, ConfigSettings&)> >, false, true>, bool> std::_Hashtable<std::basic_string_view<char, std::char_traits<char> >, std::pair<std::basic_string_view<char, std::char_traits<char> > const, std::function<bool (std::vector<std::basic_string_view<char, std::char_traits<char> >, std::allocator<std::basic_string_view<char, std::char_traits<char> > > > const&, ConfigSettings&)> >, std::allocator<std::pair<std::basic_string_view<char, std::char_traits<char> > const, std::function<bool (std::vector<std::basic_string_view<char, std::char_traits<char> >, std::allocator<std::basic_string_view<char, std::char_traits<char> > > > const&, ConfigSettings&)> > >, std::__detail::_Select1st, std::equal_to<std::basic_string_view<char, std::char_traits<char> > >, std::hash<std::basic_string_view<char, std::char_traits<char> > >, std::__detail::_Mod_range_hashing, std::__detail::_Default_ranged_hash, std::__detail::_Prime_rehash_policy, std::__detail::_Hashtable_traits<true, false, true> >::_M_insert_unique_aux<std::pair<std::basic_string_view<char, std::char_traits<char> > const, std::function<bool (std::vector<std::basic_string_view<char, std::char_traits<char> >, std::allocator<std::basic_string_view<char, std::char_traits<char> > > > const&, ConfigSettings&)> > const&, std::__detail::_AllocNode<std::allocator<std::__detail::_Hash_node<std::pair<std::basic_string_view<char, std::char_traits<char> > const, std::function<bool (std::vector<std::basic_string_view<char, std::char_traits<char> >, std::allocator<std::basic_string_view<char, std::char_traits<char> > > > const&, ConfigSettings&)> >, true> > > >(std::pair<std::basic_string_view<char, std::char_traits<char> > const, std::function<bool (std::vector<std::basic_string_view<char, std::char_traits<char> >, std::allocator<std::basic_string_view<char, std::char_traits<char> > > > const&, ConfigSettings&)> > const&, std::__detail::_AllocNode<std::allocator<std::__detail::_Hash_node<std::pair<std::basic_string_view<char, std::char_traits<char> > const, std::function<bool (std::vector<std::basic_string_view<char, std::char_traits<char> >, std::allocator<std::basic_string_view<char, std::char_traits<char> > > > const&, ConfigSettings&)> >, true> > > const&)
942 143
944 130
945 143
947 78
fl=/usr/include/c++/14/bits/hashtable_policy.h
fn=bool std::__detail::_Hashtable_base<std::basic_string_view<char, std::char_traits<char> >, std::pair<std::basic_string_view<char, std::char_traits<char> > const, std::function<bool (std::vector<std::basic_string_view<char, std::char_traits<char> >, std::allocator<std::basic_string_view<char, std::char_traits<char> > > > const&, ConfigSettings&)> >, std::__detail::_Select1st, std::equal_to<std::basic_string_view<char, std::char_traits<char> > >, std::hash<std::basic_string_view<char, std::char_traits<char> > >, std::__detail::_Mod_range_hashing, std::__detail::_Default_ranged_hash, std::__detail::_Hashtable_traits<true, false, true> >::_M_key_equals_tr<std::basic_string_view<char, std::char_traits<char> > >(std::basic_string_view<char, std::char_traits<char> > const&, std::__detail::_Hash_node_value<std::pair<std::basic_string_view<char, std::char_traits<char> > const, std::function<bool (std::vector<std::basic_string_view<char, std::char_traits<char> >, std::allocator<std::basic_string_view<char, std::char_traits<char> > > > const&, ConfigSettings&)> >, true> const&) const
344 390
354 78
1745 858
1753 1326
1754 468
fn=std::__detail::_AllocNode<std::allocator<std::__detail::_Hash_node<std::pair<std::basic_string_view<char, std::char_traits<char> > const, std::function<bool (std::vector<std::basic_string_view<char, std::char_traits<char> >, std::allocator<std::basic_string_view<char, std::char_traits<char> > > > const&, ConfigSettings&)> >, true> > >::_AllocNode(std::__detail::_Hashtable_alloc<std::allocator<std::__detail::_Hash_node<std::pair<std::basic_string_view<char, std::char_traits<char> > const, std::function<bool (std::vector<std::basic_string_view<char, std::char_traits<char> >, std::allocator<std::basic_string_view<char, std::char_traits<char> > > > const&, ConfigSettings&)> >, true> > >&)
248 5
249 6
fn=std::__detail::_AllocNode<std::allocator<std::__detail::_Hash_node<std::pair<std::basic_string_view<char, std::char_traits<char> > const, std::function<bool (std::vector<std::basic_string_view<char, std::char_traits<char> >, std::allocator<std::basic_string_view<char, std::char_traits<char> > > > const&, ConfigSettings&)> >, true> > >::__node_ptr std::__detail::_NodeBuilder<std::__detail::_Select1st>::_S_build<std::basic_string_view<char, std::char_traits<char> > const&, std::pair<std::basic_string_view<char, std::char_traits<char> > const, std::function<bool (std::vector<std::basic_string_view<char, std::char_traits<char> >, std::allocator<std::basic_string_view<char, std::char_traits<char> > > > const&, ConfigSettings&)> > const&, std::__detail::_AllocNode<std::allocator<std::__detail::_Hash_node<std::pair<std::basic_string_view<char, std::char_traits<char> > const, std::function<bool (std::vector<std::basic_string_view<char, std::char_traits<char> >, std::allocator<std::basic_string_view<char, std::char_traits<char> > > > const&, ConfigSettings&)> >, true> > > >(std::basic_string_view<char, std::char_traits<char> > const&, std::pair<std::basic_string_view<char, std::char_traits<char> > const, std::function<bool (std::vector<std::basic_string_view<char, std::char_traits<char> >, std::allocator<std::basic_string_view<char, std::char_traits<char> > > > const&, ConfigSettings&)> > const&, std::__detail::_AllocNode<std::allocator<std::__detail::_Hash_node<std::pair<std::basic_string_view<char, std::char_traits<char> > const, std::function<bool (std::vector<std::basic_string_view<char, std::char_traits<char> >, std::allocator<std::basic_string_view<char, std::char_traits<char> > > > const&, ConfigSettings&)> >, true> > > const&)
158 104
161 117
162 52
163 39
fn=std::__detail::_ConvertToValueType<std::__detail::_Select1st, std::pair<std::basic_string_view<char, std::char_traits<char> > const, std::function<bool (std::vector<std::basic_string_view<char, std::char_traits<char> >, std::allocator<std::basic_string_view<char, std::char_traits<char> > > > const&, ConfigSettings&)> > >::operator()(std::pair<std::basic_string_view<char, std::char_traits<char> > const, std::function<bool (std::vector<std::basic_string_view<char, std::char_traits<char> >, std::allocator<std::basic_string_view<char, std::char_traits<char> > > > const&, ConfigSettings&)> > const&) const
136 65
137 39
fn=std::__detail::_Hash_code_base<std::basic_string_view<char, std::char_traits<char> >, std::pair<std::basic_string_view<char, std::char_traits<char> > const, std::function<bool (std::vector<std::basic_string_view<char, std::char_traits<char> >, std::allocator<std::basic_string_view<char, std::char_traits<char> > > > const&, ConfigSettings&)> >, std::__detail::_Select1st, std::hash<std::basic_string_view<char, std::char_traits<char> > >, std::__detail::_Mod_range_hashing, std::__detail::_Default_ranged_hash, true>::_Hash_code_base(std::hash<std::basic_string_view<char, std::char_traits<char> > > const&)
1328 14
fn=std::__detail::_Hash_code_base<std::basic_string_view<char, std::char_traits<char> >, std::pair<std::basic_string_view<char, std::char_traits<char> > const, std::function<bool (std::vector<std::basic_string_view<char, std::char_traits<char> >, std::allocator<std::basic_string_view<char, std::char_traits<char> > > > const&, ConfigSettings&)> >, std::__detail::_Select1st, std::hash<std::basic_string_view<char, std::char_traits<char> > >, std::__detail::_Mod_range_hashing, std::__detail::_Default_ranged_hash, true>::_M_bucket_index(std::__detail::_Hash_node_value<std::pair<std::basic_string_view<char, std::char_traits<char> > const, std::function<bool (std::vector<std::basic_string_view<char, std::char_traits<char> >, std::allocator<std::basic_string_view<char, std::char_traits<char> > > > const&, ConfigSettings&)> >, true> const&, unsigned long) const
1371 70
1375 84
fn=std::__detail::_Hash_code_base<std::basic_string_view<char, std::char_traits<char> >, std::pair<std::basic_string_view<char, std::char_traits<char> > const, std::function<bool (std::vector<std::basic_string_view<char, std::char_traits<char> >, std::allocator<std::basic_string_view<char, std::char_traits<char> > > > const&, ConfigSettings&)> >, std::__detail::_Select1st, std::hash<std::basic_string_view<char, std::char_traits<char> > >, std::__detail::_Mod_range_hashing, std::__detail::_Default_ranged_hash, true>::_M_bucket_index(unsigned long, unsigned long) const
1356 140
1357 154
fn=std::__detail::_Hash_code_base<std::basic_string_view<char, std::char_traits<char> >, std::pair<std::basic_string_view<char, std::char_traits<char> > const, std::function<bool (std::vector<std::basic_string_view<char, std::char_traits<char> >, std::allocator<std::basic_string_view<char, std::char_traits<char> > > > const&, ConfigSettings&)> >, std::__detail::_Select1st, std::hash<std::basic_string_view<char, std::char_traits<char> > >, std::__detail::_Mod_range_hashing, std::__detail::_Default_ranged_hash, true>::_M_hash() const
1400 130
fn=std::__detail::_Hash_code_base<std::basic_string_view<char, std::char_traits<char> >, std::pair<std::basic_string_view<char, std::char_traits<char> > const, std::function<bool (std::vector<std::basic_string_view<char, std::char_traits<char> >, std::allocator<std::basic_string_view<char, std::char_traits<char> > > > const&, ConfigSettings&)> >, std::__detail::_Select1st, std::hash<std::basic_string_view<char, std::char_traits<char> > >, std::__detail::_Mod_range_hashing, std::__detail::_Default_ranged_hash, true>::_M_store_code(std::__detail::_Hash_node_code_cache<true>&, unsigned long) const
1387 78
1388 78
fn=std::__detail::_Hash_node<std::pair<std::basic_string_view<char, std::char_traits<char> > const, std::function<bool (std::vector<std::basic_string_view<char, std::char_traits<char> >, std::allocator<std::basic_string_view<char, std::char_traits<char> > > > const&, ConfigSettings&)> >, true>* std::__detail::_AllocNode<std::allocator<std::__detail::_Hash_node<std::pair<std::basic_string_view<char, std::char_traits<char> > const, std::function<bool (std::vector<std::basic_string_view<char, std::char_traits<char> >, std::allocator<std::basic_string_view<char, std::char_traits<char> > > > const&, ConfigSettings&)> >, true> > >::operator()<std::basic_string_view<char, std::char_traits<char> > const&, std::function<bool (std::vector<std::basic_string_view<char, std::char_traits<char> >, std::allocator<std::basic_string_view<char, std::char_traits<char> > > > const&, ConfigSettings&)> const&>(std::basic_string_view<char, std::char_traits<char> > const&, std::function<bool (std::vector<std::basic_string_view<char, std::char_traits<char> >, std::allocator<std::basic_string_view<char, std::char_traits<char> > > > const&, ConfigSettings&)> const&) const
253 117
254 234
fn=std::__detail::_Hash_node<std::pair<std::basic_string_view<char, std::char_traits<char> > const, std::function<bool (std::vector<std::basic_string_view<char, std::char_traits<char> >, std::allocator<std::basic_string_view<char, std::char_traits<char> > > > const&, ConfigSettings&)> >, true>* std::__detail::_Hashtable_alloc<std::allocator<std::__detail::_Hash_node<std::pair<std::basic_string_view<char, std::char_traits<char> > const, std::function<bool (std::vector<std::basic_string_view<char, std::char_traits<char> >, std::allocator<std::basic_string_view<char, std::char_traits<char> > > > const&, ConfigSettings&)> >, true> > >::_M_allocate_node<std::basic_string_view<char, std::char_traits<char> > const&, std::function<bool (std::vector<std::basic_string_view<char, std::char_traits<char> >, std::allocator<std::basic_string_view<char, std::char_traits<char> > > > const&, ConfigSettings&)> const&>(std::basic_string_view<char, std::char_traits<char> > const&, std::function<bool (std::vector<std::basic_string_view<char, std::char_traits<char> >, std::allocator<std::basic_string_view<char, std::char_traits<char> > > > const&, ConfigSettings&)> const&)
339 117
2015 156
2018 143
2019 13
2020 52
2023 78
2024 143
2026 13
2034 104
fn=std::__detail::_Hash_node<std::pair<std::basic_string_view<char, std::char_traits<char> > const, std::function<bool (std::vector<std::basic_string_view<char, std::char_traits<char> >, std::allocator<std::basic_string_view<char, std::char_traits<char> > > > const&, ConfigSettings&)> >, true>::_Hash_node()
381 143
fn=std::__detail::_Hash_node<std::pair<std::basic_string_view<char, std::char_traits<char> > const, std::function<bool (std::vector<std::basic_string_view<char, std::char_traits<char> >, std::allocator<std::basic_string_view<char, std::char_traits<char> > > > const&, ConfigSettings&)> >, true>::_M_next() const
386 636
387 636
fn=std::__detail::_Hash_node_base::_Hash_node_base()
319 126
fn=std::__detail::_Hashtable_alloc<std::allocator<std::__detail::_Hash_node<std::pair<std::basic_string_view<char, std::char_traits<char> > const, std::function<bool (std::vector<std::basic_string_view<char, std::char_traits<char> >, std::allocator<std::basic_string_view<char, std::char_traits<char> > > > const&, ConfigSettings&)> >, true> > >::_Hashtable_alloc<std::allocator<std::__detail::_Hash_node<std::pair<std::basic_string_view<char, std::char_traits<char> > const, std::function<bool (std::vector<std::basic_string_view<char, std::char_traits<char> >, std::allocator<std::basic_string_view<char, std::char_traits<char> > > > const&, ConfigSettings&)> >, true> > >(std::allocator<std::__detail::_Hash_node<std::pair<std::basic_string_view<char, std::char_traits<char> > const, std::function<bool (std::vector<std::basic_string_view<char, std::char_traits<char> >, std::allocator<std::basic_string_view<char, std::char_traits<char> > > > const&, ConfigSettings&)> >, true> >&&)
1973 6
1974 8
1975 3
fn=std::__detail::_Hashtable_alloc<std::allocator<std::__detail::_Hash_node<std::pair<std::basic_string_view<char, std::char_traits<char> > const, std::function<bool (std::vector<std::basic_string_view<char, std::char_traits<char> >, std::allocator<std::basic_string_view<char, std::char_traits<char> > > > const&, ConfigSettings&)> >, true> > >::_M_allocate_buckets(unsigned long)
2068 9
2071 6
2073 1
2074 4
2075 6
2076 1
2077 5
fn=std::__detail::_Hashtable_alloc<std::allocator<std::__detail::_Hash_node<std::pair<std::basic_string_view<char, std::char_traits<char> > const, std::function<bool (std::vector<std::basic_string_view<char, std::char_traits<char> >, std::allocator<std::basic_string_view<char, std::char_traits<char> > > > const&, ConfigSettings&)> >, true> > >::_M_deallocate_buckets(std::__detail::_Hash_node_base**, unsigned long)
2081 10
2086 4
2087 6
2089 6
fn=std::__detail::_Hashtable_alloc<std::allocator<std::__detail::_Hash_node<std::pair<std::basic_string_view<char, std::char_traits<char> > const, std::function<bool (std::vector<std::basic_string_view<char, std::char_traits<char> >, std::allocator<std::basic_string_view<char, std::char_traits<char> > > > const&, ConfigSettings&)> >, true> > >::_M_deallocate_node(std::__detail::_Hash_node<std::pair<std::basic_string_view<char, std::char_traits<char> > const, std::function<bool (std::vector<std::basic_string_view<char, std::char_traits<char> >, std::allocator<std::basic_string_view<char, std::char_traits<char> > > > const&, ConfigSettings&)> >, true>*)
339 65
2038 91
2040 104
2041 65
2042 52
fn=std::__detail::_Hashtable_alloc<std::allocator<std::__detail::_Hash_node<std::pair<std::basic_string_view<char, std::char_traits<char> > const, std::function<bool (std::vector<std::basic_string_view<char, std::char_traits<char> >, std::allocator<std::basic_string_view<char, std::char_traits<char> > > > const&, ConfigSettings&)> >, true> > >::_M_deallocate_node_ptr(std::__detail::_Hash_node<std::pair<std::basic_string_view<char, std::char_traits<char> > const, std::function<bool (std::vector<std::basic_string_view<char, std::char_traits<char> >, std::allocator<std::basic_string_view<char, std::char_traits<char> > > > const&, ConfigSettings&)> >, true>*)
2046 78
2049 52
2051 169
2052 39
fn=std::__detail::_Hashtable_alloc<std::allocator<std::__detail::_Hash_node<std::pair<std::basic_string_view<char, std::char_traits<char> > const, std::function<bool (std::vector<std::basic_string_view<char, std::char_traits<char> >, std::allocator<std::basic_string_view<char, std::char_traits<char> > > > const&, ConfigSettings&)> >, true> > >::_M_deallocate_nodes(std::__detail::_Hash_node<std::pair<std::basic_string_view<char, std::char_traits<char> > const, std::function<bool (std::vector<std::basic_string_view<char, std::char_traits<char> >, std::allocator<std::basic_string_view<char, std::char_traits<char> > > > const&, ConfigSettings&)> >, true>*)
2056 6
2058 29
2060 26
2061 52
2062 65
2064 4
fn=std::__detail::_Hashtable_alloc<std::allocator<std::__detail::_Hash_node<std::pair<std::basic_string_view<char, std::char_traits<char> > const, std::function<bool (std::vector<std::basic_string_view<char, std::char_traits<char> >, std::allocator<std::basic_string_view<char, std::char_traits<char> > > > const&, ConfigSettings&)> >, true> > >::_M_node_allocator()
1978 205
1979 205
fn=std::__detail::_Hashtable_alloc<std::allocator<std::__detail::_Hash_node<std::pair<std::basic_string_view<char, std::char_traits<char> > const, std::function<bool (std::vector<std::basic_string_view<char, std::char_traits<char> >, std::allocator<std::basic_string_view<char, std::char_traits<char> > > > const&, ConfigSettings&)> >, true> > >::~_Hashtable_alloc()
1940 11
fn=std::__detail::_Hashtable_base<std::basic_string_view<char, std::char_traits<char> >, std::pair<std::basic_string_view<char, std::char_traits<char> > const, std::function<bool (std::vector<std::basic_string_view<char, std::char_traits<char> >, std::allocator<std::basic_string_view<char, std::char_traits<char> > > > const&, ConfigSettings&)> >, std::__detail::_Select1st, std::equal_to<std::basic_string_view<char, std::char_traits<char> > >, std::hash<std::basic_string_view<char, std::char_traits<char> > >, std::__detail::_Mod_range_hashing, std::__detail::_Default_ranged_hash, std::__detail::_Hashtable_traits<true, false, true> >::_Hashtable_base(std::hash<std::basic_string_view<char, std::char_traits<char> > > const&, std::equal_to<std::basic_string_view<char, std::char_traits<char> > > const&)
1728 7
1729 10
1730 3
fn=std::__detail::_Hashtable_base<std::basic_string_view<char, std::char_traits<char> >, std::pair<std::basic_string_view<char, std::char_traits<char> > const, std::function<bool (std::vector<std::basic_string_view<char, std::char_traits<char> >, std::allocator<std::basic_string_view<char, std::char_traits<char> > > > const&, ConfigSettings&)> >, std::__detail::_Select1st, std::equal_to<std::basic_string_view<char, std::char_traits<char> > >, std::hash<std::basic_string_view<char, std::char_traits<char> > >, std::__detail::_Mod_range_hashing, std::__detail::_Default_ranged_hash, std::__detail::_Hashtable_traits<true, false, true> >::_M_eq() const
1785 1490
fn=std::__detail::_Hashtable_base<std::basic_string_view<char, std::char_traits<char> >, std::pair<std::basic_string_view<char, std::char_traits<char> > const, std::function<bool (std::vector<std::basic_string_view<char, std::char_traits<char> >, std::allocator<std::basic_string_view<char, std::char_traits<char> > > > const&, ConfigSettings&)> >, std::__detail::_Select1st, std::equal_to<std::basic_string_view<char, std::char_traits<char> > >, std::hash<std::basic_string_view<char, std::char_traits<char> > >, std::__detail::_Mod_range_hashing, std::__detail::_Default_ranged_hash, std::__detail::_Hashtable_traits<true, false, true> >::_M_key_equals(std::basic_string_view<char, std::char_traits<char> > const&, std::__detail::_Hash_node_value<std::pair<std::basic_string_view<char, std::char_traits<char> > const, std::function<bool (std::vector<std::basic_string_view<char, std::char_traits<char> >, std::allocator<std::basic_string_view<char, std::char_traits<char> > > > const&, ConfigSettings&)> >, true> const&) const
344 355
354 71
1733 781
1740 1207
1741 426
fn=std::__detail::_Hashtable_ebo_helper<0, std::allocator<std::__detail::_Hash_node<std::pair<std::basic_string_view<char, std::char_traits<char> > const, std::function<bool (std::vector<std::basic_string_view<char, std::char_traits<char> >, std::allocator<std::basic_string_view<char, std::char_traits<char> > > > const&, ConfigSettings&)> >, true> >, true>::_Hashtable_ebo_helper<std::allocator<std::__detail::_Hash_node<std::pair<std::basic_string_view<char, std::char_traits<char> > const, std::function<bool (std::vector<std::basic_string_view<char, std::char_traits<char> >, std::allocator<std::basic_string_view<char, std::char_traits<char> > > > const&, ConfigSettings&)> >, true> > >(std::allocator<std::__detail::_Hash_node<std::pair<std::basic_string_view<char, std::char_traits<char> > const, std::function<bool (std::vector<std::basic_string_view<char, std::char_traits<char> >, std::allocator<std::basic_string_view<char, std::char_traits<char> > > > const&, ConfigSettings&)> >, true> >&&)
1246 6
1247 10
1248 3
fn=std::__detail::_Hashtable_ebo_helper<0, std::allocator<std::__detail::_Hash_node<std::pair<std::basic_string_view<char, std::char_traits<char> > const, std::function<bool (std::vector<std::basic_string_view<char, std::char_traits<char> >, std::allocator<std::basic_string_view<char, std::char_traits<char> > > > const&, ConfigSettings&)> >, true> >, true>::_M_get()
1251 287
fn=std::__detail::_Hashtable_ebo_helper<0, std::allocator<std::__detail::_Hash_node<std::pair<std::basic_string_view<char, std::char_traits<char> > const, std::function<bool (std::vector<std::basic_string_view<char, std::char_traits<char> >, std::allocator<std::basic_string_view<char, std::char_traits<char> > > > const&, ConfigSettings&)> >, true> >, true>::~_Hashtable_ebo_helper()
1240 9
fn=std::__detail::_Hashtable_ebo_helper<0, std::equal_to<std::basic_string_view<char, std::char_traits<char> > >, true>::_Hashtable_ebo_helper<std::equal_to<std::basic_string_view<char, std::char_traits<char> > > const&>(std::equal_to<std::basic_string_view<char, std::char_traits<char> > > const&)
1246 6
1247 3
1248 3
fn=std::__detail::_Hashtable_ebo_helper<0, std::equal_to<std::basic_string_view<char, std::char_traits<char> > >, true>::_M_cget() const
1250 1043
fn=std::__detail::_Hashtable_ebo_helper<1, std::hash<std::basic_string_view<char, std::char_traits<char> > >, true>::_Hashtable_ebo_helper<std::hash<std::basic_string_view<char, std::char_traits<char> > > const&>(std::hash<std::basic_string_view<char, std::char_traits<char> > > const&)
1246 6
1247 3
1248 3
fn=std::__detail::_Hashtable_ebo_helper<1, std::hash<std::basic_string_view<char, std::char_traits<char> > >, true>::_M_cget() const
1250 91
fn=std::__detail::_Hashtable_hash_traits<std::hash<std::basic_string_view<char, std::char_traits<char> > > >::__small_size_threshold()
303 108
304 108
fn=std::__detail::_Insert_base<std::basic_string_view<char, std::char_traits<char> >, std::pair<std::basic_string_view<char, std::char_traits<char> > const, std::function<bool (std::vector<std::basic_string_view<char, std::char_traits<char> >, std::allocator<std::basic_string_view<char, std::char_traits<char> > > > const&, ConfigSettings&)> >, std::allocator<std::pair<std::basic_string_view<char, std::char_traits<char> > const, std::function<bool (std::vector<std::basic_string_view<char, std::char_traits<char> >, std::allocator<std::basic_string_view<char, std::char_traits<char> > > > const&, ConfigSettings&)> > >, std::__detail::_Select1st, std::equal_to<std::basic_string_view<char, std::char_traits<char> > >, std::hash<std::basic_string_view<char, std::char_traits<char> > >, std::__detail::_Mod_range_hashing, std::__detail::_Default_ranged_hash, std::__detail::_Prime_rehash_policy, std::__detail::_Hashtable_traits<true, false, true> >::_M_conjure_hashtable()
928 8
929 6
fn=std::__detail::_Mod_range_hashing::operator()(unsigned long, unsigned long) const
532 126
534 126
fn=std::__detail::_Node_const_iterator<std::pair<std::basic_string_view<char, std::char_traits<char> > const, std::function<bool (std::vector<std::basic_string_view<char, std::char_traits<char> >, std::allocator<std::basic_string_view<char, std::char_traits<char> > > > const&, ConfigSettings&)> >, false, true>::_Node_const_iterator(std::__detail::_Hash_node<std::pair<std::basic_string_view<char, std::char_traits<char> > const, std::function<bool (std::vector<std::basic_string_view<char, std::char_traits<char> >, std::allocator<std::basic_string_view<char, std::char_traits<char> > > > const&, ConfigSettings&)> >, true>*)
489 120
490 160
fn=std::__detail::_Node_const_iterator<std::pair<std::basic_string_view<char, std::char_traits<char> > const, std::function<bool (std::vector<std::basic_string_view<char, std::char_traits<char> >, std::allocator<std::basic_string_view<char, std::char_traits<char> > > > const&, ConfigSettings&)> >, false, true>::operator->() const
339 40
501 50
502 60
fn=std::__detail::_Node_iterator<std::pair<std::basic_string_view<char, std::char_traits<char> > const, std::function<bool (std::vector<std::basic_string_view<char, std::char_traits<char> >, std::allocator<std::basic_string_view<char, std::char_traits<char> > > > const&, ConfigSettings&)> >, false, true>::_Node_iterator(std::__detail::_Hash_node<std::pair<std::basic_string_view<char, std::char_traits<char> > const, std::function<bool (std::vector<std::basic_string_view<char, std::char_traits<char> >, std::allocator<std::basic_string_view<char, std::char_traits<char> > > > const&, ConfigSettings&)> >, true>*)
442 78
443 104
fn=std::__detail::_Node_iterator_base<std::pair<std::basic_string_view<char, std::char_traits<char> > const, std::function<bool (std::vector<std::basic_string_view<char, std::char_traits<char> >, std::allocator<std::basic_string_view<char, std::char_traits<char> > > > const&, ConfigSettings&)> >, true>::_Node_iterator_base(std::__detail::_Hash_node<std::pair<std::basic_string_view<char, std::char_traits<char> > const, std::function<bool (std::vector<std::basic_string_view<char, std::char_traits<char> >, std::allocator<std::basic_string_view<char, std::char_traits<char> > > > const&, ConfigSettings&)> >, true>*)
399 165
400 198
fn=std::__detail::_Prime_rehash_policy::_M_state() const
577 52
578 52
fn=std::__detail::_Prime_rehash_policy::_Prime_rehash_policy(float)
550 5
551 8
fn=std::__detail::_RehashStateGuard<std::__detail::_Prime_rehash_policy>::_RehashStateGuard(std::__detail::_Prime_rehash_policy&)
730 78
731 65
732 65
733 39
fn=std::__detail::_RehashStateGuard<std::__detail::_Prime_rehash_policy>::~_RehashStateGuard()
736 65
738 52
740 39
fn=std::__detail::_Select1st::__1st_type<std::pair<std::basic_string_view<char, std::char_traits<char> > const, std::function<bool (std::vector<std::basic_string_view<char, std::char_traits<char> >, std::allocator<std::basic_string_view<char, std::char_traits<char> > > > const&, ConfigSettings&)> > const&>::type&& std::__detail::_Select1st::operator()<std::pair<std::basic_string_view<char, std::char_traits<char> > const, std::function<bool (std::vector<std::basic_string_view<char, std::char_traits<char> >, std::allocator<std::basic_string_view<char, std::char_traits<char> > > > const&, ConfigSettings&)> > const&>(std::pair<std::basic_string_view<char, std::char_traits<char> > const, std::function<bool (std::vector<std::basic_string_view<char, std::char_traits<char> >, std::allocator<std::basic_string_view<char, std::char_traits<char> > > > const&, ConfigSettings&)> > const&) const
112 972
113 810
fn=std::__detail::operator==(std::__detail::_Node_iterator_base<std::pair<std::basic_string_view<char, std::char_traits<char> > const, std::function<bool (std::vector<std::basic_string_view<char, std::char_traits<char> >, std::allocator<std::basic_string_view<char, std::char_traits<char> > > > const&, ConfigSettings&)> >, true> const&, std::__detail::_Node_iterator_base<std::pair<std::basic_string_view<char, std::char_traits<char> > const, std::function<bool (std::vector<std::basic_string_view<char, std::char_traits<char> >, std::allocator<std::basic_string_view<char, std::char_traits<char> > > > const&, ConfigSettings&)> >, true> const&)
407 50
409 80
fn=unsigned long std::__detail::_Hash_code_base<std::basic_string_view<char, std::char_traits<char> >, std::pair<std::basic_string_view<char, std::char_traits<char> > const, std::function<bool (std::vector<std::basic_string_view<char, std::char_traits<char> >, std::allocator<std::basic_string_view<char, std::char_traits<char> > > > const&, ConfigSettings&)> >, std::__detail::_Select1st, std::hash<std::basic_string_view<char, std::char_traits<char> > >, std::__detail::_Mod_range_hashing, std::__detail::_Default_ranged_hash, true>::_M_hash_code_tr<std::basic_string_view<char, std::char_traits<char> > >(std::basic_string_view<char, std::char_traits<char> > const&) const
1340 78
1344 104
1345 26
fn=void std::__detail::_Insert_base<std::basic_string_view<char, std::char_traits<char> >, std::pair<std::basic_string_view<char, std::char_traits<char> > const, std::function<bool (std::vector<std::basic_string_view<char, std::char_traits<char> >, std::allocator<std::basic_string_view<char, std::char_traits<char> > > > const&, ConfigSettings&)> >, std::allocator<std::pair<std::basic_string_view<char, std::char_traits<char> > const, std::function<bool (std::vector<std::basic_string_view<char, std::char_traits<char> >, std::allocator<std::basic_string_view<char, std::char_traits<char> > > > const&, ConfigSettings&)> > >, std::__detail::_Select1st, std::equal_to<std::basic_string_view<char, std::char_traits<char> > >, std::hash<std::basic_string_view<char, std::char_traits<char> > >, std::__detail::_Mod_range_hashing, std::__detail::_Default_ranged_hash, std::__detail::_Prime_rehash_policy, std::__detail::_Hashtable_traits<true, false, true> >::_M_insert_range<std::pair<std::basic_string_view<char, std::char_traits<char> > const, std::function<bool (std::vector<std::basic_string_view<char, std::char_traits<char> >, std::allocator<std::basic_string_view<char, std::char_traits<char> > > > const&, ConfigSettings&)> > const*, std::__detail::_AllocNode<std::allocator<std::__detail::_Hash_node<std::pair<std::basic_string_view<char, std::char_traits<char> > const, std::function<bool (std::vector<std::basic_string_view<char, std::char_traits<char> >, std::allocator<std::basic_string_view<char, std::char_traits<char> > > > const&, ConfigSettings&)> >, true> > > >(std::pair<std::basic_string_view<char, std::char_traits<char> > const, std::function<bool (std::vector<std::basic_string_view<char, std::char_traits<char> >, std::allocator<std::basic_string_view<char, std::char_traits<char> > > > const&, ConfigSettings&)> > const*, std::pair<std::basic_string_view<char, std::char_traits<char> > const, std::function<bool (std::vector<std::basic_string_view<char, std::char_traits<char> >, std::allocator<std::basic_string_view<char, std::char_traits<char> > > > const&, ConfigSettings&)> > const*, std::__detail::_AllocNode<std::allocator<std::__detail::_Hash_node<std::pair<std::basic_string_view<char, std::char_traits<char> > const, std::function<bool (std::vector<std::basic_string_view<char, std::char_traits<char> >, std::allocator<std::basic_string_view<char, std::char_traits<char> > > > const&, ConfigSettings&)> >, true> > > const&, std::integral_constant<bool, true>)
1011 8
1017 4
1018 56
1019 78
1020 4
fn=void std::__detail::_Insert_base<std::basic_string_view<char, std::char_traits<char> >, std::pair<std::basic_string_view<char, std::char_traits<char> > const, std::function<bool (std::vector<std::basic_string_view<char, std::char_traits<char> >, std::allocator<std::basic_string_view<char, std::char_traits<char> > > > const&, ConfigSettings&)> >, std::allocator<std::pair<std::basic_string_view<char, std::char_traits<char> > const, std::function<bool (std::vector<std::basic_string_view<char, std::char_traits<char> >, std::allocator<std::basic_string_view<char, std::char_traits<char> > > > const&, ConfigSettings&)> > >, std::__detail::_Select1st, std::equal_to<std::basic_string_view<char, std::char_traits<char> > >, std::hash<std::basic_string_view<char, std::char_traits<char> > >, std::__detail::_Mod_range_hashing, std::__detail::_Default_ranged_hash, std::__detail::_Prime_rehash_policy, std::__detail::_Hashtable_traits<true, false, true> >::insert<std::pair<std::basic_string_view<char, std::char_traits<char> > const, std::function<bool (std::vector<std::basic_string_view<char, std::char_traits<char> >, std::allocator<std::basic_string_view<char, std::char_traits<char> > > > const&, ConfigSettings&)> > const*>(std::pair<std::basic_string_view<char, std::char_traits<char> > const, std::function<bool (std::vector<std::basic_string_view<char, std::char_traits<char> >, std::allocator<std::basic_string_view<char, std::char_traits<char> > > > const&, ConfigSettings&)> > const*, std::pair<std::basic_string_view<char, std::char_traits<char> > const, std::function<bool (std::vector<std::basic_string_view<char, std::char_traits<char> >, std::allocator<std::basic_string_view<char, std::char_traits<char> > > > const&, ConfigSettings&)> > const*)
997 10
999 4
1000 5
1001 7
1002 5
fl=/usr/include/c++/14/bits/invoke.h
fn=bool std::__invoke_impl<bool, bool (*&)(std::vector<std::basic_string_view<char, std::char_traits<char> >, std::allocator<std::basic_string_view<char, std::char_traits<char> > > > const&, ConfigSettings&), std::vector<std::basic_string_view<char, std::char_traits<char> >, std::allocator<std::basic_string_view<char, std::char_traits<char> > > > const&, ConfigSettings&>(std::__invoke_other, bool (*&)(std::vector<std::basic_string_view<char, std::char_traits<char> >, std::allocator<std::basic_string_view<char, std::char_traits<char> > > > const&, ConfigSettings&), std::vector<std::basic_string_view<char, std::char_traits<char> >, std::allocator<std::basic_string_view<char, std::char_traits<char> > > > const&, ConfigSettings&)
60 90
61 190
fn=std::enable_if<is_invocable_r_v<bool, bool (*&)(std::vector<std::basic_string_view<char, std::char_traits<char> >, std::allocator<std::basic_string_view<char, std::char_traits<char> > > > const&, ConfigSettings&), std::vector<std::basic_string_view<char, std::char_traits<char> >, std::allocator<std::basic_string_view<char, std::char_traits<char> > > > const&, ConfigSettings&>, bool>::type std::__invoke_r<bool, bool (*&)(std::vector<std::basic_string_view<char, std::char_traits<char> >, std::allocator<std::basic_string_view<char, std::char_traits<char> > > > const&, ConfigSettings&), std::vector<std::basic_string_view<char, std::char_traits<char> >, std::allocator<std::basic_string_view<char, std::char_traits<char> > > > const&, ConfigSettings&>(bool (*&)(std::vector<std::basic_string_view<char, std::char_traits<char> >, std::allocator<std::basic_string_view<char, std::char_traits<char> > > > const&, ConfigSettings&), std::vector<std::basic_string_view<char, std::char_traits<char> >, std::allocator<std::basic_string_view<char, std::char_traits<char> > > > const&, ConfigSettings&)
104 90
114 150
117 50
fl=/usr/include/c++/14/bits/move.h
fn=AABB const& std::forward<AABB const&>(std::remove_reference<AABB const&>::type&)
70 12
71 9
fn=AABB&& std::forward<AABB>(std::remove_reference<AABB>::type&)
70 16
71 12
fn=ConfigSettings& std::forward<ConfigSettings&>(std::remove_reference<ConfigSettings&>::type&)
70 160
71 120
fn=MaterialID&& std::forward<MaterialID>(std::remove_reference<MaterialID>::type&)
70 48
71 36
fn=Renderer::HitRecord&& std::forward<Renderer::HitRecord>(std::remove_reference<Renderer::HitRecord>::type&)
70 152996976
71 114747732
fn=Renderer::HitRecord* std::__addressof<Renderer::HitRecord>(Renderer::HitRecord&)
51 74186524
52 55639893
fn=Renderer::Intersection&& std::forward<Renderer::Intersection>(std::remove_reference<Renderer::Intersection>::type&)
70 124405552
71 93304164
fn=Renderer::Intersection* std::__addressof<Renderer::Intersection>(Renderer::Intersection&)
51 116450580
52 87337935
fn=bool (&std::forward<bool (&)(std::vector<std::basic_string_view<char, std::char_traits<char> >, std::allocator<std::basic_string_view<char, std::char_traits<char> > > > const&, ConfigSettings&)>(std::remove_reference<bool (&)(std::vector<std::basic_string_view<char, std::char_traits<char> >, std::allocator<std::basic_string_view<char, std::char_traits<char> > > > const&, ConfigSettings&)>::type&))(std::vector<std::basic_string_view<char, std::char_traits<char> >, std::allocator<std::basic_string_view<char, std::char_traits<char> > > > const&, ConfigSettings&)
70 208
71 156
fn=bool (* const&std::forward<bool (* const&)(std::vector<std::basic_string_view<char, std::char_traits<char> >, std::allocator<std::basic_string_view<char, std::char_traits<char> > > > const&, ConfigSettings&)>(std::remove_reference<bool (* const&)(std::vector<std::basic_string_view<char, std::char_traits<char> >, std::allocator<std::basic_string_view<char, std::char_traits<char> > > > const&, ConfigSettings&)>::type&))(std::vector<std::basic_string_view<char, std::char_traits<char> >, std::allocator<std::basic_string_view<char, std::char_traits<char> > > > const&, ConfigSettings&)
70 104
71 78
fn=bool (* const*std::__addressof<bool (* const)(std::vector<std::basic_string_view<char, std::char_traits<char> >, std::allocator<std::basic_string_view<char, std::char_traits<char> > > > const&, ConfigSettings&)>(bool (* const&)(std::vector<std::basic_string_view<char, std::char_traits<char> >, std::allocator<std::basic_string_view<char, std::char_traits<char> > > > const&, ConfigSettings&)))(std::vector<std::basic_string_view<char, std::char_traits<char> >, std::allocator<std::basic_string_view<char, std::char_traits<char> > > > const&, ConfigSettings&)
51 92
52 69
fn=bool (*&std::forward<bool (*&)(std::vector<std::basic_string_view<char, std::char_traits<char> >, std::allocator<std::basic_string_view<char, std::char_traits<char> > > > const&, ConfigSettings&)>(std::remove_reference<bool (*&)(std::vector<std::basic_string_view<char, std::char_traits<char> >, std::allocator<std::basic_string_view<char, std::char_traits<char> > > > const&, ConfigSettings&)>::type&))(std::vector<std::basic_string_view<char, std::char_traits<char> >, std::allocator<std::basic_string_view<char, std::char_traits<char> > > > const&, ConfigSettings&)
70 80
71 60
fn=bool&& std::forward<bool>(std::remove_reference<bool>::type&)
70 52
71 39
fn=char const (&std::forward<char const (&) [11]>(std::remove_reference<char const (&) [11]>::type&)) [11]
70 4
71 3
fn=char const (&std::forward<char const (&) [13]>(std::remove_reference<char const (&) [13]>::type&)) [13]
70 4
71 3
fn=char const (&std::forward<char const (&) [14]>(std::remove_reference<char const (&) [14]>::type&)) [14]
70 12
71 9
fn=char const (&std::forward<char const (&) [15]>(std::remove_reference<char const (&) [15]>::type&)) [15]
70 8
71 6
fn=char const (&std::forward<char const (&) [17]>(std::remove_reference<char const (&) [17]>::type&)) [17]
70 4
71 3
fn=char const (&std::forward<char const (&) [19]>(std::remove_reference<char const (&) [19]>::type&)) [19]
70 8
71 6
fn=char const (&std::forward<char const (&) [23]>(std::remove_reference<char const (&) [23]>::type&)) [23]
70 4
71 3
fn=char const (&std::forward<char const (&) [24]>(std::remove_reference<char const (&) [24]>::type&)) [24]
70 4
71 3
fn=char const (&std::forward<char const (&) [7]>(std::remove_reference<char const (&) [7]>::type&)) [7]
70 4
71 3
fn=char const* std::__addressof<char const>(char const&)
51 144
52 108
fn=char const* std::addressof<char const>(char const&)
162 180
163 180
fn=char* std::__addressof<char>(char&)
51 60
52 45
fn=char* std::addressof<char>(char&)
162 75
163 75
fn=char*& std::forward<char*&>(std::remove_reference<char*&>::type&)
70 16
71 12
fn=double const& std::forward<double const&>(std::remove_reference<double const&>::type&)
70 228
71 171
fn=double&& std::forward<double>(std::remove_reference<double>::type&)
70 16
71 12
fn=int const& std::forward<int const&>(std::remove_reference<int const&>::type&)
70 12
71 9
fn=std::__cxx11::basic_string<char, std::char_traits<char>, std::allocator<char> >&& std::forward<std::__cxx11::basic_string<char, std::char_traits<char>, std::allocator<char> > >(std::remove_reference<std::__cxx11::basic_string<char, std::char_traits<char>, std::allocator<char> > >::type&)
70 24
71 18
fn=std::__cxx11::basic_string<char, std::char_traits<char>, std::allocator<char> >* std::__addressof<std::__cxx11::basic_string<char, std::char_traits<char>, std::allocator<char> > >(std::__cxx11::basic_string<char, std::char_traits<char>, std::allocator<char> >&)
51 80
52 60
fn=std::__detail::_Hash_node<std::pair<std::basic_string_view<char, std::char_traits<char> > const, std::function<bool (std::vector<std::basic_string_view<char, std::char_traits<char> >, std::allocator<std::basic_string_view<char, std::char_traits<char> > > > const&, ConfigSettings&)> >, true>* std::__addressof<std::__detail::_Hash_node<std::pair<std::basic_string_view<char, std::char_traits<char> > const, std::function<bool (std::vector<std::basic_string_view<char, std::char_traits<char> >, std::allocator<std::basic_string_view<char, std::char_traits<char> > > > const&, ConfigSettings&)> >, true> >(std::__detail::_Hash_node<std::pair<std::basic_string_view<char, std::char_traits<char> > const, std::function<bool (std::vector<std::basic_string_view<char, std::char_traits<char> >, std::allocator<std::basic_string_view<char, std::char_traits<char> > > > const&, ConfigSettings&)> >, true>&)
51 52
52 39
fn=std::__detail::_Hash_node<std::pair<std::basic_string_view<char, std::char_traits<char> > const, std::function<bool (std::vector<std::basic_string_view<char, std::char_traits<char> >, std::allocator<std::basic_string_view<char, std::char_traits<char> > > > const&, ConfigSettings&)> >, true>* std::addressof<std::__detail::_Hash_node<std::pair<std::basic_string_view<char, std::char_traits<char> > const, std::function<bool (std::vector<std::basic_string_view<char, std::char_traits<char> >, std::allocator<std::basic_string_view<char, std::char_traits<char> > > > const&, ConfigSettings&)> >, true> >(std::__detail::_Hash_node<std::pair<std::basic_string_view<char, std::char_traits<char> > const, std::function<bool (std::vector<std::basic_string_view<char, std::char_traits<char> >, std::allocator<std::basic_string_view<char, std::char_traits<char> > > > const&, ConfigSettings&)> >, true>&)
162 65
163 65
fn=std::__detail::_Hash_node_base** std::__addressof<std::__detail::_Hash_node_base*>(std::__detail::_Hash_node_base*&)
51 4
52 3
fn=std::__detail::_Hash_node_base** std::addressof<std::__detail::_Hash_node_base*>(std::__detail::_Hash_node_base*&)
162 5
163 5
fn=std::__detail::_Node_iterator<std::pair<std::basic_string_view<char, std::char_traits<char> > const, std::function<bool (std::vector<std::basic_string_view<char, std::char_traits<char> >, std::allocator<std::basic_string_view<char, std::char_traits<char> > > > const&, ConfigSettings&)> >, false, true>& std::forward<std::__detail::_Node_iterator<std::pair<std::basic_string_view<char, std::char_traits<char> > const, std::function<bool (std::vector<std::basic_string_view<char, std::char_traits<char> >, std::allocator<std::basic_string_view<char, std::char_traits<char> > > > const&, ConfigSettings&)> >, false, true>&>(std::remove_reference<std::__detail::_Node_iterator<std::pair<std::basic_string_view<char, std::char_traits<char> > const, std::function<bool (std::vector<std::basic_string_view<char, std::char_traits<char> >, std::allocator<std::basic_string_view<char, std::char_traits<char> > > > const&, ConfigSettings&)> >, false, true>&>::type&)
70 52
71 39
fn=std::__detail::_Prime_rehash_policy* std::__addressof<std::__detail::_Prime_rehash_policy>(std::__detail::_Prime_rehash_policy&)
51 52
52 39
fn=std::allocator<std::__detail::_Hash_node<std::pair<std::basic_string_view<char, std::char_traits<char> > const, std::function<bool (std::vector<std::basic_string_view<char, std::char_traits<char> >, std::allocator<std::basic_string_view<char, std::char_traits<char> > > > const&, ConfigSettings&)> >, true> >&& std::forward<std::allocator<std::__detail::_Hash_node<std::pair<std::basic_string_view<char, std::char_traits<char> > const, std::function<bool (std::vector<std::basic_string_view<char, std::char_traits<char> >, std::allocator<std::basic_string_view<char, std::char_traits<char> > > > const&, ConfigSettings&)> >, true> > >(std::remove_reference<std::allocator<std::__detail::_Hash_node<std::pair<std::basic_string_view<char, std::char_traits<char> > const, std::function<bool (std::vector<std::basic_string_view<char, std::char_traits<char> >, std::allocator<std::basic_string_view<char, std::char_traits<char> > > > const&, ConfigSettings&)> >, true> > >::type&)
70 8
71 6
fn=std::basic_string_view<char, std::char_traits<char> > const& std::forward<std::basic_string_view<char, std::char_traits<char> > const&>(std::remove_reference<std::basic_string_view<char, std::char_traits<char> > const&>::type&)
70 512
71 384
fn=std::basic_string_view<char, std::char_traits<char> >&& std::forward<std::basic_string_view<char, std::char_traits<char> > >(std::remove_reference<std::basic_string_view<char, std::char_traits<char> > >::type&)
70 1148
71 861
fn=std::basic_string_view<char, std::char_traits<char> >* std::__addressof<std::basic_string_view<char, std::char_traits<char> > >(std::basic_string_view<char, std::char_traits<char> >&)
51 708
52 531
fn=std::enable_if<std::__and_<std::__not_<std::__is_tuple_like<double> >, std::is_move_constructible<double>, std::is_move_assignable<double> >::value, void>::type std::swap<double>(double&, double&)
213 869308074
221 482948930
222 579538716
223 579538716
224 579538716
fn=std::equal_to<std::basic_string_view<char, std::char_traits<char> > > const& std::forward<std::equal_to<std::basic_string_view<char, std::char_traits<char> > > const&>(std::remove_reference<std::equal_to<std::basic_string_view<char, std::char_traits<char> > > const&>::type&)
70 4
71 3
fn=std::function<bool (std::vector<std::basic_string_view<char, std::char_traits<char> >, std::allocator<std::basic_string_view<char, std::char_traits<char> > > > const&, ConfigSettings&)> const& std::forward<std::function<bool (std::vector<std::basic_string_view<char, std::char_traits<char> >, std::allocator<std::basic_string_view<char, std::char_traits<char> > > > const&, ConfigSettings&)> const&>(std::remove_reference<std::function<bool (std::vector<std::basic_string_view<char, std::char_traits<char> >, std::allocator<std::basic_string_view<char, std::char_traits<char> > > > const&, ConfigSettings&)> const&>::type&)
70 208
71 156
fn=std::hash<std::basic_string_view<char, std::char_traits<char> > > const& std::forward<std::hash<std::basic_string_view<char, std::char_traits<char> > > const&>(std::remove_reference<std::hash<std::basic_string_view<char, std::char_traits<char> > > const&>::type&)
70 4
71 3
fn=std::pair<std::basic_string_view<char, std::char_traits<char> > const, std::function<bool (std::vector<std::basic_string_view<char, std::char_traits<char> >, std::allocator<std::basic_string_view<char, std::char_traits<char> > > > const&, ConfigSettings&)> > const& std::forward<std::pair<std::basic_string_view<char, std::char_traits<char> > const, std::function<bool (std::vector<std::basic_string_view<char, std::char_traits<char> >, std::allocator<std::basic_string_view<char, std::char_traits<char> > > > const&, ConfigSettings&)> > const&>(std::remove_reference<std::pair<std::basic_string_view<char, std::char_traits<char> > const, std::function<bool (std::vector<std::basic_string_view<char, std::char_traits<char> >, std::allocator<std::basic_string_view<char, std::char_traits<char> > > > const&, ConfigSettings&)> > const&>::type&)
70 908
71 681
fn=std::remove_reference<AABB&>::type&& std::move<AABB&>(AABB&)
126 4
127 3
fn=std::remove_reference<MaterialID&>::type&& std::move<MaterialID&>(MaterialID&)
126 12
127 9
fn=std::remove_reference<double&>::type&& std::move<double&>(double&)
126 1159077436
127 869308077
fn=std::remove_reference<std::__cxx11::basic_string<char, std::char_traits<char>, std::allocator<char> >&>::type&& std::move<std::__cxx11::basic_string<char, std::char_traits<char>, std::allocator<char> >&>(std::__cxx11::basic_string<char, std::char_traits<char>, std::allocator<char> >&)
126 12
127 9
fn=std::remove_reference<std::allocator<char>&>::type&& std::move<std::allocator<char>&>(std::allocator<char>&)
126 32
127 24
fn=std::remove_reference<std::basic_string_view<char, std::char_traits<char> >&>::type&& std::move<std::basic_string_view<char, std::char_traits<char> >&>(std::basic_string_view<char, std::char_traits<char> >&)
126 412
127 309
fn=std::remove_reference<unsigned int&>::type&& std::move<unsigned int&>(unsigned int&)
126 4
127 3
fn=std::vector<std::basic_string_view<char, std::char_traits<char> >, std::allocator<std::basic_string_view<char, std::char_traits<char> > > > const& std::forward<std::vector<std::basic_string_view<char, std::char_traits<char> >, std::allocator<std::basic_string_view<char, std::char_traits<char> > > > const&>(std::remove_reference<std::vector<std::basic_string_view<char, std::char_traits<char> >, std::allocator<std::basic_string_view<char, std::char_traits<char> > > > const&>::type&)
70 160
71 120
fn=unsigned int&& std::forward<unsigned int>(std::remove_reference<unsigned int>::type&)
70 16
71 12
fl=/usr/include/c++/14/bits/new_allocator.h
fn=(anonymous namespace)::processLine(std::basic_string_view<char, std::char_traits<char> >, ConfigSettings&)
88 1
fn=ImageSOA::ImageSOA(unsigned long, unsigned long)
88 3
fn=decltype (::new ((void*)(0)) std::__cxx11::basic_string<char, std::char_traits<char>, std::allocator<char> >((declval<std::basic_string_view<char, std::char_traits<char> > const&>)())) std::construct_at<std::__cxx11::basic_string<char, std::char_traits<char>, std::allocator<char> >, std::basic_string_view<char, std::char_traits<char> > const&>(std::__cxx11::basic_string<char, std::char_traits<char>, std::allocator<char> >*, std::basic_string_view<char, std::char_traits<char> > const&)
88 3
fn=main
88 1
fn=std::_Hashtable<std::basic_string_view<char, std::char_traits<char> >, std::pair<std::basic_string_view<char, std::char_traits<char> > const, std::function<bool (std::vector<std::basic_string_view<char, std::char_traits<char> >, std::allocator<std::basic_string_view<char, std::char_traits<char> > > > const&, ConfigSettings&)> >, std::allocator<std::pair<std::basic_string_view<char, std::char_traits<char> > const, std::function<bool (std::vector<std::basic_string_view<char, std::char_traits<char> >, std::allocator<std::basic_string_view<char, std::char_traits<char> > > > const&, ConfigSettings&)> > >, std::__detail::_Select1st, std::equal_to<std::basic_string_view<char, std::char_traits<char> > >, std::hash<std::basic_string_view<char, std::char_traits<char> > >, std::__detail::_Mod_range_hashing, std::__detail::_Default_ranged_hash, std::__detail::_Prime_rehash_policy, std::__detail::_Hashtable_traits<true, false, true> >::_Hashtable(std::hash<std::basic_string_view<char, std::char_traits<char> > > const&, std::equal_to<std::basic_string_view<char, std::char_traits<char> > > const&, std::allocator<std::pair<std::basic_string_view<char, std::char_traits<char> > const, std::function<bool (std::vector<std::basic_string_view<char, std::char_traits<char> >, std::allocator<std::basic_string_view<char, std::char_traits<char> > > > const&, ConfigSettings&)> > > const&)
88 1
fn=std::_Vector_base<std::__cxx11::basic_string<char, std::char_traits<char>, std::allocator<char> >, std::allocator<std::__cxx11::basic_string<char, std::char_traits<char>, std::allocator<char> > > >::_Vector_impl::_Vector_impl(std::allocator<std::__cxx11::basic_string<char, std::char_traits<char>, std::allocator<char> > > const&)
92 1
fn=std::_Vector_base<unsigned char, std::allocator<unsigned char> >::_Vector_impl::_Vector_impl(std::allocator<unsigned char> const&)
92 6
fn=std::__cxx11::basic_string<char, std::char_traits<char>, std::allocator<char> >::_Alloc_hider::_Alloc_hider(char*, std::allocator<char> const&)
92 7
fn=std::__cxx11::basic_string<char, std::char_traits<char>, std::allocator<char> >::_Alloc_hider::_Alloc_hider(char*, std::allocator<char>&&)
92 5
fn=std::__cxx11::basic_string<char, std::char_traits<char>, std::allocator<char> >::basic_string()
88 2
fn=std::__detail::_Hashtable_alloc<std::allocator<std::__detail::_Hash_node<std::pair<std::basic_string_view<char, std::char_traits<char> > const, std::function<bool (std::vector<std::basic_string_view<char, std::char_traits<char> >, std::allocator<std::basic_string_view<char, std::char_traits<char> > > > const&, ConfigSettings&)> >, true> > >::_M_allocate_buckets(unsigned long)
88 1
fn=std::__detail::_Hashtable_alloc<std::allocator<std::__detail::_Hash_node<std::pair<std::basic_string_view<char, std::char_traits<char> > const, std::function<bool (std::vector<std::basic_string_view<char, std::char_traits<char> >, std::allocator<std::basic_string_view<char, std::char_traits<char> > > > const&, ConfigSettings&)> >, true> > >::_M_deallocate_buckets(std::__detail::_Hash_node_base**, unsigned long)
88 1
fn=std::__detail::_Hashtable_ebo_helper<0, std::allocator<std::__detail::_Hash_node<std::pair<std::basic_string_view<char, std::char_traits<char> > const, std::function<bool (std::vector<std::basic_string_view<char, std::char_traits<char> >, std::allocator<std::basic_string_view<char, std::char_traits<char> > > > const&, ConfigSettings&)> >, true> >, true>::_Hashtable_ebo_helper<std::allocator<std::__detail::_Hash_node<std::pair<std::basic_string_view<char, std::char_traits<char> > const, std::function<bool (std::vector<std::basic_string_view<char, std::char_traits<char> >, std::allocator<std::basic_string_view<char, std::char_traits<char> > > > const&, ConfigSettings&)> >, true> > >(std::allocator<std::__detail::_Hash_node<std::pair<std::basic_string_view<char, std::char_traits<char> > const, std::function<bool (std::vector<std::basic_string_view<char, std::char_traits<char> >, std::allocator<std::basic_string_view<char, std::char_traits<char> > > > const&, ConfigSettings&)> >, true> >&&)
92 1
fn=std::__new_allocator<AABB>::allocate(unsigned long, void const*)
126 18
134 14
151 16
152 4
233 2
fn=std::__new_allocator<AABB>::deallocate(AABB*, unsigned long)
156 14
172 20
173 4
fn=std::__new_allocator<MaterialID>::allocate(unsigned long, void const*)
126 27
134 21
151 15
152 6
233 3
fn=std::__new_allocator<MaterialID>::deallocate(MaterialID*, unsigned long)
156 21
172 18
173 6
fn=std::__new_allocator<char>::allocate(unsigned long, void const*)
126 63
134 49
151 28
152 14
233 7
fn=std::__new_allocator<char>::deallocate(char*, unsigned long)
156 49
172 35
173 14
fn=std::__new_allocator<double>::allocate(unsigned long, void const*)
126 180
134 140
151 100
152 40
233 20
fn=std::__new_allocator<double>::deallocate(double*, unsigned long)
156 140
172 120
173 40
fn=std::__new_allocator<int>::allocate(unsigned long, void const*)
126 9
134 7
151 5
152 2
233 1
fn=std::__new_allocator<int>::deallocate(int*, unsigned long)
156 7
172 6
173 2
fn=std::__new_allocator<std::__cxx11::basic_string<char, std::char_traits<char>, std::allocator<char> > >::allocate(unsigned long, void const*)
126 36
134 28
151 20
152 8
233 4
fn=std::__new_allocator<std::__cxx11::basic_string<char, std::char_traits<char>, std::allocator<char> > >::deallocate(std::__cxx11::basic_string<char, std::char_traits<char>, std::allocator<char> >*, unsigned long)
156 28
172 28
173 8
fn=std::__new_allocator<std::__detail::_Hash_node<std::pair<std::basic_string_view<char, std::char_traits<char> > const, std::function<bool (std::vector<std::basic_string_view<char, std::char_traits<char> >, std::allocator<std::basic_string_view<char, std::char_traits<char> > > > const&, ConfigSettings&)> >, true> >::allocate(unsigned long, void const*)
126 117
134 91
151 65
152 26
233 13
fn=std::__new_allocator<std::__detail::_Hash_node<std::pair<std::basic_string_view<char, std::char_traits<char> > const, std::function<bool (std::vector<std::basic_string_view<char, std::char_traits<char> >, std::allocator<std::basic_string_view<char, std::char_traits<char> > > > const&, ConfigSettings&)> >, true> >::deallocate(std::__detail::_Hash_node<std::pair<std::basic_string_view<char, std::char_traits<char> > const, std::function<bool (std::vector<std::basic_string_view<char, std::char_traits<char> >, std::allocator<std::basic_string_view<char, std::char_traits<char> > > > const&, ConfigSettings&)> >, true>*, unsigned long)
156 91
172 91
173 26
fn=std::__new_allocator<std::__detail::_Hash_node_base*>::allocate(unsigned long, void const*)
126 9
134 7
151 5
152 2
233 1
fn=std::__new_allocator<std::__detail::_Hash_node_base*>::deallocate(std::__detail::_Hash_node_base**, unsigned long)
156 7
172 6
173 2
fn=std::__new_allocator<std::basic_string_view<char, std::char_traits<char> > >::allocate(unsigned long, void const*)
126 405
134 315
151 225
152 90
233 45
fn=std::__new_allocator<std::basic_string_view<char, std::char_traits<char> > >::deallocate(std::basic_string_view<char, std::char_traits<char> >*, unsigned long)
156 315
172 315
173 90
fn=std::__new_allocator<unsigned char>::allocate(unsigned long, void const*)
126 54
134 42
151 24
152 12
233 6
fn=std::__new_allocator<unsigned char>::deallocate(unsigned char*, unsigned long)
156 42
172 30
173 12
fn=std::__new_allocator<unsigned int>::allocate(unsigned long, void const*)
126 9
134 7
151 5
152 2
233 1
fn=std::__new_allocator<unsigned int>::deallocate(unsigned int*, unsigned long)
156 7
172 6
173 2
fn=std::vector<std::__cxx11::basic_string<char, std::char_traits<char>, std::allocator<char> >, std::allocator<std::__cxx11::basic_string<char, std::char_traits<char>, std::allocator<char> > > >::_S_check_init_len(unsigned long, std::allocator<std::__cxx11::basic_string<char, std::char_traits<char>, std::allocator<char> > > const&)
92 1
fn=std::vector<unsigned char, std::allocator<unsigned char> >::_S_check_init_len(unsigned long, std::allocator<unsigned char> const&)
92 3
fn=std::vector<unsigned char, std::allocator<unsigned char> >::vector(std::vector<unsigned char, std::allocator<unsigned char> > const&)
92 3
fn=void std::_Construct<std::__cxx11::basic_string<char, std::char_traits<char>, std::allocator<char> >, char*&>(std::__cxx11::basic_string<char, std::char_traits<char>, std::allocator<char> >*, char*&)
88 4
fl=/usr/include/c++/14/bits/ptr_traits.h
fn=AABB* std::__to_address<AABB>(AABB*)
205 8
208 2
209 4
fn=MaterialID* std::__to_address<MaterialID>(MaterialID*)
205 12
208 3
209 6
fn=char const* std::__to_address<char const>(char const*)
205 76
208 19
209 38
fn=double* std::__to_address<double>(double*)
205 80
208 20
209 40
fn=int* std::__to_address<int>(int*)
205 4
208 1
209 2
fn=std::__cxx11::basic_string<char, std::char_traits<char>, std::allocator<char> >* std::__to_address<std::__cxx11::basic_string<char, std::char_traits<char>, std::allocator<char> > >(std::__cxx11::basic_string<char, std::char_traits<char>, std::allocator<char> >*)
205 12
208 3
209 6
fn=std::__detail::_Hash_node<std::pair<std::basic_string_view<char, std::char_traits<char> > const, std::function<bool (std::vector<std::basic_string_view<char, std::char_traits<char> >, std::allocator<std::basic_string_view<char, std::char_traits<char> > > > const&, ConfigSettings&)> >, true>* std::__to_address<std::__detail::_Hash_node<std::pair<std::basic_string_view<char, std::char_traits<char> > const, std::function<bool (std::vector<std::basic_string_view<char, std::char_traits<char> >, std::allocator<std::basic_string_view<char, std::char_traits<char> > > > const&, ConfigSettings&)> >, true> >(std::__detail::_Hash_node<std::pair<std::basic_string_view<char, std::char_traits<char> > const, std::function<bool (std::vector<std::basic_string_view<char, std::char_traits<char> >, std::allocator<std::basic_string_view<char, std::char_traits<char> > > > const&, ConfigSettings&)> >, true>*)
205 52
208 13
209 26
fn=std::__detail::_Hash_node_base** std::__to_address<std::__detail::_Hash_node_base*>(std::__detail::_Hash_node_base**)
205 4
208 1
209 2
fn=std::__ptr_traits_ptr_to<char const*, char const, false>::pointer_to(char const&)
134 180
135 180
fn=std::__ptr_traits_ptr_to<char*, char, false>::pointer_to(char&)
134 75
135 75
fn=std::__ptr_traits_ptr_to<std::__detail::_Hash_node<std::pair<std::basic_string_view<char, std::char_traits<char> > const, std::function<bool (std::vector<std::basic_string_view<char, std::char_traits<char> >, std::allocator<std::basic_string_view<char, std::char_traits<char> > > > const&, ConfigSettings&)> >, true>*, std::__detail::_Hash_node<std::pair<std::basic_string_view<char, std::char_traits<char> > const, std::function<bool (std::vector<std::basic_string_view<char, std::char_traits<char> >, std::allocator<std::basic_string_view<char, std::char_traits<char> > > > const&, ConfigSettings&)> >, true>, false>::pointer_to(std::__detail::_Hash_node<std::pair<std::basic_string_view<char, std::char_traits<char> > const, std::function<bool (std::vector<std::basic_string_view<char, std::char_traits<char> >, std::allocator<std::basic_string_view<char, std::char_traits<char> > > > const&, ConfigSettings&)> >, true>&)
134 65
135 65
fn=std::__ptr_traits_ptr_to<std::__detail::_Hash_node_base**, std::__detail::_Hash_node_base*, false>::pointer_to(std::__detail::_Hash_node_base*&)
134 5
135 5
fn=std::basic_string_view<char, std::char_traits<char> >* std::__to_address<std::basic_string_view<char, std::char_traits<char> > >(std::basic_string_view<char, std::char_traits<char> >*)
205 180
208 45
209 90
fn=unsigned int* std::__to_address<unsigned int>(unsigned int*)
205 4
208 1
209 2
fl=/usr/include/c++/14/bits/random.h
fn=double std::uniform_real_distribution<double>::operator()<std::mersenne_twister_engine<unsigned long, 64ul, 312ul, 156ul, 31ul, 13043109905998158313ul, 29ul, 6148914691236517205ul, 17ul, 8202884508482404352ul, 37ul, 18444473444759240704ul, 43ul, 6364136223846793005ul> >(std::mersenne_twister_engine<unsigned long, 64ul, 312ul, 156ul, 31ul, 13043109905998158313ul, 29ul, 6148914691236517205ul, 17ul, 8202884508482404352ul, 37ul, 18444473444759240704ul, 43ul, 6364136223846793005ul>&)
2001 485717760
2002 647623680
fn=double std::uniform_real_distribution<double>::operator()<std::mersenne_twister_engine<unsigned long, 64ul, 312ul, 156ul, 31ul, 13043109905998158313ul, 29ul, 6148914691236517205ul, 17ul, 8202884508482404352ul, 37ul, 18444473444759240704ul, 43ul, 6364136223846793005ul> >(std::mersenne_twister_engine<unsigned long, 64ul, 312ul, 156ul, 31ul, 13043109905998158313ul, 29ul, 6148914691236517205ul, 17ul, 8202884508482404352ul, 37ul, 18444473444759240704ul, 43ul, 6364136223846793005ul>&, std::uniform_real_distribution<double>::param_type const&)
2006 890482560
2010 404764800
2011 1538106240
2012 485717760
fn=std::__detail::_Adaptor<std::mersenne_twister_engine<unsigned long, 64ul, 312ul, 156ul, 31ul, 13043109905998158313ul, 29ul, 6148914691236517205ul, 17ul, 8202884508482404352ul, 37ul, 18444473444759240704ul, 43ul, 6364136223846793005ul>, double>::_Adaptor(std::mersenne_twister_engine<unsigned long, 64ul, 312ul, 156ul, 31ul, 13043109905998158313ul, 29ul, 6148914691236517205ul, 17ul, 8202884508482404352ul, 37ul, 18444473444759240704ul, 43ul, 6364136223846793005ul>&)
274 404764800
275 485717760
fn=std::__detail::_Adaptor<std::mersenne_twister_engine<unsigned long, 64ul, 312ul, 156ul, 31ul, 13043109905998158313ul, 29ul, 6148914691236517205ul, 17ul, 8202884508482404352ul, 37ul, 18444473444759240704ul, 43ul, 6364136223846793005ul>, double>::operator()()
291 404764800
295 323811840
296 161905920
fn=std::__detail::_Mod<unsigned long, 0ul, 1ul, 0ul, true, false>::__calc(unsigned long)
244 2496
246 1248
249 624
250 1248
fn=std::__detail::_Mod<unsigned long, 312ul, 1ul, 0ul, true, true>::__calc(unsigned long)
244 2488
246 1244
248 6842
249 622
250 1244
fn=std::mersenne_twister_engine<unsigned long, 64ul, 312ul, 156ul, 31ul, 13043109905998158313ul, 29ul, 6148914691236517205ul, 17ul, 8202884508482404352ul, 37ul, 18444473444759240704ul, 43ul, 6364136223846793005ul>::mersenne_twister_engine(unsigned long)
647 12
648 16
fn=std::mersenne_twister_engine<unsigned long, 64ul, 312ul, 156ul, 31ul, 13043109905998158313ul, 29ul, 6148914691236517205ul, 17ul, 8202884508482404352ul, 37ul, 18444473444759240704ul, 43ul, 6364136223846793005ul>::min()
672 242858880
673 242858880
fn=std::uniform_real_distribution<double>::param_type::a() const
1905 647623680
1906 647623680
fn=std::uniform_real_distribution<double>::param_type::b() const
1909 323811840
1910 323811840
fn=std::uniform_real_distribution<double>::param_type::param_type(double, double)
1898 485717760
1899 485717760
1901 161905920
1902 242858880
fn=std::uniform_real_distribution<double>::uniform_real_distribution(double, double)
1942 566670720
1943 566670720
1944 242858880
fn=unsigned long std::__detail::__mod<unsigned long, 0ul, 1ul, 0ul>(unsigned long)
255 3120
260 1872
261 1248
fn=unsigned long std::__detail::__mod<unsigned long, 312ul, 1ul, 0ul>(unsigned long)
255 3110
260 1866
261 1244
fl=/usr/include/c++/14/bits/random.tcc
fn=double std::generate_canonical<double, 53ul, std::mersenne_twister_engine<unsigned long, 64ul, 312ul, 156ul, 31ul, 13043109905998158313ul, 29ul, 6148914691236517205ul, 17ul, 8202884508482404352ul, 37ul, 18444473444759240704ul, 43ul, 6364136223846793005ul> >(std::mersenne_twister_engine<unsigned long, 64ul, 312ul, 156ul, 31ul, 13043109905998158313ul, 29ul, 6148914691236517205ul, 17ul, 8202884508482404352ul, 37ul, 18444473444759240704ul, 43ul, 6364136223846793005ul>&)
3349 728576640
3354 80952960
3357 161905920
3359 2266682880
3360 647623680
3361 404764800
3363 161905920
3364 161905920
3365 647623680
3367 1538107564
3368 323811840
3370 242858880
3371 566670720
3380 80952960
3381 485717760
fn=std::mersenne_twister_engine<unsigned long, 64ul, 312ul, 156ul, 31ul, 13043109905998158313ul, 29ul, 6148914691236517205ul, 17ul, 8202884508482404352ul, 37ul, 18444473444759240704ul, 43ul, 6364136223846793005ul>::_M_gen_rand()
397 1037860
401 259465
402 259465
404 122467480
406 283335780
407 202382700
408 404765400
409 303572291
412 121689085
414 281519525
415 201085375
416 402170750
417 301622190
420 1556790
421 778395
422 1816255
423 1686536
424 518930
425 778395
fn=std::mersenne_twister_engine<unsigned long, 64ul, 312ul, 156ul, 31ul, 13043109905998158313ul, 29ul, 6148914691236517205ul, 17ul, 8202884508482404352ul, 37ul, 18444473444759240704ul, 43ul, 6364136223846793005ul>::operator()()
453 404764800
458 323811840
459 778395
462 647623680
463 485717760
464 485717760
465 485717760
466 242858880
468 80952960
469 161905920
fn=std::mersenne_twister_engine<unsigned long, 64ul, 312ul, 156ul, 31ul, 13043109905998158313ul, 29ul, 6148914691236517205ul, 17ul, 8202884508482404352ul, 37ul, 18444473444759240704ul, 43ul, 6364136223846793005ul>::seed(unsigned long)
326 12
330 4
331 6
333 1874
335 3110
336 1866
337 2488
338 2488
339 1866
340 1866
342 4
343 6
fl=/usr/include/c++/14/bits/std_function.h
fn=bool (* const&std::_Any_data::_M_access<bool (*)(std::vector<std::basic_string_view<char, std::char_traits<char> >, std::allocator<std::basic_string_view<char, std::char_traits<char> > > > const&, ConfigSettings&)>() const)(std::vector<std::basic_string_view<char, std::char_traits<char> >, std::allocator<std::basic_string_view<char, std::char_traits<char> > > > const&, ConfigSettings&)
95 115
96 115
fn=bool (*&std::_Any_data::_M_access<bool (*)(std::vector<std::basic_string_view<char, std::char_traits<char> >, std::allocator<std::basic_string_view<char, std::char_traits<char> > > > const&, ConfigSettings&)>())(std::vector<std::basic_string_view<char, std::char_traits<char> >, std::allocator<std::basic_string_view<char, std::char_traits<char> > > > const&, ConfigSettings&)
90 130
91 130
fn=bool std::_Function_base::_Base_manager<bool (*)(std::vector<std::basic_string_view<char, std::char_traits<char> >, std::allocator<std::basic_string_view<char, std::char_traits<char> > > > const&, ConfigSettings&)>::_M_not_empty_function<bool (std::vector<std::basic_string_view<char, std::char_traits<char> >, std::allocator<std::basic_string_view<char, std::char_traits<char> > > > const&, ConfigSettings&)>(bool (*)(std::vector<std::basic_string_view<char, std::char_traits<char> >, std::allocator<std::basic_string_view<char, std::char_traits<char> > > > const&, ConfigSettings&))
225 52
226 52
fn=std::_Any_data::_M_access()
85 364
fn=std::_Any_data::_M_access() const
86 161
fn=std::_Function_base::_Base_manager<bool (*)(std::vector<std::basic_string_view<char, std::char_traits<char> >, std::allocator<std::basic_string_view<char, std::char_traits<char> > > > const&, ConfigSettings&)>::_M_destroy(std::_Any_data&, std::integral_constant<bool, true>)
166 130
168 78
169 78
fn=std::_Function_base::_Base_manager<bool (*)(std::vector<std::basic_string_view<char, std::char_traits<char> >, std::allocator<std::basic_string_view<char, std::char_traits<char> > > > const&, ConfigSettings&)>::_M_get_pointer(std::_Any_data const&)
134 115
138 92
139 69
143 46
fn=std::_Function_base::_Base_manager<bool (*)(std::vector<std::basic_string_view<char, std::char_traits<char> >, std::allocator<std::basic_string_view<char, std::char_traits<char> > > > const&, ConfigSettings&)>::_M_manager(std::_Any_data&, std::_Any_data const&, std::_Manager_operation)
180 312
183 169
198 52
199 52
200 13
203 78
204 26
206 39
207 117
fn=std::_Function_base::_Function_base()
239 312
fn=std::_Function_base::_M_empty() const
247 230
fn=std::_Function_base::~_Function_base()
241 130
243 104
244 208
245 78
fn=std::_Function_handler<bool (std::vector<std::basic_string_view<char, std::char_traits<char> >, std::allocator<std::basic_string_view<char, std::char_traits<char> > > > const&, ConfigSettings&), bool (*)(std::vector<std::basic_string_view<char, std::char_traits<char> >, std::allocator<std::basic_string_view<char, std::char_traits<char> > > > const&, ConfigSettings&)>::_M_invoke(std::_Any_data const&, std::vector<std::basic_string_view<char, std::char_traits<char> >, std::allocator<std::basic_string_view<char, std::char_traits<char> > > > const&, ConfigSettings&)
288 90
290 150
292 50
fn=std::_Function_handler<bool (std::vector<std::basic_string_view<char, std::char_traits<char> >, std::allocator<std::basic_string_view<char, std::char_traits<char> > > > const&, ConfigSettings&), bool (*)(std::vector<std::basic_string_view<char, std::char_traits<char> >, std::allocator<std::basic_string_view<char, std::char_traits<char> > > > const&, ConfigSettings&)>::_M_manager(std::_Any_data&, std::_Any_data const&, std::_Manager_operation)
267 312
270 234
282 234
284 39
285 117
fn=std::function<bool (std::vector<std::basic_string_view<char, std::char_traits<char> >, std::allocator<std::basic_string_view<char, std::char_traits<char> > > > const&, ConfigSettings&)>::function(std::function<bool (std::vector<std::basic_string_view<char, std::char_traits<char> >, std::allocator<std::basic_string_view<char, std::char_traits<char> > > > const&, ConfigSettings&)> const&)
386 91
387 117
389 65
391 104
392 52
393 52
395 65
fn=std::function<bool (std::vector<std::basic_string_view<char, std::char_traits<char> >, std::allocator<std::basic_string_view<char, std::char_traits<char> > > > const&, ConfigSettings&)>::function<bool (&)(std::vector<std::basic_string_view<char, std::char_traits<char> >, std::allocator<std::basic_string_view<char, std::char_traits<char> > > > const&, ConfigSettings&), void>(bool (&)(std::vector<std::basic_string_view<char, std::char_traits<char> >, std::allocator<std::basic_string_view<char, std::char_traits<char> > > > const&, ConfigSettings&))
435 78
437 117
447 65
449 104
451 39
452 39
454 39
fn=std::function<bool (std::vector<std::basic_string_view<char, std::char_traits<char> >, std::allocator<std::basic_string_view<char, std::char_traits<char> > > > const&, ConfigSettings&)>::operator bool() const
573 65
574 78
fn=std::function<bool (std::vector<std::basic_string_view<char, std::char_traits<char> >, std::allocator<std::basic_string_view<char, std::char_traits<char> > > > const&, ConfigSettings&)>::operator()(std::vector<std::basic_string_view<char, std::char_traits<char> >, std::allocator<std::basic_string_view<char, std::char_traits<char> > > > const&, ConfigSettings&) const
587 90
589 50
591 150
592 50
fn=std::function<bool (std::vector<std::basic_string_view<char, std::char_traits<char> >, std::allocator<std::basic_string_view<char, std::char_traits<char> > > > const&, ConfigSettings&)>::~function()
334 286
fn=void std::_Function_base::_Base_manager<bool (*)(std::vector<std::basic_string_view<char, std::char_traits<char> >, std::allocator<std::basic_string_view<char, std::char_traits<char> > > > const&, ConfigSettings&)>::_M_create<bool (&)(std::vector<std::basic_string_view<char, std::char_traits<char> >, std::allocator<std::basic_string_view<char, std::char_traits<char> > > > const&, ConfigSettings&)>(std::_Any_data&, bool (&)(std::vector<std::basic_string_view<char, std::char_traits<char> >, std::allocator<std::basic_string_view<char, std::char_traits<char> > > > const&, ConfigSettings&), std::integral_constant<bool, true>)
150 91
152 143
153 52
fn=void std::_Function_base::_Base_manager<bool (*)(std::vector<std::basic_string_view<char, std::char_traits<char> >, std::allocator<std::basic_string_view<char, std::char_traits<char> > > > const&, ConfigSettings&)>::_M_create<bool (* const&)(std::vector<std::basic_string_view<char, std::char_traits<char> >, std::allocator<std::basic_string_view<char, std::char_traits<char> > > > const&, ConfigSettings&)>(std::_Any_data&, bool (* const&)(std::vector<std::basic_string_view<char, std::char_traits<char> >, std::allocator<std::basic_string_view<char, std::char_traits<char> > > > const&, ConfigSettings&), std::integral_constant<bool, true>)
150 91
152 156
153 52
fn=void std::_Function_base::_Base_manager<bool (*)(std::vector<std::basic_string_view<char, std::char_traits<char> >, std::allocator<std::basic_string_view<char, std::char_traits<char> > > > const&, ConfigSettings&)>::_M_init_functor<bool (&)(std::vector<std::basic_string_view<char, std::char_traits<char> >, std::allocator<std::basic_string_view<char, std::char_traits<char> > > > const&, ConfigSettings&)>(std::_Any_data&, bool (&)(std::vector<std::basic_string_view<char, std::char_traits<char> >, std::allocator<std::basic_string_view<char, std::char_traits<char> > > > const&, ConfigSettings&))
211 78
215 104
216 39
fn=void std::_Function_base::_Base_manager<bool (*)(std::vector<std::basic_string_view<char, std::char_traits<char> >, std::allocator<std::basic_string_view<char, std::char_traits<char> > > > const&, ConfigSettings&)>::_M_init_functor<bool (* const&)(std::vector<std::basic_string_view<char, std::char_traits<char> >, std::allocator<std::basic_string_view<char, std::char_traits<char> > > > const&, ConfigSettings&)>(std::_Any_data&, bool (* const&)(std::vector<std::basic_string_view<char, std::char_traits<char> >, std::allocator<std::basic_string_view<char, std::char_traits<char> > > > const&, ConfigSettings&))
211 78
215 104
216 39
fl=/usr/include/c++/14/bits/stl_algo.h
fn=double const& std::clamp<double>(double const&, double const&, double const&)
3623 3780000
3625 1080000
3626 5400000
3627 1080000
fl=/usr/include/c++/14/bits/stl_algobase.h
fn=AABB* std::__niter_base<AABB*>(AABB*)
316 24
318 18
fn=MaterialID* std::__niter_base<MaterialID*>(MaterialID*)
316 36
318 27
fn=__gnu_cxx::__enable_if<std::__is_byte<unsigned char>::__value, void>::__type std::__fill_a1<unsigned char>(unsigned char*, unsigned char*, unsigned char const&)
960 21
962 9
964 9
971 15
972 18
973 6
fn=double const& std::max<double>(double const&, double const&)
257 2700015
262 3240018
263 4
264 540001
265 1080006
fn=double const& std::min<double>(double const&, double const&)
233 2700015
238 3240018
239 2
240 540002
241 1080006
fn=double* std::__niter_base<double*>(double*)
316 240
318 180
fn=int* std::__niter_base<int*>(int*)
316 12
318 9
fn=std::__cxx11::basic_string<char, std::char_traits<char>, std::allocator<char> >* std::__niter_base<std::__cxx11::basic_string<char, std::char_traits<char>, std::allocator<char> >*>(std::__cxx11::basic_string<char, std::char_traits<char>, std::allocator<char> >*)
316 36
318 27
fn=std::__size_to_integer(unsigned long)
1040 21
fn=std::basic_string_view<char, std::char_traits<char> >* std::__niter_base<std::basic_string_view<char, std::char_traits<char> >*>(std::basic_string_view<char, std::char_traits<char> >*)
316 540
318 405
fn=unsigned char* std::__copy_move<false, true, std::random_access_iterator_tag>::__copy_m<unsigned char const, unsigned char>(unsigned char const*, unsigned char const*, unsigned char*)
448 21
450 9
451 15
452 21
456 9
457 6
fn=unsigned char* std::__copy_move_a1<false, unsigned char const*, unsigned char*>(unsigned char const*, unsigned char const*, unsigned char*)
547 21
548 24
fn=unsigned char* std::__copy_move_a2<false, unsigned char const*, unsigned char*>(unsigned char const*, unsigned char const*, unsigned char*)
512 21
516 9
521 21
522 6
fn=unsigned char* std::__copy_move_a<false, __gnu_cxx::__normal_iterator<unsigned char const*, std::vector<unsigned char, std::allocator<unsigned char> > >, unsigned char*>(__gnu_cxx::__normal_iterator<unsigned char const*, std::vector<unsigned char, std::allocator<unsigned char> > >, __gnu_cxx::__normal_iterator<unsigned char const*, std::vector<unsigned char, std::allocator<unsigned char> > >, unsigned char*)
553 27
555 60
559 15
fn=unsigned char* std::__fill_n_a<unsigned char*, unsigned long, unsigned char>(unsigned char*, unsigned long, unsigned char const&, std::random_access_iterator_tag)
1140 21
1146 6
1151 24
1152 9
1153 6
fn=unsigned char* std::__niter_base<unsigned char*>(unsigned char*)
316 12
318 9
fn=unsigned char* std::__niter_wrap<unsigned char*>(unsigned char* const&, unsigned char*)
353 15
354 9
fn=unsigned char* std::copy<__gnu_cxx::__normal_iterator<unsigned char const*, std::vector<unsigned char, std::allocator<unsigned char> > >, unsigned char*>(__gnu_cxx::__normal_iterator<unsigned char const*, std::vector<unsigned char, std::allocator<unsigned char> > >, __gnu_cxx::__normal_iterator<unsigned char const*, std::vector<unsigned char, std::allocator<unsigned char> > >, unsigned char*)
642 24
651 39
652 9
fn=unsigned char* std::fill_n<unsigned char*, unsigned long, unsigned char>(unsigned char*, unsigned long, unsigned char const&)
1175 21
1180 27
1182 6
fn=unsigned int* std::__niter_base<unsigned int*>(unsigned int*)
316 12
318 9
fn=unsigned long const& std::max<unsigned long>(unsigned long const&, unsigned long const&)
257 404765175
262 485718210
263 82
264 80952994
265 161906070
fn=unsigned long const& std::min<unsigned long>(unsigned long const&, unsigned long const&)
233 1120
238 1344
240 224
241 448
fn=void std::__fill_a<unsigned char*, unsigned char>(unsigned char*, unsigned char*, unsigned char const&)
997 21
998 27
fl=/usr/include/c++/14/bits/stl_construct.h
fn=decltype (::new ((void*)(0)) AABB((declval<AABB const&>)())) std::construct_at<AABB, AABB const&>(AABB*, AABB const&)
94 7
97 24
fn=decltype (::new ((void*)(0)) AABB((declval<AABB>)())) std::construct_at<AABB, AABB>(AABB*, AABB&&)
94 7
97 24
fn=decltype (::new ((void*)(0)) MaterialID((declval<MaterialID>)())) std::construct_at<MaterialID, MaterialID>(MaterialID*, MaterialID&&)
94 21
97 42
fn=decltype (::new ((void*)(0)) double((declval<double const&>)())) std::construct_at<double, double const&>(double*, double const&)
94 133
97 266
fn=decltype (::new ((void*)(0)) double((declval<double>)())) std::construct_at<double, double>(double*, double&&)
94 7
97 14
fn=decltype (::new ((void*)(0)) int((declval<int const&>)())) std::construct_at<int, int const&>(int*, int const&)
94 7
97 14
fn=decltype (::new ((void*)(0)) std::__cxx11::basic_string<char, std::char_traits<char>, std::allocator<char> >((declval<std::__cxx11::basic_string<char, std::char_traits<char>, std::allocator<char> > >)())) std::construct_at<std::__cxx11::basic_string<char, std::char_traits<char>, std::allocator<char> >, std::__cxx11::basic_string<char, std::char_traits<char>, std::allocator<char> > >(std::__cxx11::basic_string<char, std::char_traits<char>, std::allocator<char> >*, std::__cxx11::basic_string<char, std::char_traits<char>, std::allocator<char> >&&)
94 21
97 45
fn=decltype (::new ((void*)(0)) std::__cxx11::basic_string<char, std::char_traits<char>, std::allocator<char> >((declval<std::basic_string_view<char, std::char_traits<char> > const&>)())) std::construct_at<std::__cxx11::basic_string<char, std::char_traits<char>, std::allocator<char> >, std::basic_string_view<char, std::char_traits<char> > const&>(std::__cxx11::basic_string<char, std::char_traits<char>, std::allocator<char> >*, std::basic_string_view<char, std::char_traits<char> > const&)
94 39
97 84
fn=decltype (::new ((void*)(0)) std::basic_string_view<char, std::char_traits<char> >((declval<std::basic_string_view<char, std::char_traits<char> > >)())) std::construct_at<std::basic_string_view<char, std::char_traits<char> >, std::basic_string_view<char, std::char_traits<char> > >(std::basic_string_view<char, std::char_traits<char> >*, std::basic_string_view<char, std::char_traits<char> >&&)
94 721
97 1648
fn=decltype (::new ((void*)(0)) std::basic_string_view<char, std::char_traits<char> >((declval<std::basic_string_view<char, std::char_traits<char> > const&>)())) std::construct_at<std::basic_string_view<char, std::char_traits<char> >, std::basic_string_view<char, std::char_traits<char> > const&>(std::basic_string_view<char, std::char_traits<char> >*, std::basic_string_view<char, std::char_traits<char> > const&)
94 105
97 240
fn=decltype (::new ((void*)(0)) std::pair<std::basic_string_view<char, std::char_traits<char> > const, std::function<bool (std::vector<std::basic_string_view<char, std::char_traits<char> >, std::allocator<std::basic_string_view<char, std::char_traits<char> > > > const&, ConfigSettings&)> >((declval<std::basic_string_view<char, std::char_traits<char> > const&>)(), (declval<std::function<bool (std::vector<std::basic_string_view<char, std::char_traits<char> >, std::allocator<std::basic_string_view<char, std::char_traits<char> > > > const&, ConfigSettings&)> const&>)())) std::construct_at<std::pair<std::basic_string_view<char, std::char_traits<char> > const, std::function<bool (std::vector<std::basic_string_view<char, std::char_traits<char> >, std::allocator<std::basic_string_view<char, std::char_traits<char> > > > const&, ConfigSettings&)> >, std::basic_string_view<char, std::char_traits<char> > const&, std::function<bool (std::vector<std::basic_string_view<char, std::char_traits<char> >, std::allocator<std::basic_string_view<char, std::char_traits<char> > > > const&, ConfigSettings&)> const&>(std::pair<std::basic_string_view<char, std::char_traits<char> > const, std::function<bool (std::vector<std::basic_string_view<char, std::char_traits<char> >, std::allocator<std::basic_string_view<char, std::char_traits<char> > > > const&, ConfigSettings&)> >*, std::basic_string_view<char, std::char_traits<char> > const&, std::function<bool (std::vector<std::basic_string_view<char, std::char_traits<char> >, std::allocator<std::basic_string_view<char, std::char_traits<char> > > > const&, ConfigSettings&)> const&)
94 143
97 338
fn=decltype (::new ((void*)(0)) unsigned int((declval<unsigned int>)())) std::construct_at<unsigned int, unsigned int>(unsigned int*, unsigned int&&)
94 7
97 14
fn=void std::_Construct<Renderer::Intersection, Renderer::Intersection>(Renderer::Intersection*, Renderer::Intersection&&)
109 47074531
112 13449866
119 147948526
120 20174799
fn=void std::_Construct<std::__cxx11::basic_string<char, std::char_traits<char>, std::allocator<char> >, char*&>(std::__cxx11::basic_string<char, std::char_traits<char>, std::allocator<char> >*, char*&)
109 52
112 8
119 64
120 40
fn=void std::_Destroy<AABB*>(AABB*, AABB*)
182 12
192 4
196 10
197 4
fn=void std::_Destroy<MaterialID*>(MaterialID*, MaterialID*)
182 6
192 2
196 5
197 2
fn=void std::_Destroy<double*>(double*, double*)
182 120
192 40
196 100
197 40
fn=void std::_Destroy<int*>(int*, int*)
182 6
192 2
196 5
197 2
fn=void std::_Destroy<std::__cxx11::basic_string<char, std::char_traits<char>, std::allocator<char> > >(std::__cxx11::basic_string<char, std::char_traits<char>, std::allocator<char> >*)
146 35
149 21
153 21
fn=void std::_Destroy<std::__cxx11::basic_string<char, std::char_traits<char>, std::allocator<char> >*>(std::__cxx11::basic_string<char, std::char_traits<char>, std::allocator<char> >*, std::__cxx11::basic_string<char, std::char_traits<char>, std::allocator<char> >*)
182 12
192 4
196 10
197 4
fn=void std::_Destroy<std::basic_string_view<char, std::char_traits<char> >*>(std::basic_string_view<char, std::char_traits<char> >*, std::basic_string_view<char, std::char_traits<char> >*)
182 90
192 30
196 75
197 30
fn=void std::_Destroy<unsigned char*>(unsigned char*, unsigned char*)
182 36
192 12
196 30
197 12
fn=void std::_Destroy<unsigned int*>(unsigned int*, unsigned int*)
182 6
192 2
196 5
197 2
fn=void std::_Destroy_aux<false>::__destroy<std::__cxx11::basic_string<char, std::char_traits<char>, std::allocator<char> >*>(std::__cxx11::basic_string<char, std::char_traits<char>, std::allocator<char> >*, std::__cxx11::basic_string<char, std::char_traits<char>, std::allocator<char> >*)
160 12
162 36
163 35
164 8
fn=void std::_Destroy_aux<true>::__destroy<AABB*>(AABB*, AABB*)
172 16
fn=void std::_Destroy_aux<true>::__destroy<MaterialID*>(MaterialID*, MaterialID*)
172 8
fn=void std::_Destroy_aux<true>::__destroy<double*>(double*, double*)
172 160
fn=void std::_Destroy_aux<true>::__destroy<int*>(int*, int*)
172 8
fn=void std::_Destroy_aux<true>::__destroy<std::basic_string_view<char, std::char_traits<char> >*>(std::basic_string_view<char, std::char_traits<char> >*, std::basic_string_view<char, std::char_traits<char> >*)
172 120
fn=void std::_Destroy_aux<true>::__destroy<unsigned char*>(unsigned char*, unsigned char*)
172 48
fn=void std::_Destroy_aux<true>::__destroy<unsigned int*>(unsigned int*, unsigned int*)
172 8
fn=void std::destroy_at<std::__cxx11::basic_string<char, std::char_traits<char>, std::allocator<char> > >(std::__cxx11::basic_string<char, std::char_traits<char>, std::allocator<char> >*)
80 50
88 30
89 30
fn=void std::destroy_at<std::basic_string_view<char, std::char_traits<char> > >(std::basic_string_view<char, std::char_traits<char> >*)
80 236
89 177
fn=void std::destroy_at<std::pair<std::basic_string_view<char, std::char_traits<char> > const, std::function<bool (std::vector<std::basic_string_view<char, std::char_traits<char> >, std::allocator<std::basic_string_view<char, std::char_traits<char> > > > const&, ConfigSettings&)> > >(std::pair<std::basic_string_view<char, std::char_traits<char> > const, std::function<bool (std::vector<std::basic_string_view<char, std::char_traits<char> >, std::allocator<std::basic_string_view<char, std::char_traits<char> > > > const&, ConfigSettings&)> >*)
80 65
88 39
89 39
fl=/usr/include/c++/14/bits/stl_function.h
fn=std::equal_to<std::basic_string_view<char, std::char_traits<char> > >::operator()(std::basic_string_view<char, std::char_traits<char> > const&, std::basic_string_view<char, std::char_traits<char> > const&) const
374 1043
375 1639
fl=/usr/include/c++/14/bits/stl_iterator.h
fn=__gnu_cxx::__normal_iterator<AABB*, std::vector<AABB, std::allocator<AABB> > >::__normal_iterator(AABB* const&)
1067 30
1068 42
fn=__gnu_cxx::__normal_iterator<AABB*, std::vector<AABB, std::allocator<AABB> > >::base() const
1153 16
1154 12
fn=__gnu_cxx::__normal_iterator<AABB*, std::vector<AABB, std::allocator<AABB> > >::difference_type __gnu_cxx::operator-<AABB*, std::vector<AABB, std::allocator<AABB> > >(__gnu_cxx::__normal_iterator<AABB*, std::vector<AABB, std::allocator<AABB> > > const&, __gnu_cxx::__normal_iterator<AABB*, std::vector<AABB, std::allocator<AABB> > > const&)
1325 14
1328 32
fn=__gnu_cxx::__normal_iterator<AABB*, std::vector<AABB, std::allocator<AABB> > >::operator*() const
1090 4
1091 4
fn=__gnu_cxx::__normal_iterator<AABB*, std::vector<AABB, std::allocator<AABB> > >::operator-(long) const
1148 9
1149 21
fn=__gnu_cxx::__normal_iterator<MaterialID*, std::vector<MaterialID, std::allocator<MaterialID> > >::__normal_iterator(MaterialID* const&)
1067 60
1068 84
fn=__gnu_cxx::__normal_iterator<MaterialID*, std::vector<MaterialID, std::allocator<MaterialID> > >::base() const
1153 24
1154 18
fn=__gnu_cxx::__normal_iterator<MaterialID*, std::vector<MaterialID, std::allocator<MaterialID> > >::difference_type __gnu_cxx::operator-<MaterialID*, std::vector<MaterialID, std::allocator<MaterialID> > >(__gnu_cxx::__normal_iterator<MaterialID*, std::vector<MaterialID, std::allocator<MaterialID> > > const&, __gnu_cxx::__normal_iterator<MaterialID*, std::vector<MaterialID, std::allocator<MaterialID> > > const&)
1325 21
1328 45
fn=__gnu_cxx::__normal_iterator<MaterialID*, std::vector<MaterialID, std::allocator<MaterialID> > >::operator*() const
1090 12
1091 12
fn=__gnu_cxx::__normal_iterator<MaterialID*, std::vector<MaterialID, std::allocator<MaterialID> > >::operator-(long) const
1148 27
1149 54
fn=__gnu_cxx::__normal_iterator<double*, std::vector<double, std::allocator<double> > >::__normal_iterator(double* const&)
1067 210
1068 294
fn=__gnu_cxx::__normal_iterator<double*, std::vector<double, std::allocator<double> > >::base() const
1153 160
1154 120
fn=__gnu_cxx::__normal_iterator<double*, std::vector<double, std::allocator<double> > >::difference_type __gnu_cxx::operator-<double*, std::vector<double, std::allocator<double> > >(__gnu_cxx::__normal_iterator<double*, std::vector<double, std::allocator<double> > > const&, __gnu_cxx::__normal_iterator<double*, std::vector<double, std::allocator<double> > > const&)
1325 140
1328 300
fn=__gnu_cxx::__normal_iterator<double*, std::vector<double, std::allocator<double> > >::operator*() const
1090 4
1091 4
fn=__gnu_cxx::__normal_iterator<double*, std::vector<double, std::allocator<double> > >::operator-(long) const
1148 9
1149 18
fn=__gnu_cxx::__normal_iterator<int*, std::vector<int, std::allocator<int> > >::__normal_iterator(int* const&)
1067 10
1068 14
fn=__gnu_cxx::__normal_iterator<int*, std::vector<int, std::allocator<int> > >::base() const
1153 8
1154 6
fn=__gnu_cxx::__normal_iterator<int*, std::vector<int, std::allocator<int> > >::difference_type __gnu_cxx::operator-<int*, std::vector<int, std::allocator<int> > >(__gnu_cxx::__normal_iterator<int*, std::vector<int, std::allocator<int> > > const&, __gnu_cxx::__normal_iterator<int*, std::vector<int, std::allocator<int> > > const&)
1325 7
1328 15
fn=__gnu_cxx::__normal_iterator<std::__cxx11::basic_string<char, std::char_traits<char>, std::allocator<char> >*, std::vector<std::__cxx11::basic_string<char, std::char_traits<char>, std::allocator<char> >, std::allocator<std::__cxx11::basic_string<char, std::char_traits<char>, std::allocator<char> > > > >::__normal_iterator(std::__cxx11::basic_string<char, std::char_traits<char>, std::allocator<char> >* const&)
1067 60
1068 84
fn=__gnu_cxx::__normal_iterator<std::__cxx11::basic_string<char, std::char_traits<char>, std::allocator<char> >*, std::vector<std::__cxx11::basic_string<char, std::char_traits<char>, std::allocator<char> >, std::allocator<std::__cxx11::basic_string<char, std::char_traits<char>, std::allocator<char> > > > >::base() const
1153 24
1154 18
fn=__gnu_cxx::__normal_iterator<std::__cxx11::basic_string<char, std::char_traits<char>, std::allocator<char> >*, std::vector<std::__cxx11::basic_string<char, std::char_traits<char>, std::allocator<char> >, std::allocator<std::__cxx11::basic_string<char, std::char_traits<char>, std::allocator<char> > > > >::difference_type __gnu_cxx::operator-<std::__cxx11::basic_string<char, std::char_traits<char>, std::allocator<char> >*, std::vector<std::__cxx11::basic_string<char, std::char_traits<char>, std::allocator<char> >, std::allocator<std::__cxx11::basic_string<char, std::char_traits<char>, std::allocator<char> > > > >(__gnu_cxx::__normal_iterator<std::__cxx11::basic_string<char, std::char_traits<char>, std::allocator<char> >*, std::vector<std::__cxx11::basic_string<char, std::char_traits<char>, std::allocator<char> >, std::allocator<std::__cxx11::basic_string<char, std::char_traits<char>, std::allocator<char> > > > > const&, __gnu_cxx::__normal_iterator<std::__cxx11::basic_string<char, std::char_traits<char>, std::allocator<char> >*, std::vector<std::__cxx11::basic_string<char, std::char_traits<char>, std::allocator<char> >, std::allocator<std::__cxx11::basic_string<char, std::char_traits<char>, std::allocator<char> > > > > const&)
1325 21
1328 45
fn=__gnu_cxx::__normal_iterator<std::__cxx11::basic_string<char, std::char_traits<char>, std::allocator<char> >*, std::vector<std::__cxx11::basic_string<char, std::char_traits<char>, std::allocator<char> >, std::allocator<std::__cxx11::basic_string<char, std::char_traits<char>, std::allocator<char> > > > >::operator*() const
1090 12
1091 12
fn=__gnu_cxx::__normal_iterator<std::__cxx11::basic_string<char, std::char_traits<char>, std::allocator<char> >*, std::vector<std::__cxx11::basic_string<char, std::char_traits<char>, std::allocator<char> >, std::allocator<std::__cxx11::basic_string<char, std::char_traits<char>, std::allocator<char> > > > >::operator-(long) const
1148 27
1149 54
fn=__gnu_cxx::__normal_iterator<std::basic_string_view<char, std::char_traits<char> > const*, std::vector<std::basic_string_view<char, std::char_traits<char> >, std::allocator<std::basic_string_view<char, std::char_traits<char> > > > >::__normal_iterator(std::basic_string_view<char, std::char_traits<char> > const* const&)
1067 150
1068 210
fn=__gnu_cxx::__normal_iterator<std::basic_string_view<char, std::char_traits<char> > const*, std::vector<std::basic_string_view<char, std::char_traits<char> >, std::allocator<std::basic_string_view<char, std::char_traits<char> > > > >::base() const
1153 120
1154 90
fn=__gnu_cxx::__normal_iterator<std::basic_string_view<char, std::char_traits<char> >*, std::vector<std::basic_string_view<char, std::char_traits<char> >, std::allocator<std::basic_string_view<char, std::char_traits<char> > > > >::__normal_iterator(std::basic_string_view<char, std::char_traits<char> >* const&)
1067 890
1068 1246
fn=__gnu_cxx::__normal_iterator<std::basic_string_view<char, std::char_traits<char> >*, std::vector<std::basic_string_view<char, std::char_traits<char> >, std::allocator<std::basic_string_view<char, std::char_traits<char> > > > >::base() const
1153 360
1154 270
fn=__gnu_cxx::__normal_iterator<std::basic_string_view<char, std::char_traits<char> >*, std::vector<std::basic_string_view<char, std::char_traits<char> >, std::allocator<std::basic_string_view<char, std::char_traits<char> > > > >::difference_type __gnu_cxx::operator-<std::basic_string_view<char, std::char_traits<char> >*, std::vector<std::basic_string_view<char, std::char_traits<char> >, std::allocator<std::basic_string_view<char, std::char_traits<char> > > > >(__gnu_cxx::__normal_iterator<std::basic_string_view<char, std::char_traits<char> >*, std::vector<std::basic_string_view<char, std::char_traits<char> >, std::allocator<std::basic_string_view<char, std::char_traits<char> > > > > const&, __gnu_cxx::__normal_iterator<std::basic_string_view<char, std::char_traits<char> >*, std::vector<std::basic_string_view<char, std::char_traits<char> >, std::allocator<std::basic_string_view<char, std::char_traits<char> > > > > const&)
1325 315
1328 675
fn=__gnu_cxx::__normal_iterator<std::basic_string_view<char, std::char_traits<char> >*, std::vector<std::basic_string_view<char, std::char_traits<char> >, std::allocator<std::basic_string_view<char, std::char_traits<char> > > > >::operator*() const
1090 176
1091 176
fn=__gnu_cxx::__normal_iterator<std::basic_string_view<char, std::char_traits<char> >*, std::vector<std::basic_string_view<char, std::char_traits<char> >, std::allocator<std::basic_string_view<char, std::char_traits<char> > > > >::operator-(long) const
1148 396
1149 792
fn=__gnu_cxx::__normal_iterator<unsigned char const*, std::vector<unsigned char, std::allocator<unsigned char> > >::__normal_iterator(unsigned char const* const&)
1067 30
1068 42
fn=__gnu_cxx::__normal_iterator<unsigned char const*, std::vector<unsigned char, std::allocator<unsigned char> > >::base() const
1153 24
1154 18
fn=__gnu_cxx::__normal_iterator<unsigned int*, std::vector<unsigned int, std::allocator<unsigned int> > >::__normal_iterator(unsigned int* const&)
1067 20
1068 28
fn=__gnu_cxx::__normal_iterator<unsigned int*, std::vector<unsigned int, std::allocator<unsigned int> > >::base() const
1153 8
1154 6
fn=__gnu_cxx::__normal_iterator<unsigned int*, std::vector<unsigned int, std::allocator<unsigned int> > >::difference_type __gnu_cxx::operator-<unsigned int*, std::vector<unsigned int, std::allocator<unsigned int> > >(__gnu_cxx::__normal_iterator<unsigned int*, std::vector<unsigned int, std::allocator<unsigned int> > > const&, __gnu_cxx::__normal_iterator<unsigned int*, std::vector<unsigned int, std::allocator<unsigned int> > > const&)
1325 7
1328 15
fn=__gnu_cxx::__normal_iterator<unsigned int*, std::vector<unsigned int, std::allocator<unsigned int> > >::operator*() const
1090 4
1091 4
fn=__gnu_cxx::__normal_iterator<unsigned int*, std::vector<unsigned int, std::allocator<unsigned int> > >::operator-(long) const
1148 9
1149 18
fn=bool __gnu_cxx::operator==<std::basic_string_view<char, std::char_traits<char> > const*, std::vector<std::basic_string_view<char, std::char_traits<char> >, std::allocator<std::basic_string_view<char, std::char_traits<char> > > > >(__gnu_cxx::__normal_iterator<std::basic_string_view<char, std::char_traits<char> > const*, std::vector<std::basic_string_view<char, std::char_traits<char> >, std::allocator<std::basic_string_view<char, std::char_traits<char> > > > > const&, __gnu_cxx::__normal_iterator<std::basic_string_view<char, std::char_traits<char> > const*, std::vector<std::basic_string_view<char, std::char_traits<char> >, std::allocator<std::basic_string_view<char, std::char_traits<char> > > > > const&)
1188 105
1194 195
fn=unsigned char const* std::__niter_base<unsigned char const*, std::vector<unsigned char, std::allocator<unsigned char> > >(__gnu_cxx::__normal_iterator<unsigned char const*, std::vector<unsigned char, std::allocator<unsigned char> > >)
1348 30
1350 36
fl=/usr/include/c++/14/bits/stl_iterator_base_funcs.h
fn=void std::__cxx11::basic_string<char, std::char_traits<char>, std::allocator<char> >::_M_construct<char const*>(char const*, char const*, std::forward_iterator_tag)
106 14
151 28
152 7
fn=void std::vector<std::__cxx11::basic_string<char, std::char_traits<char>, std::allocator<char> >, std::allocator<std::__cxx11::basic_string<char, std::char_traits<char>, std::allocator<char> > > >::_M_range_initialize<char**>(char**, char**, std::forward_iterator_tag)
106 3
151 4
152 1
fl=/usr/include/c++/14/bits/stl_iterator_base_types.h
fn=std::vector<std::__cxx11::basic_string<char, std::char_traits<char>, std::allocator<char> >, std::allocator<std::__cxx11::basic_string<char, std::char_traits<char>, std::allocator<char> > > >::vector<char**, void>(char**, char**, std::allocator<std::__cxx11::basic_string<char, std::char_traits<char>, std::allocator<char> > > const&)
240 1
fn=unsigned char* std::fill_n<unsigned char*, unsigned long, unsigned char>(unsigned char*, unsigned long, unsigned char const&)
240 3
fn=void std::__cxx11::basic_string<char, std::char_traits<char>, std::allocator<char> >::_M_construct<char const*>(char const*, char const*, std::forward_iterator_tag)
240 7
fn=void std::vector<std::__cxx11::basic_string<char, std::char_traits<char>, std::allocator<char> >, std::allocator<std::__cxx11::basic_string<char, std::char_traits<char>, std::allocator<char> > > >::_M_range_initialize<char**>(char**, char**, std::forward_iterator_tag)
240 1
fl=/usr/include/c++/14/bits/stl_pair.h
fn=std::pair<std::__detail::_Node_iterator<std::pair<std::basic_string_view<char, std::char_traits<char> > const, std::function<bool (std::vector<std::basic_string_view<char, std::char_traits<char> >, std::allocator<std::basic_string_view<char, std::char_traits<char> > > > const&, ConfigSettings&)> >, false, true>, bool>::pair<std::__detail::_Node_iterator<std::pair<std::basic_string_view<char, std::char_traits<char> > const, std::function<bool (std::vector<std::basic_string_view<char, std::char_traits<char> >, std::allocator<std::basic_string_view<char, std::char_traits<char> > > > const&, ConfigSettings&)> >, false, true>&, bool>(std::__detail::_Node_iterator<std::pair<std::basic_string_view<char, std::char_traits<char> > const, std::function<bool (std::vector<std::basic_string_view<char, std::char_traits<char> >, std::allocator<std::basic_string_view<char, std::char_traits<char> > > > const&, ConfigSettings&)> >, false, true>&, bool&&)
442 91
444 156
445 39
fn=std::pair<std::basic_string_view<char, std::char_traits<char> > const, std::function<bool (std::vector<std::basic_string_view<char, std::char_traits<char> >, std::allocator<std::basic_string_view<char, std::char_traits<char> > > > const&, ConfigSettings&)> >::pair(std::basic_string_view<char, std::char_traits<char> > const&, std::function<bool (std::vector<std::basic_string_view<char, std::char_traits<char> >, std::allocator<std::basic_string_view<char, std::char_traits<char> > > > const&, ConfigSettings&)> const&)
428 91
431 156
432 39
fn=std::pair<std::basic_string_view<char, std::char_traits<char> > const, std::function<bool (std::vector<std::basic_string_view<char, std::char_traits<char> >, std::allocator<std::basic_string_view<char, std::char_traits<char> > > > const&, ConfigSettings&)> >::pair<char const (&) [11], bool (&)(std::vector<std::basic_string_view<char, std::char_traits<char> >, std::allocator<std::basic_string_view<char, std::char_traits<char> > > > const&, ConfigSettings&)>(char const (&) [11], bool (&)(std::vector<std::basic_string_view<char, std::char_traits<char> >, std::allocator<std::basic_string_view<char, std::char_traits<char> > > > const&, ConfigSettings&))
442 8
444 15
445 4
fn=std::pair<std::basic_string_view<char, std::char_traits<char> > const, std::function<bool (std::vector<std::basic_string_view<char, std::char_traits<char> >, std::allocator<std::basic_string_view<char, std::char_traits<char> > > > const&, ConfigSettings&)> >::pair<char const (&) [13], bool (&)(std::vector<std::basic_string_view<char, std::char_traits<char> >, std::allocator<std::basic_string_view<char, std::char_traits<char> > > > const&, ConfigSettings&)>(char const (&) [13], bool (&)(std::vector<std::basic_string_view<char, std::char_traits<char> >, std::allocator<std::basic_string_view<char, std::char_traits<char> > > > const&, ConfigSettings&))
442 8
444 15
445 4
fn=std::pair<std::basic_string_view<char, std::char_traits<char> > const, std::function<bool (std::vector<std::basic_string_view<char, std::char_traits<char> >, std::allocator<std::basic_string_view<char, std::char_traits<char> > > > const&, ConfigSettings&)> >::pair<char const (&) [14], bool (&)(std::vector<std::basic_string_view<char, std::char_traits<char> >, std::allocator<std::basic_string_view<char, std::char_traits<char> > > > const&, ConfigSettings&)>(char const (&) [14], bool (&)(std::vector<std::basic_string_view<char, std::char_traits<char> >, std::allocator<std::basic_string_view<char, std::char_traits<char> > > > const&, ConfigSettings&))
442 24
444 45
445 12
fn=std::pair<std::basic_string_view<char, std::char_traits<char> > const, std::function<bool (std::vector<std::basic_string_view<char, std::char_traits<char> >, std::allocator<std::basic_string_view<char, std::char_traits<char> > > > const&, ConfigSettings&)> >::pair<char const (&) [15], bool (&)(std::vector<std::basic_string_view<char, std::char_traits<char> >, std::allocator<std::basic_string_view<char, std::char_traits<char> > > > const&, ConfigSettings&)>(char const (&) [15], bool (&)(std::vector<std::basic_string_view<char, std::char_traits<char> >, std::allocator<std::basic_string_view<char, std::char_traits<char> > > > const&, ConfigSettings&))
442 16
444 30
445 8
fn=std::pair<std::basic_string_view<char, std::char_traits<char> > const, std::function<bool (std::vector<std::basic_string_view<char, std::char_traits<char> >, std::allocator<std::basic_string_view<char, std::char_traits<char> > > > const&, ConfigSettings&)> >::pair<char const (&) [17], bool (&)(std::vector<std::basic_string_view<char, std::char_traits<char> >, std::allocator<std::basic_string_view<char, std::char_traits<char> > > > const&, ConfigSettings&)>(char const (&) [17], bool (&)(std::vector<std::basic_string_view<char, std::char_traits<char> >, std::allocator<std::basic_string_view<char, std::char_traits<char> > > > const&, ConfigSettings&))
442 8
444 15
445 4
fn=std::pair<std::basic_string_view<char, std::char_traits<char> > const, std::function<bool (std::vector<std::basic_string_view<char, std::char_traits<char> >, std::allocator<std::basic_string_view<char, std::char_traits<char> > > > const&, ConfigSettings&)> >::pair<char const (&) [19], bool (&)(std::vector<std::basic_string_view<char, std::char_traits<char> >, std::allocator<std::basic_string_view<char, std::char_traits<char> > > > const&, ConfigSettings&)>(char const (&) [19], bool (&)(std::vector<std::basic_string_view<char, std::char_traits<char> >, std::allocator<std::basic_string_view<char, std::char_traits<char> > > > const&, ConfigSettings&))
442 16
444 30
445 8
fn=std::pair<std::basic_string_view<char, std::char_traits<char> > const, std::function<bool (std::vector<std::basic_string_view<char, std::char_traits<char> >, std::allocator<std::basic_string_view<char, std::char_traits<char> > > > const&, ConfigSettings&)> >::pair<char const (&) [23], bool (&)(std::vector<std::basic_string_view<char, std::char_traits<char> >, std::allocator<std::basic_string_view<char, std::char_traits<char> > > > const&, ConfigSettings&)>(char const (&) [23], bool (&)(std::vector<std::basic_string_view<char, std::char_traits<char> >, std::allocator<std::basic_string_view<char, std::char_traits<char> > > > const&, ConfigSettings&))
442 8
444 15
445 4
fn=std::pair<std::basic_string_view<char, std::char_traits<char> > const, std::function<bool (std::vector<std::basic_string_view<char, std::char_traits<char> >, std::allocator<std::basic_string_view<char, std::char_traits<char> > > > const&, ConfigSettings&)> >::pair<char const (&) [24], bool (&)(std::vector<std::basic_string_view<char, std::char_traits<char> >, std::allocator<std::basic_string_view<char, std::char_traits<char> > > > const&, ConfigSettings&)>(char const (&) [24], bool (&)(std::vector<std::basic_string_view<char, std::char_traits<char> >, std::allocator<std::basic_string_view<char, std::char_traits<char> > > > const&, ConfigSettings&))
442 8
444 15
445 4
fn=std::pair<std::basic_string_view<char, std::char_traits<char> > const, std::function<bool (std::vector<std::basic_string_view<char, std::char_traits<char> >, std::allocator<std::basic_string_view<char, std::char_traits<char> > > > const&, ConfigSettings&)> >::pair<char const (&) [7], bool (&)(std::vector<std::basic_string_view<char, std::char_traits<char> >, std::allocator<std::basic_string_view<char, std::char_traits<char> > > > const&, ConfigSettings&)>(char const (&) [7], bool (&)(std::vector<std::basic_string_view<char, std::char_traits<char> >, std::allocator<std::basic_string_view<char, std::char_traits<char> > > > const&, ConfigSettings&))
442 8
444 15
445 4
fn=std::pair<std::basic_string_view<char, std::char_traits<char> > const, std::function<bool (std::vector<std::basic_string_view<char, std::char_traits<char> >, std::allocator<std::basic_string_view<char, std::char_traits<char> > > > const&, ConfigSettings&)> >::~pair()
284 312
fn=std::pair<unsigned int, unsigned int>::operator=(std::pair<unsigned int, unsigned int> const&)
591 5
595 4
596 4
597 1
598 2
fn=std::pair<unsigned int, unsigned int>::pair()
346 4
349 4
350 3
fl=/usr/include/c++/14/bits/stl_uninitialized.h
fn=AABB* std::__relocate_a<AABB*, AABB*, std::allocator<AABB> >(AABB*, AABB*, AABB*, std::allocator<AABB>&)
1139 20
1145 34
1148 10
fn=AABB* std::__relocate_a_1<AABB*, AABB*, std::allocator<AABB> >(AABB*, AABB*, AABB*, std::allocator<AABB>&)
1089 18
1101 4
1102 8
1105 2
1106 6
fn=MaterialID* std::__relocate_a<MaterialID*, MaterialID*, std::allocator<MaterialID> >(MaterialID*, MaterialID*, MaterialID*, std::allocator<MaterialID>&)
1139 30
1145 51
1148 15
fn=double* std::__relocate_a<double*, double*, std::allocator<double> >(double*, double*, double*, std::allocator<double>&)
1139 200
1145 340
1148 100
fn=int* std::__relocate_a<int*, int*, std::allocator<int> >(int*, int*, int*, std::allocator<int>&)
1139 10
1145 17
1148 5
fn=std::__cxx11::basic_string<char, std::char_traits<char>, std::allocator<char> >* std::__do_uninit_copy<char**, std::__cxx11::basic_string<char, std::char_traits<char>, std::allocator<char> >*>(char**, char**, std::__cxx11::basic_string<char, std::char_traits<char>, std::allocator<char> >*)
113 8
116 2
119 24
120 32
121 2
128 3
fn=std::__cxx11::basic_string<char, std::char_traits<char>, std::allocator<char> >* std::__relocate_a<std::__cxx11::basic_string<char, std::char_traits<char>, std::allocator<char> >*, std::__cxx11::basic_string<char, std::char_traits<char>, std::allocator<char> >*, std::allocator<std::__cxx11::basic_string<char, std::char_traits<char>, std::allocator<char> > > >(std::__cxx11::basic_string<char, std::char_traits<char>, std::allocator<char> >*, std::__cxx11::basic_string<char, std::char_traits<char>, std::allocator<char> >*, std::__cxx11::basic_string<char, std::char_traits<char>, std::allocator<char> >*, std::allocator<std::__cxx11::basic_string<char, std::char_traits<char>, std::allocator<char> > >&)
1139 30
1145 51
1148 15
fn=std::__cxx11::basic_string<char, std::char_traits<char>, std::allocator<char> >* std::__relocate_a_1<std::__cxx11::basic_string<char, std::char_traits<char>, std::allocator<char> >*, std::__cxx11::basic_string<char, std::char_traits<char>, std::allocator<char> >*, std::allocator<std::__cxx11::basic_string<char, std::char_traits<char>, std::allocator<char> > > >(std::__cxx11::basic_string<char, std::char_traits<char>, std::allocator<char> >*, std::__cxx11::basic_string<char, std::char_traits<char>, std::allocator<char> >*, std::__cxx11::basic_string<char, std::char_traits<char>, std::allocator<char> >*, std::allocator<std::__cxx11::basic_string<char, std::char_traits<char>, std::allocator<char> > >&)
1089 27
1101 6
1102 27
1103 39
1105 3
1106 9
fn=std::__cxx11::basic_string<char, std::char_traits<char>, std::allocator<char> >* std::__uninitialized_copy<false>::__uninit_copy<char**, std::__cxx11::basic_string<char, std::char_traits<char>, std::allocator<char> >*>(char**, char**, std::__cxx11::basic_string<char, std::char_traits<char>, std::allocator<char> >*)
135 7
137 8
fn=std::__cxx11::basic_string<char, std::char_traits<char>, std::allocator<char> >* std::__uninitialized_copy_a<char**, std::__cxx11::basic_string<char, std::char_traits<char>, std::allocator<char> >*, std::__cxx11::basic_string<char, std::char_traits<char>, std::allocator<char> > >(char**, char**, std::__cxx11::basic_string<char, std::char_traits<char>, std::allocator<char> >*, std::allocator<std::__cxx11::basic_string<char, std::char_traits<char>, std::allocator<char> > >&)
366 8
370 3
373 7
374 2
fn=std::__cxx11::basic_string<char, std::char_traits<char>, std::allocator<char> >* std::uninitialized_copy<char**, std::__cxx11::basic_string<char, std::char_traits<char>, std::allocator<char> >*>(char**, char**, std::__cxx11::basic_string<char, std::char_traits<char>, std::allocator<char> >*)
163 7
174 1
181 1
185 6
186 2
fn=std::basic_string_view<char, std::char_traits<char> >* std::__relocate_a<std::basic_string_view<char, std::char_traits<char> >*, std::basic_string_view<char, std::char_traits<char> >*, std::allocator<std::basic_string_view<char, std::char_traits<char> > > >(std::basic_string_view<char, std::char_traits<char> >*, std::basic_string_view<char, std::char_traits<char> >*, std::basic_string_view<char, std::char_traits<char> >*, std::allocator<std::basic_string_view<char, std::char_traits<char> > >&)
1139 450
1145 765
1148 225
fn=std::basic_string_view<char, std::char_traits<char> >* std::__relocate_a_1<std::basic_string_view<char, std::char_traits<char> >*, std::basic_string_view<char, std::char_traits<char> >*, std::allocator<std::basic_string_view<char, std::char_traits<char> > > >(std::basic_string_view<char, std::char_traits<char> >*, std::basic_string_view<char, std::char_traits<char> >*, std::basic_string_view<char, std::char_traits<char> >*, std::allocator<std::basic_string_view<char, std::char_traits<char> > >&)
1089 405
1101 90
1102 475
1103 767
1105 45
1106 135
fn=std::enable_if<std::__is_bitwise_relocatable<MaterialID, void>::value, MaterialID*>::type std::__relocate_a_1<MaterialID, MaterialID>(MaterialID*, MaterialID*, MaterialID*, std::allocator<MaterialID>&)
1112 33
1116 12
1117 6
1120 6
1129 18
1131 12
1132 15
fn=std::enable_if<std::__is_bitwise_relocatable<double, void>::value, double*>::type std::__relocate_a_1<double, double>(double*, double*, double*, std::allocator<double>&)
1112 220
1116 80
1117 40
1131 80
1132 100
fn=std::enable_if<std::__is_bitwise_relocatable<int, void>::value, int*>::type std::__relocate_a_1<int, int>(int*, int*, int*, std::allocator<int>&)
1112 11
1116 4
1117 2
1131 4
1132 5
fn=std::enable_if<std::__is_bitwise_relocatable<unsigned int, void>::value, unsigned int*>::type std::__relocate_a_1<unsigned int, unsigned int>(unsigned int*, unsigned int*, unsigned int*, std::allocator<unsigned int>&)
1112 11
1116 4
1117 2
1131 4
1132 5
fn=unsigned char* std::__uninitialized_copy<true>::__uninit_copy<__gnu_cxx::__normal_iterator<unsigned char const*, std::vector<unsigned char, std::allocator<unsigned char> > >, unsigned char*>(__gnu_cxx::__normal_iterator<unsigned char const*, std::vector<unsigned char, std::allocator<unsigned char> > >, __gnu_cxx::__normal_iterator<unsigned char const*, std::vector<unsigned char, std::allocator<unsigned char> > >, unsigned char*)
145 21
147 24
fn=unsigned char* std::__uninitialized_copy_a<__gnu_cxx::__normal_iterator<unsigned char const*, std::vector<unsigned char, std::allocator<unsigned char> > >, unsigned char*, unsigned char>(__gnu_cxx::__normal_iterator<unsigned char const*, std::vector<unsigned char, std::allocator<unsigned char> > >, __gnu_cxx::__normal_iterator<unsigned char const*, std::vector<unsigned char, std::allocator<unsigned char> > >, unsigned char*, std::allocator<unsigned char>&)
366 24
370 9
373 21
374 6
fn=unsigned char* std::__uninitialized_fill_n<true>::__uninit_fill_n<unsigned char*, unsigned long, unsigned char>(unsigned char*, unsigned long, unsigned char const&)
292 21
294 24
fn=unsigned char* std::__uninitialized_fill_n_a<unsigned char*, unsigned long, unsigned char, unsigned char>(unsigned char*, unsigned long, unsigned char const&, std::allocator<unsigned char>&)
465 24
469 9
472 21
473 6
fn=unsigned char* std::uninitialized_copy<__gnu_cxx::__normal_iterator<unsigned char const*, std::vector<unsigned char, std::allocator<unsigned char> > >, unsigned char*>(__gnu_cxx::__normal_iterator<unsigned char const*, std::vector<unsigned char, std::allocator<unsigned char> > >, __gnu_cxx::__normal_iterator<unsigned char const*, std::vector<unsigned char, std::allocator<unsigned char> > >, unsigned char*)
163 21
174 3
181 3
185 18
186 6
fn=unsigned char* std::uninitialized_fill_n<unsigned char*, unsigned long, unsigned char>(unsigned char*, unsigned long, unsigned char const&)
312 21
319 3
327 18
328 6
fn=unsigned int* std::__relocate_a<unsigned int*, unsigned int*, std::allocator<unsigned int> >(unsigned int*, unsigned int*, unsigned int*, std::allocator<unsigned int>&)
1139 10
1145 17
1148 5
fn=void std::__relocate_object_a<std::__cxx11::basic_string<char, std::char_traits<char>, std::allocator<char> >, std::__cxx11::basic_string<char, std::char_traits<char>, std::allocator<char> >, std::allocator<std::__cxx11::basic_string<char, std::char_traits<char>, std::allocator<char> > > >(std::__cxx11::basic_string<char, std::char_traits<char>, std::allocator<char> >*, std::__cxx11::basic_string<char, std::char_traits<char>, std::allocator<char> >*, std::allocator<std::__cxx11::basic_string<char, std::char_traits<char>, std::allocator<char> > >&)
1067 21
1075 24
1076 18
1077 9
fn=void std::__relocate_object_a<std::basic_string_view<char, std::char_traits<char> >, std::basic_string_view<char, std::char_traits<char> >, std::allocator<std::basic_string_view<char, std::char_traits<char> > > >(std::basic_string_view<char, std::char_traits<char> >*, std::basic_string_view<char, std::char_traits<char> >*, std::allocator<std::basic_string_view<char, std::char_traits<char> > >&)
1067 413
1075 472
1076 354
1077 177
fl=/usr/include/c++/14/bits/stl_vector.h
fn=std::_Vector_base<AABB, std::allocator<AABB> >::_M_allocate(unsigned long)
377 18
380 20
381 10
fn=std::_Vector_base<AABB, std::allocator<AABB> >::_M_deallocate(AABB*, unsigned long)
385 14
388 4
389 24
390 6
fn=std::_Vector_base<AABB, std::allocator<AABB> >::_M_get_Tp_allocator()
300 16
301 12
fn=std::_Vector_base<AABB, std::allocator<AABB> >::_M_get_Tp_allocator() const
305 16
306 12
fn=std::_Vector_base<AABB, std::allocator<AABB> >::_Vector_impl::~_Vector_impl()
132 18
fn=std::_Vector_base<AABB, std::allocator<AABB> >::~_Vector_base()
366 10
368 14
369 16
370 12
fn=std::_Vector_base<MaterialID, std::allocator<MaterialID> >::_M_allocate(unsigned long)
377 27
380 30
381 15
fn=std::_Vector_base<MaterialID, std::allocator<MaterialID> >::_M_deallocate(MaterialID*, unsigned long)
385 7
388 2
389 12
390 3
fn=std::_Vector_base<MaterialID, std::allocator<MaterialID> >::_M_get_Tp_allocator()
300 16
301 12
fn=std::_Vector_base<MaterialID, std::allocator<MaterialID> >::_M_get_Tp_allocator() const
305 24
306 18
fn=std::_Vector_base<MaterialID, std::allocator<MaterialID> >::_Vector_impl::~_Vector_impl()
132 9
fn=std::_Vector_base<MaterialID, std::allocator<MaterialID> >::~_Vector_base()
366 5
368 7
369 7
370 6
fn=std::_Vector_base<double, std::allocator<double> >::_M_allocate(unsigned long)
377 180
380 200
381 100
fn=std::_Vector_base<double, std::allocator<double> >::_M_deallocate(double*, unsigned long)
385 140
388 40
389 240
390 60
fn=std::_Vector_base<double, std::allocator<double> >::_M_get_Tp_allocator()
300 160
301 120
fn=std::_Vector_base<double, std::allocator<double> >::_M_get_Tp_allocator() const
305 160
306 120
fn=std::_Vector_base<double, std::allocator<double> >::_Vector_impl::~_Vector_impl()
132 180
fn=std::_Vector_base<double, std::allocator<double> >::~_Vector_base()
366 100
368 140
369 140
370 120
fn=std::_Vector_base<int, std::allocator<int> >::_M_allocate(unsigned long)
377 9
380 10
381 5
fn=std::_Vector_base<int, std::allocator<int> >::_M_deallocate(int*, unsigned long)
385 7
388 2
389 12
390 3
fn=std::_Vector_base<int, std::allocator<int> >::_M_get_Tp_allocator()
300 8
301 6
fn=std::_Vector_base<int, std::allocator<int> >::_M_get_Tp_allocator() const
305 8
306 6
fn=std::_Vector_base<int, std::allocator<int> >::_Vector_impl::~_Vector_impl()
132 9
fn=std::_Vector_base<int, std::allocator<int> >::~_Vector_base()
366 5
368 7
369 7
370 6
fn=std::_Vector_base<std::__cxx11::basic_string<char, std::char_traits<char>, std::allocator<char> >, std::allocator<std::__cxx11::basic_string<char, std::char_traits<char>, std::allocator<char> > > >::_M_allocate(unsigned long)
377 36
380 40
381 20
fn=std::_Vector_base<std::__cxx11::basic_string<char, std::char_traits<char>, std::allocator<char> >, std::allocator<std::__cxx11::basic_string<char, std::char_traits<char>, std::allocator<char> > > >::_M_deallocate(std::__cxx11::basic_string<char, std::char_traits<char>, std::allocator<char> >*, unsigned long)
385 14
388 4
389 24
390 6
fn=std::_Vector_base<std::__cxx11::basic_string<char, std::char_traits<char>, std::allocator<char> >, std::allocator<std::__cxx11::basic_string<char, std::char_traits<char>, std::allocator<char> > > >::_M_get_Tp_allocator()
300 28
301 21
fn=std::_Vector_base<std::__cxx11::basic_string<char, std::char_traits<char>, std::allocator<char> >, std::allocator<std::__cxx11::basic_string<char, std::char_traits<char>, std::allocator<char> > > >::_M_get_Tp_allocator() const
305 24
306 18
fn=std::_Vector_base<std::__cxx11::basic_string<char, std::char_traits<char>, std::allocator<char> >, std::allocator<std::__cxx11::basic_string<char, std::char_traits<char>, std::allocator<char> > > >::_Vector_base(std::allocator<std::__cxx11::basic_string<char, std::char_traits<char>, std::allocator<char> > > const&)
320 6
321 8
fn=std::_Vector_base<std::__cxx11::basic_string<char, std::char_traits<char>, std::allocator<char> >, std::allocator<std::__cxx11::basic_string<char, std::char_traits<char>, std::allocator<char> > > >::_Vector_impl::_Vector_impl(std::allocator<std::__cxx11::basic_string<char, std::char_traits<char>, std::allocator<char> > > const&)
145 14
146 3
147 3
fn=std::_Vector_base<std::__cxx11::basic_string<char, std::char_traits<char>, std::allocator<char> >, std::allocator<std::__cxx11::basic_string<char, std::char_traits<char>, std::allocator<char> > > >::_Vector_impl::~_Vector_impl()
132 18
fn=std::_Vector_base<std::__cxx11::basic_string<char, std::char_traits<char>, std::allocator<char> >, std::allocator<std::__cxx11::basic_string<char, std::char_traits<char>, std::allocator<char> > > >::_Vector_impl_data::_Vector_impl_data()
98 4
99 6
100 3
fn=std::_Vector_base<std::__cxx11::basic_string<char, std::char_traits<char>, std::allocator<char> >, std::allocator<std::__cxx11::basic_string<char, std::char_traits<char>, std::allocator<char> > > >::~_Vector_base()
366 10
368 14
369 14
370 12
fn=std::_Vector_base<std::basic_string_view<char, std::char_traits<char> >, std::allocator<std::basic_string_view<char, std::char_traits<char> > > >::_M_allocate(unsigned long)
377 405
380 450
381 225
fn=std::_Vector_base<std::basic_string_view<char, std::char_traits<char> >, std::allocator<std::basic_string_view<char, std::char_traits<char> > > >::_M_deallocate(std::basic_string_view<char, std::char_traits<char> >*, unsigned long)
385 105
388 30
389 180
390 45
fn=std::_Vector_base<std::basic_string_view<char, std::char_traits<char> >, std::allocator<std::basic_string_view<char, std::char_traits<char> > > >::_M_get_Tp_allocator()
300 240
301 180
fn=std::_Vector_base<std::basic_string_view<char, std::char_traits<char> >, std::allocator<std::basic_string_view<char, std::char_traits<char> > > >::_M_get_Tp_allocator() const
305 360
306 270
fn=std::_Vector_base<std::basic_string_view<char, std::char_traits<char> >, std::allocator<std::basic_string_view<char, std::char_traits<char> > > >::_Vector_impl::~_Vector_impl()
132 135
fn=std::_Vector_base<std::basic_string_view<char, std::char_traits<char> >, std::allocator<std::basic_string_view<char, std::char_traits<char> > > >::~_Vector_base()
366 75
368 105
369 105
370 90
fn=std::_Vector_base<unsigned char, std::allocator<unsigned char> >::_M_allocate(unsigned long)
377 54
380 60
381 30
fn=std::_Vector_base<unsigned char, std::allocator<unsigned char> >::_M_create_storage(unsigned long)
396 36
398 42
399 24
400 36
401 18
fn=std::_Vector_base<unsigned char, std::allocator<unsigned char> >::_M_deallocate(unsigned char*, unsigned long)
385 42
388 12
389 72
390 18
fn=std::_Vector_base<unsigned char, std::allocator<unsigned char> >::_M_get_Tp_allocator()
300 48
301 36
fn=std::_Vector_base<unsigned char, std::allocator<unsigned char> >::_M_get_Tp_allocator() const
305 12
306 9
fn=std::_Vector_base<unsigned char, std::allocator<unsigned char> >::_Vector_base(unsigned long, std::allocator<unsigned char> const&)
332 48
333 30
334 54
fn=std::_Vector_base<unsigned char, std::allocator<unsigned char> >::_Vector_impl::_Vector_impl(std::allocator<unsigned char> const&)
145 84
146 18
147 18
fn=std::_Vector_base<unsigned char, std::allocator<unsigned char> >::_Vector_impl::~_Vector_impl()
132 54
fn=std::_Vector_base<unsigned char, std::allocator<unsigned char> >::_Vector_impl_data::_Vector_impl_data()
98 24
99 36
100 18
fn=std::_Vector_base<unsigned char, std::allocator<unsigned char> >::~_Vector_base()
366 30
368 36
369 30
370 36
fn=std::_Vector_base<unsigned int, std::allocator<unsigned int> >::_M_allocate(unsigned long)
377 9
380 10
381 5
fn=std::_Vector_base<unsigned int, std::allocator<unsigned int> >::_M_deallocate(unsigned int*, unsigned long)
385 7
388 2
389 12
390 3
fn=std::_Vector_base<unsigned int, std::allocator<unsigned int> >::_M_get_Tp_allocator()
300 8
301 6
fn=std::_Vector_base<unsigned int, std::allocator<unsigned int> >::_M_get_Tp_allocator() const
305 8
306 6
fn=std::_Vector_base<unsigned int, std::allocator<unsigned int> >::_Vector_impl::~_Vector_impl()
132 9
fn=std::_Vector_base<unsigned int, std::allocator<unsigned int> >::~_Vector_base()
366 5
368 7
369 7
370 6
fn=std::vector<AABB, std::allocator<AABB> >::_M_check_len(unsigned long, char const*) const
1906 22
1908 28
1911 32
1912 22
1913 12
fn=std::vector<AABB, std::allocator<AABB> >::_S_max_size(std::allocator<AABB> const&)
1926 32
1931 8
1933 8
1934 24
1935 20
fn=std::vector<AABB, std::allocator<AABB> >::_S_relocate(AABB*, AABB*, AABB*, std::allocator<AABB>&)
504 16
509 12
514 4
fn=std::vector<AABB, std::allocator<AABB> >::back()
1235 8
1238 12
1239 5
fn=std::vector<AABB, std::allocator<AABB> >::begin()
873 16
874 22
fn=std::vector<AABB, std::allocator<AABB> >::end()
893 24
894 36
fn=std::vector<AABB, std::allocator<AABB> >::max_size() const
998 20
999 28
fn=std::vector<AABB, std::allocator<AABB> >::operator[](unsigned long) const
1147 347134850
1150 555415760
1151 138853940
fn=std::vector<AABB, std::allocator<AABB> >::push_back(AABB const&)
1283 6
1285 6
1294 5
1295 3
fn=std::vector<AABB, std::allocator<AABB> >::push_back(AABB&&)
1300 6
1301 11
fn=std::vector<AABB, std::allocator<AABB> >::size() const
992 32
993 80
fn=std::vector<AABB, std::allocator<AABB> >::~vector()
733 10
735 14
736 6
738 12
fn=std::vector<MaterialID, std::allocator<MaterialID> >::_M_check_len(unsigned long, char const*) const
1906 33
1908 42
1911 48
1912 33
1913 18
fn=std::vector<MaterialID, std::allocator<MaterialID> >::_S_max_size(std::allocator<MaterialID> const&)
1926 48
1931 12
1933 12
1934 36
1935 30
fn=std::vector<MaterialID, std::allocator<MaterialID> >::_S_relocate(MaterialID*, MaterialID*, MaterialID*, std::allocator<MaterialID>&)
504 24
509 18
514 6
fn=std::vector<MaterialID, std::allocator<MaterialID> >::back()
1235 24
1238 36
1239 15
fn=std::vector<MaterialID, std::allocator<MaterialID> >::begin()
873 24
874 33
fn=std::vector<MaterialID, std::allocator<MaterialID> >::end()
893 48
894 72
fn=std::vector<MaterialID, std::allocator<MaterialID> >::max_size() const
998 30
999 42
fn=std::vector<MaterialID, std::allocator<MaterialID> >::operator[](unsigned long) const
1147 44921600
1150 44921600
1151 17968640
fn=std::vector<MaterialID, std::allocator<MaterialID> >::push_back(MaterialID&&)
1300 18
1301 33
fn=std::vector<MaterialID, std::allocator<MaterialID> >::size() const
992 48
993 108
fn=std::vector<MaterialID, std::allocator<MaterialID> >::~vector()
733 5
735 7
736 3
738 6
fn=std::vector<double, std::allocator<double> >::_M_check_len(unsigned long, char const*) const
1906 220
1908 280
1911 320
1912 220
1913 120
fn=std::vector<double, std::allocator<double> >::_S_max_size(std::allocator<double> const&)
1926 320
1931 80
1933 80
1934 240
1935 200
fn=std::vector<double, std::allocator<double> >::_S_relocate(double*, double*, double*, std::allocator<double>&)
504 160
509 120
514 40
fn=std::vector<double, std::allocator<double> >::back()
1235 8
1238 12
1239 5
fn=std::vector<double, std::allocator<double> >::begin()
873 160
874 220
fn=std::vector<double, std::allocator<double> >::end()
893 168
894 252
fn=std::vector<double, std::allocator<double> >::max_size() const
998 200
999 280
fn=std::vector<double, std::allocator<double> >::operator[](unsigned long) const
1147 1634683325
1150 1634683325
1151 653873330
fn=std::vector<double, std::allocator<double> >::push_back(double const&)
1283 114
1285 114
1294 95
1295 57
fn=std::vector<double, std::allocator<double> >::push_back(double&&)
1300 6
1301 11
fn=std::vector<double, std::allocator<double> >::size() const
992 277708212
993 624843477
fn=std::vector<double, std::allocator<double> >::~vector()
733 100
735 140
736 60
738 120
fn=std::vector<int, std::allocator<int> >::_M_check_len(unsigned long, char const*) const
1906 11
1908 14
1911 16
1912 11
1913 6
fn=std::vector<int, std::allocator<int> >::_S_max_size(std::allocator<int> const&)
1926 16
1931 4
1933 4
1934 12
1935 10
fn=std::vector<int, std::allocator<int> >::_S_relocate(int*, int*, int*, std::allocator<int>&)
504 8
509 6
514 2
fn=std::vector<int, std::allocator<int> >::begin()
873 8
874 11
fn=std::vector<int, std::allocator<int> >::end()
893 8
894 12
fn=std::vector<int, std::allocator<int> >::max_size() const
998 10
999 14
fn=std::vector<int, std::allocator<int> >::operator[](unsigned long) const
1147 35418725
1150 35418725
1151 14167490
fn=std::vector<int, std::allocator<int> >::push_back(int const&)
1283 6
1285 6
1294 5
1295 3
fn=std::vector<int, std::allocator<int> >::size() const
992 16
993 36
fn=std::vector<int, std::allocator<int> >::~vector()
733 5
735 7
736 3
738 6
fn=std::vector<std::__cxx11::basic_string<char, std::char_traits<char>, std::allocator<char> >, std::allocator<std::__cxx11::basic_string<char, std::char_traits<char>, std::allocator<char> > > >::_M_check_len(unsigned long, char const*) const
1906 33
1908 42
1911 48
1912 33
1913 18
fn=std::vector<std::__cxx11::basic_string<char, std::char_traits<char>, std::allocator<char> >, std::allocator<std::__cxx11::basic_string<char, std::char_traits<char>, std::allocator<char> > > >::_S_check_init_len(unsigned long, std::allocator<std::__cxx11::basic_string<char, std::char_traits<char>, std::allocator<char> > > const&)
1917 15
1919 7
1922 1
1923 5
fn=std::vector<std::__cxx11::basic_string<char, std::char_traits<char>, std::allocator<char> >, std::allocator<std::__cxx11::basic_string<char, std::char_traits<char>, std::allocator<char> > > >::_S_max_size(std::allocator<std::__cxx11::basic_string<char, std::char_traits<char>, std::allocator<char> > > const&)
1926 56
1931 14
1933 14
1934 42
1935 35
fn=std::vector<std::__cxx11::basic_string<char, std::char_traits<char>, std::allocator<char> >, std::allocator<std::__cxx11::basic_string<char, std::char_traits<char>, std::allocator<char> > > >::_S_relocate(std::__cxx11::basic_string<char, std::char_traits<char>, std::allocator<char> >*, std::__cxx11::basic_string<char, std::char_traits<char>, std::allocator<char> >*, std::__cxx11::basic_string<char, std::char_traits<char>, std::allocator<char> >*, std::allocator<std::__cxx11::basic_string<char, std::char_traits<char>, std::allocator<char> > >&)
504 24
509 18
514 6
fn=std::vector<std::__cxx11::basic_string<char, std::char_traits<char>, std::allocator<char> >, std::allocator<std::__cxx11::basic_string<char, std::char_traits<char>, std::allocator<char> > > >::back()
1235 24
1238 36
1239 15
fn=std::vector<std::__cxx11::basic_string<char, std::char_traits<char>, std::allocator<char> >, std::allocator<std::__cxx11::basic_string<char, std::char_traits<char>, std::allocator<char> > > >::begin()
873 24
874 33
fn=std::vector<std::__cxx11::basic_string<char, std::char_traits<char>, std::allocator<char> >, std::allocator<std::__cxx11::basic_string<char, std::char_traits<char>, std::allocator<char> > > >::end()
893 48
894 72
fn=std::vector<std::__cxx11::basic_string<char, std::char_traits<char>, std::allocator<char> >, std::allocator<std::__cxx11::basic_string<char, std::char_traits<char>, std::allocator<char> > > >::max_size() const
998 30
999 42
fn=std::vector<std::__cxx11::basic_string<char, std::char_traits<char>, std::allocator<char> >, std::allocator<std::__cxx11::basic_string<char, std::char_traits<char>, std::allocator<char> > > >::operator[](unsigned long) const
1147 30
1150 30
1151 12
fn=std::vector<std::__cxx11::basic_string<char, std::char_traits<char>, std::allocator<char> >, std::allocator<std::__cxx11::basic_string<char, std::char_traits<char>, std::allocator<char> > > >::size() const
992 64
993 144
fn=std::vector<std::__cxx11::basic_string<char, std::char_traits<char>, std::allocator<char> >, std::allocator<std::__cxx11::basic_string<char, std::char_traits<char>, std::allocator<char> > > >::vector<char**, void>(char**, char**, std::allocator<std::__cxx11::basic_string<char, std::char_traits<char>, std::allocator<char> > > const&)
707 12
709 5
711 6
713 7
fn=std::vector<std::__cxx11::basic_string<char, std::char_traits<char>, std::allocator<char> >, std::allocator<std::__cxx11::basic_string<char, std::char_traits<char>, std::allocator<char> > > >::~vector()
733 10
735 14
736 6
738 12
fn=std::vector<std::basic_string_view<char, std::char_traits<char> >, std::allocator<std::basic_string_view<char, std::char_traits<char> > > >::_M_check_len(unsigned long, char const*) const
1906 495
1908 630
1911 720
1912 495
1913 270
fn=std::vector<std::basic_string_view<char, std::char_traits<char> >, std::allocator<std::basic_string_view<char, std::char_traits<char> > > >::_S_max_size(std::allocator<std::basic_string_view<char, std::char_traits<char> > > const&)
1926 720
1931 180
1933 180
1934 540
1935 450
fn=std::vector<std::basic_string_view<char, std::char_traits<char> >, std::allocator<std::basic_string_view<char, std::char_traits<char> > > >::_S_relocate(std::basic_string_view<char, std::char_traits<char> >*, std::basic_string_view<char, std::char_traits<char> >*, std::basic_string_view<char, std::char_traits<char> >*, std::allocator<std::basic_string_view<char, std::char_traits<char> > >&)
504 360
509 270
514 90
fn=std::vector<std::basic_string_view<char, std::char_traits<char> >, std::allocator<std::basic_string_view<char, std::char_traits<char> > > >::back()
1235 352
1238 528
1239 220
fn=std::vector<std::basic_string_view<char, std::char_traits<char> >, std::allocator<std::basic_string_view<char, std::char_traits<char> > > >::begin()
873 360
874 495
fn=std::vector<std::basic_string_view<char, std::char_traits<char> >, std::allocator<std::basic_string_view<char, std::char_traits<char> > > >::begin() const
883 120
884 165
fn=std::vector<std::basic_string_view<char, std::char_traits<char> >, std::allocator<std::basic_string_view<char, std::char_traits<char> > > >::empty() const
1090 120
1091 270
fn=std::vector<std::basic_string_view<char, std::char_traits<char> >, std::allocator<std::basic_string_view<char, std::char_traits<char> > > >::end()
893 712
894 1068
fn=std::vector<std::basic_string_view<char, std::char_traits<char> >, std::allocator<std::basic_string_view<char, std::char_traits<char> > > >::end() const
903 120
904 180
fn=std::vector<std::basic_string_view<char, std::char_traits<char> >, std::allocator<std::basic_string_view<char, std::char_traits<char> > > >::max_size() const
998 450
999 630
fn=std::vector<std::basic_string_view<char, std::char_traits<char> >, std::allocator<std::basic_string_view<char, std::char_traits<char> > > >::operator[](unsigned long) const
1147 295
1150 295
1151 118
fn=std::vector<std::basic_string_view<char, std::char_traits<char> >, std::allocator<std::basic_string_view<char, std::char_traits<char> > > >::push_back(std::basic_string_view<char, std::char_traits<char> > const&)
1283 90
1285 90
1288 49
1290 35
1294 40
1295 52
fn=std::vector<std::basic_string_view<char, std::char_traits<char> >, std::allocator<std::basic_string_view<char, std::char_traits<char> > > >::push_back(std::basic_string_view<char, std::char_traits<char> >&&)
1300 264
1301 484
fn=std::vector<std::basic_string_view<char, std::char_traits<char> >, std::allocator<std::basic_string_view<char, std::char_traits<char> > > >::size() const
992 780
993 1755
fn=std::vector<std::basic_string_view<char, std::char_traits<char> >, std::allocator<std::basic_string_view<char, std::char_traits<char> > > >::~vector()
733 75
735 105
736 45
738 90
fn=std::vector<unsigned char, std::allocator<unsigned char> >::_M_fill_initialize(unsigned long, unsigned char const&)
1706 21
1708 6
1709 18
1710 12
1711 9
fn=std::vector<unsigned char, std::allocator<unsigned char> >::_S_check_init_len(unsigned long, std::allocator<unsigned char> const&)
1917 45
1919 21
1922 3
1923 15
fn=std::vector<unsigned char, std::allocator<unsigned char> >::_S_max_size(std::allocator<unsigned char> const&)
1926 24
1931 6
1933 3
1934 18
1935 15
fn=std::vector<unsigned char, std::allocator<unsigned char> >::begin() const
883 24
884 33
fn=std::vector<unsigned char, std::allocator<unsigned char> >::end() const
903 24
904 36
fn=std::vector<unsigned char, std::allocator<unsigned char> >::operator[](unsigned long)
1128 1350000
1131 1080000
1132 540000
fn=std::vector<unsigned char, std::allocator<unsigned char> >::operator[](unsigned long) const
1147 1350000
1150 1080000
1151 540000
fn=std::vector<unsigned char, std::allocator<unsigned char> >::size() const
992 24
993 48
fn=std::vector<unsigned char, std::allocator<unsigned char> >::vector(std::vector<unsigned char, std::allocator<unsigned char> > const&)
601 36
603 72
605 6
606 42
608 12
609 30
fn=std::vector<unsigned char, std::allocator<unsigned char> >::vector(unsigned long, unsigned char const&, std::allocator<unsigned char> const&)
569 27
571 36
572 30
fn=std::vector<unsigned char, std::allocator<unsigned char> >::~vector()
733 30
735 42
736 18
738 36
fn=std::vector<unsigned int, std::allocator<unsigned int> >::_M_check_len(unsigned long, char const*) const
1906 11
1908 14
1911 16
1912 11
1913 6
fn=std::vector<unsigned int, std::allocator<unsigned int> >::_S_max_size(std::allocator<unsigned int> const&)
1926 16
1931 4
1933 4
1934 12
1935 10
fn=std::vector<unsigned int, std::allocator<unsigned int> >::_S_relocate(unsigned int*, unsigned int*, unsigned int*, std::allocator<unsigned int>&)
504 8
509 6
514 2
fn=std::vector<unsigned int, std::allocator<unsigned int> >::back()
1235 8
1238 12
1239 5
fn=std::vector<unsigned int, std::allocator<unsigned int> >::begin()
873 8
874 11
fn=std::vector<unsigned int, std::allocator<unsigned int> >::end()
893 16
894 24
fn=std::vector<unsigned int, std::allocator<unsigned int> >::max_size() const
998 10
999 14
fn=std::vector<unsigned int, std::allocator<unsigned int> >::operator[](unsigned long) const
1147 12392830
1150 12392830
1151 4957132
fn=std::vector<unsigned int, std::allocator<unsigned int> >::push_back(unsigned int&&)
1300 6
1301 11
fn=std::vector<unsigned int, std::allocator<unsigned int> >::size() const
992 16
993 36
fn=std::vector<unsigned int, std::allocator<unsigned int> >::~vector()
733 5
735 7
736 3
738 6
fn=void std::vector<std::__cxx11::basic_string<char, std::char_traits<char>, std::allocator<char> >, std::allocator<std::__cxx11::basic_string<char, std::char_traits<char>, std::allocator<char> > > >::_M_range_initialize<char**>(char**, char**, std::forward_iterator_tag)
1689 15
1692 1
1694 14
1695 7
1696 2
1697 6
1699 4
1700 7
fl=/usr/include/c++/14/bits/string_view.tcc
fn=std::basic_string_view<char, std::char_traits<char> >::find(char, unsigned long) const
80 472
83 59
84 236
86 236
87 590
88 118
89 220
91 59
92 118
fl=/usr/include/c++/14/bits/unordered_map.h
fn=std::unordered_map<std::basic_string_view<char, std::char_traits<char> >, std::function<bool (std::vector<std::basic_string_view<char, std::char_traits<char> >, std::allocator<std::basic_string_view<char, std::char_traits<char> > > > const&, ConfigSettings&)>, std::hash<std::basic_string_view<char, std::char_traits<char> > >, std::equal_to<std::basic_string_view<char, std::char_traits<char> > >, std::allocator<std::pair<std::basic_string_view<char, std::char_traits<char> > const, std::function<bool (std::vector<std::basic_string_view<char, std::char_traits<char> >, std::allocator<std::basic_string_view<char, std::char_traits<char> > > > const&, ConfigSettings&)> > > >::end() const
363 50
364 50
fn=std::unordered_map<std::basic_string_view<char, std::char_traits<char> >, std::function<bool (std::vector<std::basic_string_view<char, std::char_traits<char> >, std::allocator<std::basic_string_view<char, std::char_traits<char> > > > const&, ConfigSettings&)>, std::hash<std::basic_string_view<char, std::char_traits<char> > >, std::equal_to<std::basic_string_view<char, std::char_traits<char> > >, std::allocator<std::pair<std::basic_string_view<char, std::char_traits<char> > const, std::function<bool (std::vector<std::basic_string_view<char, std::char_traits<char> >, std::allocator<std::basic_string_view<char, std::char_traits<char> > > > const&, ConfigSettings&)> > > >::find(std::basic_string_view<char, std::char_traits<char> > const&) const
887 60
888 70
fn=std::unordered_map<std::basic_string_view<char, std::char_traits<char> >, std::function<bool (std::vector<std::basic_string_view<char, std::char_traits<char> >, std::allocator<std::basic_string_view<char, std::char_traits<char> > > > const&, ConfigSettings&)>, std::hash<std::basic_string_view<char, std::char_traits<char> > >, std::equal_to<std::basic_string_view<char, std::char_traits<char> > >, std::allocator<std::pair<std::basic_string_view<char, std::char_traits<char> > const, std::function<bool (std::vector<std::basic_string_view<char, std::char_traits<char> >, std::allocator<std::basic_string_view<char, std::char_traits<char> > > > const&, ConfigSettings&)> > > >::unordered_map(std::initializer_list<std::pair<std::basic_string_view<char, std::char_traits<char> > const, std::function<bool (std::vector<std::basic_string_view<char, std::char_traits<char> >, std::allocator<std::basic_string_view<char, std::char_traits<char> > > > const&, ConfigSettings&)> > >, unsigned long, std::hash<std::basic_string_view<char, std::char_traits<char> > > const&, std::equal_to<std::basic_string_view<char, std::char_traits<char> > > const&, std::allocator<std::pair<std::basic_string_view<char, std::char_traits<char> > const, std::function<bool (std::vector<std::basic_string_view<char, std::char_traits<char> >, std::allocator<std::basic_string_view<char, std::char_traits<char> > > > const&, ConfigSettings&)> > > const&)
234 15
239 13
240 3
fn=std::unordered_map<std::basic_string_view<char, std::char_traits<char> >, std::function<bool (std::vector<std::basic_string_view<char, std::char_traits<char> >, std::allocator<std::basic_string_view<char, std::char_traits<char> > > > const&, ConfigSettings&)>, std::hash<std::basic_string_view<char, std::char_traits<char> > >, std::equal_to<std::basic_string_view<char, std::char_traits<char> > >, std::allocator<std::pair<std::basic_string_view<char, std::char_traits<char> > const, std::function<bool (std::vector<std::basic_string_view<char, std::char_traits<char> >, std::allocator<std::basic_string_view<char, std::char_traits<char> > > > const&, ConfigSettings&)> > > >::~unordered_map()
109 11
fl=/usr/include/c++/14/bits/vector.tcc
fn=AABB& std::vector<AABB, std::allocator<AABB> >::emplace_back<AABB>(AABB&&)
111 6
114 6
123 8
125 3
127 2
fn=MaterialID& std::vector<MaterialID, std::allocator<MaterialID> >::emplace_back<MaterialID>(MaterialID&&)
111 18
114 18
123 24
125 9
127 6
fn=double& std::vector<double, std::allocator<double> >::emplace_back<double>(double&&)
111 6
114 6
123 8
125 3
127 2
fn=std::__cxx11::basic_string<char, std::char_traits<char>, std::allocator<char> >& std::vector<std::__cxx11::basic_string<char, std::char_traits<char>, std::allocator<char> >, std::allocator<std::__cxx11::basic_string<char, std::char_traits<char>, std::allocator<char> > > >::emplace_back<std::basic_string_view<char, std::char_traits<char> > const&>(std::basic_string_view<char, std::char_traits<char> > const&)
111 18
114 18
123 24
125 9
127 6
fn=std::basic_string_view<char, std::char_traits<char> >& std::vector<std::basic_string_view<char, std::char_traits<char> >, std::allocator<std::basic_string_view<char, std::char_traits<char> > > >::emplace_back<std::basic_string_view<char, std::char_traits<char> > >(std::basic_string_view<char, std::char_traits<char> >&&)
111 264
114 264
117 63
119 42
123 296
125 132
127 88
fn=std::vector<AABB, std::allocator<AABB> >::_M_realloc_append<AABB const&>(AABB const&)::_Guard::_Guard(AABB*, unsigned long, std::allocator<AABB>&)
607 7
608 9
609 3
fn=std::vector<AABB, std::allocator<AABB> >::_M_realloc_append<AABB const&>(AABB const&)::_Guard::~_Guard()
612 5
614 4
617 3
fn=std::vector<AABB, std::allocator<AABB> >::_M_realloc_append<AABB>(AABB&&)::_Guard::_Guard(AABB*, unsigned long, std::allocator<AABB>&)
607 7
608 9
609 3
fn=std::vector<AABB, std::allocator<AABB> >::_M_realloc_append<AABB>(AABB&&)::_Guard::~_Guard()
612 5
614 4
617 3
fn=std::vector<MaterialID, std::allocator<MaterialID> >::_M_realloc_append<MaterialID>(MaterialID&&)::_Guard::_Guard(MaterialID*, unsigned long, std::allocator<MaterialID>&)
607 21
608 27
609 9
fn=std::vector<MaterialID, std::allocator<MaterialID> >::_M_realloc_append<MaterialID>(MaterialID&&)::_Guard::~_Guard()
612 15
614 12
616 30
617 9
fn=std::vector<double, std::allocator<double> >::_M_realloc_append<double const&>(double const&)::_Guard::_Guard(double*, unsigned long, std::allocator<double>&)
607 133
608 171
609 57
fn=std::vector<double, std::allocator<double> >::_M_realloc_append<double const&>(double const&)::_Guard::~_Guard()
612 95
614 76
617 57
fn=std::vector<double, std::allocator<double> >::_M_realloc_append<double>(double&&)::_Guard::_Guard(double*, unsigned long, std::allocator<double>&)
607 7
608 9
609 3
fn=std::vector<double, std::allocator<double> >::_M_realloc_append<double>(double&&)::_Guard::~_Guard()
612 5
614 4
617 3
fn=std::vector<int, std::allocator<int> >::_M_realloc_append<int const&>(int const&)::_Guard::_Guard(int*, unsigned long, std::allocator<int>&)
607 7
608 9
609 3
fn=std::vector<int, std::allocator<int> >::_M_realloc_append<int const&>(int const&)::_Guard::~_Guard()
612 5
614 4
617 3
fn=std::vector<std::__cxx11::basic_string<char, std::char_traits<char>, std::allocator<char> >, std::allocator<std::__cxx11::basic_string<char, std::char_traits<char>, std::allocator<char> > > >::_M_realloc_append<std::basic_string_view<char, std::char_traits<char> > const&>(std::basic_string_view<char, std::char_traits<char> > const&)::_Guard::_Guard(std::__cxx11::basic_string<char, std::char_traits<char>, std::allocator<char> >*, unsigned long, std::allocator<std::__cxx11::basic_string<char, std::char_traits<char>, std::allocator<char> > >&)
607 21
608 27
609 9
fn=std::vector<std::__cxx11::basic_string<char, std::char_traits<char>, std::allocator<char> >, std::allocator<std::__cxx11::basic_string<char, std::char_traits<char>, std::allocator<char> > > >::_M_realloc_append<std::basic_string_view<char, std::char_traits<char> > const&>(std::basic_string_view<char, std::char_traits<char> > const&)::_Guard::~_Guard()
612 15
614 12
616 30
617 9
fn=std::vector<std::basic_string_view<char, std::char_traits<char> >, std::allocator<std::basic_string_view<char, std::char_traits<char> > > >::_M_realloc_append<std::basic_string_view<char, std::char_traits<char> > >(std::basic_string_view<char, std::char_traits<char> >&&)::_Guard::_Guard(std::basic_string_view<char, std::char_traits<char> >*, unsigned long, std::allocator<std::basic_string_view<char, std::char_traits<char> > >&)
607 259
608 333
609 111
fn=std::vector<std::basic_string_view<char, std::char_traits<char> >, std::allocator<std::basic_string_view<char, std::char_traits<char> > > >::_M_realloc_append<std::basic_string_view<char, std::char_traits<char> > >(std::basic_string_view<char, std::char_traits<char> >&&)::_Guard::~_Guard()
612 185
614 148
616 330
617 111
fn=std::vector<std::basic_string_view<char, std::char_traits<char> >, std::allocator<std::basic_string_view<char, std::char_traits<char> > > >::_M_realloc_append<std::basic_string_view<char, std::char_traits<char> > const&>(std::basic_string_view<char, std::char_traits<char> > const&)::_Guard::_Guard(std::basic_string_view<char, std::char_traits<char> >*, unsigned long, std::allocator<std::basic_string_view<char, std::char_traits<char> > >&)
607 56
608 72
609 24
fn=std::vector<std::basic_string_view<char, std::char_traits<char> >, std::allocator<std::basic_string_view<char, std::char_traits<char> > > >::_M_realloc_append<std::basic_string_view<char, std::char_traits<char> > const&>(std::basic_string_view<char, std::char_traits<char> > const&)::_Guard::~_Guard()
612 40
614 32
616 120
617 24
fn=std::vector<unsigned int, std::allocator<unsigned int> >::_M_realloc_append<unsigned int>(unsigned int&&)::_Guard::_Guard(unsigned int*, unsigned long, std::allocator<unsigned int>&)
607 7
608 9
609 3
fn=std::vector<unsigned int, std::allocator<unsigned int> >::_M_realloc_append<unsigned int>(unsigned int&&)::_Guard::~_Guard()
612 5
614 4
617 3
fn=unsigned int& std::vector<unsigned int, std::allocator<unsigned int> >::emplace_back<unsigned int>(unsigned int&&)
111 6
114 6
123 8
125 3
127 2
fn=void std::vector<AABB, std::allocator<AABB> >::_M_realloc_append<AABB const&>(AABB const&)
581 10
590 6
591 1
593 3
594 3
595 14
596 6
597 2
624 6
634 12
635 6
647 6
648 4
649 1
686 2
687 8
688 3
692 3
693 3
694 10
695 7
fn=void std::vector<AABB, std::allocator<AABB> >::_M_realloc_append<AABB>(AABB&&)
581 10
590 6
591 1
593 3
594 3
595 14
596 6
597 2
624 6
634 12
635 6
647 6
648 4
649 1
686 2
687 8
688 3
692 3
693 3
694 10
695 7
fn=void std::vector<MaterialID, std::allocator<MaterialID> >::_M_realloc_append<MaterialID>(MaterialID&&)
581 30
590 18
591 3
593 9
594 9
595 42
596 18
597 6
624 18
634 36
635 6
647 18
648 12
649 3
686 6
687 15
688 9
692 9
693 9
694 18
695 21
fn=void std::vector<double, std::allocator<double> >::_M_realloc_append<double const&>(double const&)
581 190
590 114
591 19
593 57
594 57
595 266
596 114
597 38
624 114
634 228
635 38
647 114
648 76
649 19
686 38
687 95
688 57
692 57
693 57
694 114
695 133
fn=void std::vector<double, std::allocator<double> >::_M_realloc_append<double>(double&&)
581 10
590 6
591 1
593 3
594 3
595 14
596 6
597 2
624 6
634 12
635 2
647 6
648 4
649 1
686 2
687 5
688 3
692 3
693 3
694 6
695 7
fn=void std::vector<int, std::allocator<int> >::_M_realloc_append<int const&>(int const&)
581 10
590 6
591 1
593 3
594 3
595 14
596 6
597 2
624 6
634 12
635 2
647 6
648 4
649 1
686 2
687 5
688 3
692 3
693 3
694 6
695 7
fn=void std::vector<std::__cxx11::basic_string<char, std::char_traits<char>, std::allocator<char> >, std::allocator<std::__cxx11::basic_string<char, std::char_traits<char>, std::allocator<char> > > >::_M_realloc_append<std::basic_string_view<char, std::char_traits<char> > const&>(std::basic_string_view<char, std::char_traits<char> > const&)
581 30
590 18
591 3
593 9
594 9
595 42
596 18
597 6
624 18
634 36
635 9
647 18
648 12
649 3
686 6
687 15
688 9
692 9
693 9
694 21
695 21
fn=void std::vector<std::basic_string_view<char, std::char_traits<char> >, std::allocator<std::basic_string_view<char, std::char_traits<char> > > >::_M_realloc_append<std::basic_string_view<char, std::char_traits<char> > >(std::basic_string_view<char, std::char_traits<char> >&&)
581 370
590 222
591 37
593 111
594 111
595 518
596 222
597 74
624 222
634 444
635 111
647 222
648 148
649 37
686 74
687 185
688 111
692 111
693 111
694 259
695 259
fn=void std::vector<std::basic_string_view<char, std::char_traits<char> >, std::allocator<std::basic_string_view<char, std::char_traits<char> > > >::_M_realloc_append<std::basic_string_view<char, std::char_traits<char> > const&>(std::basic_string_view<char, std::char_traits<char> > const&)
581 80
590 48
591 8
593 24
594 24
595 112
596 48
597 16
624 48
634 96
635 24
647 48
648 32
649 8
686 16
687 40
688 24
692 24
693 24
694 56
695 56
fn=void std::vector<unsigned int, std::allocator<unsigned int> >::_M_realloc_append<unsigned int>(unsigned int&&)
581 10
590 6
591 1
593 3
594 3
595 14
596 6
597 2
624 6
634 12
635 2
647 6
648 4
649 1
686 2
687 5
688 3
692 3
693 3
694 6
695 7
fl=/usr/include/c++/14/charconv
fn=bool std::__detail::__from_chars_alnum<true, unsigned int>(char const*&, char const*, unsigned int&, int)
517 24
522 15
523 3
524 78
526 49
527 21
530 14
531 14
533 63
542 3
543 6
fn=std::from_chars_result std::from_chars<int, 0>(char const*, char const*, int&, int)
552 33
555 6
557 12
559 3
561 21
568 3
570 6
572 15
579 6
580 24
584 18
588 6
589 12
596 39
599 9
616 6
617 15
fn=unsigned char std::__detail::__from_chars_alnum_to_val<true>(unsigned char)
448 35
451 14
454 14
fl=/usr/include/c++/14/cmath
fn=std::log(long double)
331 1457153280
fl=/usr/include/c++/14/ext/aligned_buffer.h
fn=__gnu_cxx::__aligned_buffer<std::pair<std::basic_string_view<char, std::char_traits<char> > const, std::function<bool (std::vector<std::basic_string_view<char, std::char_traits<char> >, std::allocator<std::basic_string_view<char, std::char_traits<char> > > > const&, ConfigSettings&)> > >::_M_addr()
104 144
106 36
107 72
fn=__gnu_cxx::__aligned_buffer<std::pair<std::basic_string_view<char, std::char_traits<char> > const, std::function<bool (std::vector<std::basic_string_view<char, std::char_traits<char> >, std::allocator<std::basic_string_view<char, std::char_traits<char> > > > const&, ConfigSettings&)> > >::_M_addr() const
110 596
112 149
113 298
fn=__gnu_cxx::__aligned_buffer<std::pair<std::basic_string_view<char, std::char_traits<char> > const, std::function<bool (std::vector<std::basic_string_view<char, std::char_traits<char> >, std::allocator<std::basic_string_view<char, std::char_traits<char> > > > const&, ConfigSettings&)> > >::_M_ptr()
116 180
117 180
fn=__gnu_cxx::__aligned_buffer<std::pair<std::basic_string_view<char, std::char_traits<char> > const, std::function<bool (std::vector<std::basic_string_view<char, std::char_traits<char> >, std::allocator<std::basic_string_view<char, std::char_traits<char> > > > const&, ConfigSettings&)> > >::_M_ptr() const
120 745
121 745
fl=/usr/include/c++/14/ext/alloc_traits.h
fn=std::vector<unsigned char, std::allocator<unsigned char> >::vector(std::vector<unsigned char, std::allocator<unsigned char> > const&)
98 3
fl=/usr/include/c++/14/initializer_list
fn=std::initializer_list<std::pair<std::basic_string_view<char, std::char_traits<char> > const, std::function<bool (std::vector<std::basic_string_view<char, std::char_traits<char> >, std::allocator<std::basic_string_view<char, std::char_traits<char> > > > const&, ConfigSettings&)> > >::begin() const
73 16
fn=std::initializer_list<std::pair<std::basic_string_view<char, std::char_traits<char> > const, std::function<bool (std::vector<std::basic_string_view<char, std::char_traits<char> >, std::allocator<std::basic_string_view<char, std::char_traits<char> > > > const&, ConfigSettings&)> > >::end() const
77 22
fn=std::initializer_list<std::pair<std::basic_string_view<char, std::char_traits<char> > const, std::function<bool (std::vector<std::basic_string_view<char, std::char_traits<char> >, std::allocator<std::basic_string_view<char, std::char_traits<char> > > > const&, ConfigSettings&)> > >::size() const
69 8
fl=/usr/include/c++/14/limits
fn=std::numeric_limits<double>::epsilon()
1772 196877478
fl=/usr/include/c++/14/new
fn=operator new(unsigned long, void*)
180 53801120
fl=/usr/include/c++/14/optional
fn=std::_Optional_base<Renderer::HitRecord, true, true>::_Optional_base()
641 376439690
fn=std::_Optional_base<Renderer::HitRecord, true, true>::_Optional_base<Renderer::HitRecord, false>(std::in_place_t, Renderer::HitRecord&&)
647 66936177
648 66936177
649 38249244
fn=std::_Optional_base<Renderer::Intersection, true, true>::_Optional_base()
641 636145004
fn=std::_Optional_base<Renderer::Intersection, true, true>::_Optional_base<Renderer::Intersection, false>(std::in_place_t, Renderer::Intersection&&)
647 7352898
648 7352898
649 4201656
fn=std::_Optional_base_impl<Renderer::HitRecord, std::_Optional_base<Renderer::HitRecord, true, true> >::_M_get()
473 137654755
475 55061902
476 82592853
477 55061902
fn=std::_Optional_base_impl<Renderer::HitRecord, std::_Optional_base<Renderer::HitRecord, true, true> >::_M_is_engaged() const
468 313990344
469 313990344
fn=std::_Optional_base_impl<Renderer::Intersection, std::_Optional_base<Renderer::Intersection, true, true> >::_M_get()
473 111938560
475 44775424
476 67163136
477 44775424
fn=std::_Optional_base_impl<Renderer::Intersection, std::_Optional_base<Renderer::Intersection, true, true> >::_M_is_engaged() const
468 430635784
469 430635784
fn=std::_Optional_payload<Renderer::HitRecord, true, true, true>::_Optional_payload()
339 376439690
fn=std::_Optional_payload<Renderer::HitRecord, true, true, true>::_Optional_payload_base<Renderer::HitRecord>(std::in_place_t, Renderer::HitRecord&&)
337 133872354
fn=std::_Optional_payload<Renderer::Intersection, true, true, true>::_Optional_payload()
339 636145004
fn=std::_Optional_payload<Renderer::Intersection, true, true, true>::_Optional_payload_base<Renderer::Intersection>(std::in_place_t, Renderer::Intersection&&)
337 14705796
fn=std::_Optional_payload_base<Renderer::HitRecord>::_M_get()
302 110123804
303 82592853
fn=std::_Optional_payload_base<Renderer::HitRecord>::_Optional_payload_base()
116 444883270
fn=std::_Optional_payload_base<Renderer::HitRecord>::_Optional_payload_base<Renderer::HitRecord>(std::in_place_t, Renderer::HitRecord&&)
121 66936177
122 66936177
123 19124622
124 38249244
fn=std::_Optional_payload_base<Renderer::HitRecord>::_Storage<Renderer::HitRecord, true>::_Storage()
205 239552530
fn=std::_Optional_payload_base<Renderer::HitRecord>::_Storage<Renderer::HitRecord, true>::_Storage<Renderer::HitRecord>(std::in_place_t, Renderer::HitRecord&&)
209 66936177
210 325118574
211 38249244
fn=std::_Optional_payload_base<Renderer::Intersection>::_M_get()
302 89550848
303 67163136
fn=std::_Optional_payload_base<Renderer::Intersection>::_Optional_payload_base()
116 751807732
fn=std::_Optional_payload_base<Renderer::Intersection>::_Optional_payload_base<Renderer::Intersection>(std::in_place_t, Renderer::Intersection&&)
121 7352898
122 7352898
123 2100828
124 4201656
fn=std::_Optional_payload_base<Renderer::Intersection>::_Storage<Renderer::Intersection, true>::_Storage()
205 404819548
fn=std::_Optional_payload_base<Renderer::Intersection>::_Storage<Renderer::Intersection, true>::_Storage<Renderer::Intersection>(std::in_place_t, Renderer::Intersection&&)
209 7352898
210 18907452
211 4201656
fn=std::enable_if<__and_v<std::__not_<std::is_same<std::optional<Renderer::Intersection>, std::remove_cv<std::remove_reference<Renderer::Intersection>::type>::type> >, std::__not_<std::__and_<std::is_scalar<Renderer::Intersection>, std::is_same<Renderer::Intersection, std::decay<Renderer::Intersection>::type> > >, std::is_constructible<Renderer::Intersection, Renderer::Intersection>, std::is_assignable<Renderer::Intersection&, Renderer::Intersection> >, std::optional<Renderer::Intersection>&>::type std::optional<Renderer::Intersection>::operator=<Renderer::Intersection>(Renderer::Intersection&&)
844 47074531
848 33624665
851 53799464
853 6724933
854 20174799
fn=std::optional<Renderer::HitRecord>::operator bool() const
982 392487930
983 392487930
fn=std::optional<Renderer::HitRecord>::operator*() &
971 44921600
972 44921600
fn=std::optional<Renderer::HitRecord>::operator->()
963 92733155
964 129826417
fn=std::optional<Renderer::HitRecord>::optional(std::nullopt_t)
737 376439690
fn=std::optional<Renderer::HitRecord>::optional<Renderer::HitRecord, true>(Renderer::HitRecord&&)
745 66936177
747 105185421
fn=std::optional<Renderer::Intersection>::operator bool() const
982 504670065
983 504670065
fn=std::optional<Renderer::Intersection>::operator->()
963 111938560
964 156713984
fn=std::optional<Renderer::Intersection>::optional(std::nullopt_t)
737 636145004
fn=std::optional<Renderer::Intersection>::optional<Renderer::Intersection, true>(Renderer::Intersection&&)
745 7352898
747 11554554
fn=void std::_Optional_base_impl<Renderer::Intersection, std::_Optional_base<Renderer::Intersection, true, true> >::_M_construct<Renderer::Intersection>(Renderer::Intersection&&)
452 47074531
455 47074531
457 26899732
fn=void std::_Optional_payload_base<Renderer::Intersection>::_M_construct<Renderer::Intersection>(Renderer::Intersection&&)
271 47074531
274 67249330
276 13449866
277 26899732
fl=/usr/include/c++/14/string_view
fn=bool std::operator==<char, std::char_traits<char> >(std::basic_string_view<char, std::char_traits<char> >, std::type_identity<std::basic_string_view<char, std::char_traits<char> > >::type)
609 2338
612 2396
fn=std::__sv_check(unsigned long, unsigned long, char const*)
71 308
72 132
75 44
76 88
fn=std::basic_string_view<char, std::char_traits<char> >::_S_compare(unsigned long, unsigned long)
572 85
575 51
576 51
578 51
580 17
581 34
fn=std::basic_string_view<char, std::char_traits<char> >::back() const
281 296
283 148
284 444
285 148
fn=std::basic_string_view<char, std::char_traits<char> >::basic_string_view(char const*)
140 168
141 140
142 84
143 84
fn=std::basic_string_view<char, std::char_traits<char> >::basic_string_view(char const*, unsigned long)
146 390
147 390
148 195
fn=std::basic_string_view<char, std::char_traits<char> >::compare(std::basic_string_view<char, std::char_traits<char> >) const
343 312
345 182
346 208
347 52
348 119
349 26
350 52
fn=std::basic_string_view<char, std::char_traits<char> >::data() const
289 300
290 300
fn=std::basic_string_view<char, std::char_traits<char> >::empty() const
247 1492
248 2238
fn=std::basic_string_view<char, std::char_traits<char> >::end() const
192 76
193 133
fn=std::basic_string_view<char, std::char_traits<char> >::front() const
273 532
275 266
276 266
277 266
fn=std::basic_string_view<char, std::char_traits<char> >::length() const
234 52
235 52
fn=std::basic_string_view<char, std::char_traits<char> >::remove_prefix(unsigned long)
295 440
297 176
298 528
299 528
300 264
fn=std::basic_string_view<char, std::char_traits<char> >::size() const
229 1604
230 1604
fn=std::basic_string_view<char, std::char_traits<char> >::substr(unsigned long, unsigned long) const
334 440
336 440
337 484
338 484
339 220
fn=std::hash<std::basic_string_view<char, std::char_traits<char> > >::operator()(std::basic_string_view<char, std::char_traits<char> > const&) const
786 91
787 208
fl=/usr/include/c++/14/type_traits
fn=std::is_constant_evaluated()
3818 78
3820 26
3824 52
fl=/usr/include/x86_64-linux-gnu/c++/14/bits/c++config.h
fn=double const& std::clamp<double>(double const&, double const&, double const&)
547 540000
fn=std::_Optional_base_impl<Renderer::HitRecord, std::_Optional_base<Renderer::HitRecord, true, true> >::_M_get()
547 27530951
fn=std::_Optional_base_impl<Renderer::Intersection, std::_Optional_base<Renderer::Intersection, true, true> >::_M_get()
547 22387712
fn=std::_Vector_base<AABB, std::allocator<AABB> >::_M_allocate(unsigned long)
547 2
fn=std::_Vector_base<AABB, std::allocator<AABB> >::_M_deallocate(AABB*, unsigned long)
547 2
fn=std::_Vector_base<MaterialID, std::allocator<MaterialID> >::_M_allocate(unsigned long)
547 3
fn=std::_Vector_base<MaterialID, std::allocator<MaterialID> >::_M_deallocate(MaterialID*, unsigned long)
547 1
fn=std::_Vector_base<double, std::allocator<double> >::_M_allocate(unsigned long)
547 20
fn=std::_Vector_base<double, std::allocator<double> >::_M_deallocate(double*, unsigned long)
547 20
fn=std::_Vector_base<int, std::allocator<int> >::_M_allocate(unsigned long)
547 1
fn=std::_Vector_base<int, std::allocator<int> >::_M_deallocate(int*, unsigned long)
547 1
fn=std::_Vector_base<std::__cxx11::basic_string<char, std::char_traits<char>, std::allocator<char> >, std::allocator<std::__cxx11::basic_string<char, std::char_traits<char>, std::allocator<char> > > >::_M_allocate(unsigned long)
547 4
fn=std::_Vector_base<std::__cxx11::basic_string<char, std::char_traits<char>, std::allocator<char> >, std::allocator<std::__cxx11::basic_string<char, std::char_traits<char>, std::allocator<char> > > >::_M_deallocate(std::__cxx11::basic_string<char, std::char_traits<char>, std::allocator<char> >*, unsigned long)
547 2
fn=std::_Vector_base<std::basic_string_view<char, std::char_traits<char> >, std::allocator<std::basic_string_view<char, std::char_traits<char> > > >::_M_allocate(unsigned long)
547 45
fn=std::_Vector_base<std::basic_string_view<char, std::char_traits<char> >, std::allocator<std::basic_string_view<char, std::char_traits<char> > > >::_M_deallocate(std::basic_string_view<char, std::char_traits<char> >*, unsigned long)
547 15
fn=std::_Vector_base<unsigned char, std::allocator<unsigned char> >::_M_allocate(unsigned long)
547 6
fn=std::_Vector_base<unsigned char, std::allocator<unsigned char> >::_M_deallocate(unsigned char*, unsigned long)
547 6
fn=std::_Vector_base<unsigned int, std::allocator<unsigned int> >::_M_allocate(unsigned long)
547 1
fn=std::_Vector_base<unsigned int, std::allocator<unsigned int> >::_M_deallocate(unsigned int*, unsigned long)
547 1
fn=std::__cxx11::basic_string<char, std::char_traits<char>, std::allocator<char> >::_M_destroy(unsigned long)
547 7
fn=std::__cxx11::basic_string<char, std::char_traits<char>, std::allocator<char> >::_S_allocate(std::allocator<char>&, unsigned long)
547 7
fn=std::__detail::_Hash_node<std::pair<std::basic_string_view<char, std::char_traits<char> > const, std::function<bool (std::vector<std::basic_string_view<char, std::char_traits<char> >, std::allocator<std::basic_string_view<char, std::char_traits<char> > > > const&, ConfigSettings&)> >, true>* std::__detail::_Hashtable_alloc<std::allocator<std::__detail::_Hash_node<std::pair<std::basic_string_view<char, std::char_traits<char> > const, std::function<bool (std::vector<std::basic_string_view<char, std::char_traits<char> >, std::allocator<std::basic_string_view<char, std::char_traits<char> > > > const&, ConfigSettings&)> >, true> > >::_M_allocate_node<std::basic_string_view<char, std::char_traits<char> > const&, std::function<bool (std::vector<std::basic_string_view<char, std::char_traits<char> >, std::allocator<std::basic_string_view<char, std::char_traits<char> > > > const&, ConfigSettings&)> const&>(std::basic_string_view<char, std::char_traits<char> > const&, std::function<bool (std::vector<std::basic_string_view<char, std::char_traits<char> >, std::allocator<std::basic_string_view<char, std::char_traits<char> > > > const&, ConfigSettings&)> const&)
547 13
fn=std::__detail::_Hashtable_alloc<std::allocator<std::__detail::_Hash_node<std::pair<std::basic_string_view<char, std::char_traits<char> > const, std::function<bool (std::vector<std::basic_string_view<char, std::char_traits<char> >, std::allocator<std::basic_string_view<char, std::char_traits<char> > > > const&, ConfigSettings&)> >, true> > >::_M_allocate_buckets(unsigned long)
547 1
fn=std::__detail::_Hashtable_alloc<std::allocator<std::__detail::_Hash_node<std::pair<std::basic_string_view<char, std::char_traits<char> > const, std::function<bool (std::vector<std::basic_string_view<char, std::char_traits<char> >, std::allocator<std::basic_string_view<char, std::char_traits<char> > > > const&, ConfigSettings&)> >, true> > >::_M_deallocate_buckets(std::__detail::_Hash_node_base**, unsigned long)
547 1
fn=std::__detail::_Hashtable_alloc<std::allocator<std::__detail::_Hash_node<std::pair<std::basic_string_view<char, std::char_traits<char> > const, std::function<bool (std::vector<std::basic_string_view<char, std::char_traits<char> >, std::allocator<std::basic_string_view<char, std::char_traits<char> > > > const&, ConfigSettings&)> >, true> > >::_M_deallocate_node_ptr(std::__detail::_Hash_node<std::pair<std::basic_string_view<char, std::char_traits<char> > const, std::function<bool (std::vector<std::basic_string_view<char, std::char_traits<char> >, std::allocator<std::basic_string_view<char, std::char_traits<char> > > > const&, ConfigSettings&)> >, true>*)
547 13
fn=std::basic_string_view<char, std::char_traits<char> >::back() const
547 74
fn=std::basic_string_view<char, std::char_traits<char> >::front() const
547 133
fn=std::basic_string_view<char, std::char_traits<char> >::remove_prefix(unsigned long)
547 88
fn=std::char_traits<char>::assign(char&, char const&)
547 27
fn=std::char_traits<char>::compare(char const*, char const*, unsigned long)
547 26
fn=std::char_traits<char>::copy(char*, char const*, unsigned long)
547 25
fn=std::char_traits<char>::find(char const*, unsigned long, char const&)
547 59
fn=std::char_traits<char>::length(char const*)
547 32
fn=std::from_chars_result std::from_chars<int, 0>(char const*, char const*, int&, int)
547 3
fn=std::uniform_real_distribution<double>::param_type::param_type(double, double)
547 80952960
fn=std::vector<MaterialID, std::allocator<MaterialID> >::_M_realloc_append<MaterialID>(MaterialID&&)::_Guard::~_Guard()
547 2
fn=std::vector<std::__cxx11::basic_string<char, std::char_traits<char>, std::allocator<char> >, std::allocator<std::__cxx11::basic_string<char, std::char_traits<char>, std::allocator<char> > > >::_M_realloc_append<std::basic_string_view<char, std::char_traits<char> > const&>(std::basic_string_view<char, std::char_traits<char> > const&)::_Guard::~_Guard()
547 2
fn=std::vector<std::basic_string_view<char, std::char_traits<char> >, std::allocator<std::basic_string_view<char, std::char_traits<char> > > >::_M_realloc_append<std::basic_string_view<char, std::char_traits<char> > >(std::basic_string_view<char, std::char_traits<char> >&&)::_Guard::~_Guard()
547 22
fn=std::vector<std::basic_string_view<char, std::char_traits<char> >, std::allocator<std::basic_string_view<char, std::char_traits<char> > > >::_M_realloc_append<std::basic_string_view<char, std::char_traits<char> > const&>(std::basic_string_view<char, std::char_traits<char> > const&)::_Guard::~_Guard()
547 8
fn=void std::_Construct<Renderer::Intersection, Renderer::Intersection>(Renderer::Intersection*, Renderer::Intersection&&)
547 6724933
fn=void std::_Construct<std::__cxx11::basic_string<char, std::char_traits<char>, std::allocator<char> >, char*&>(std::__cxx11::basic_string<char, std::char_traits<char>, std::allocator<char> >*, char*&)
547 4
fn=void std::_Destroy<AABB*>(AABB*, AABB*)
547 2
fn=void std::_Destroy<MaterialID*>(MaterialID*, MaterialID*)
547 1
fn=void std::_Destroy<double*>(double*, double*)
547 20
fn=void std::_Destroy<int*>(int*, int*)
547 1
fn=void std::_Destroy<std::__cxx11::basic_string<char, std::char_traits<char>, std::allocator<char> >*>(std::__cxx11::basic_string<char, std::char_traits<char>, std::allocator<char> >*, std::__cxx11::basic_string<char, std::char_traits<char>, std::allocator<char> >*)
547 2
fn=void std::_Destroy<std::basic_string_view<char, std::char_traits<char> >*>(std::basic_string_view<char, std::char_traits<char> >*, std::basic_string_view<char, std::char_traits<char> >*)
547 15
fn=void std::_Destroy<unsigned char*>(unsigned char*, unsigned char*)
547 6
fn=void std::_Destroy<unsigned int*>(unsigned int*, unsigned int*)
547 1
fl=/workspace/common/include/../../common/include/ray.hpp
fn=Ray::Ray(Vec3, Vec3, int)
12 719686400
fn=Ray::at(double) const
16 1872820470
fl=/workspace/common/include/../../common/include/utilities/vec3.hpp
fn=Vec3::is_near_zero() const
91 7602300
93 3801150
95 11392935
96 3801150
fn=Vec3::operator/=(double)
65 12392840
66 12392840
67 12392840
fn=component_perpendicular(Vec3 const&, Vec3 const&)
175 656067110
177 1180920798
179 393640266
fn=dot(Vec3 const&, Vec3 const&)
139 1264336975
140 4298745715
141 505734790
fn=operator*(Vec3 const&, Vec3 const&)
113 62890240
114 206639360
115 26952960
fn=operator*(Vec3 const&, double)
121 884126670
123 530476002
fn=operator+(Vec3 const&, Vec3 const&)
105 4157519721
fn=operator-(Vec3 const&, Vec3 const&)
110 902848527
fn=operator/(Vec3 const&, double)
125 17349976
fn=reflect(Vec3 const&, Vec3 const&)
147 70837450
148 134591155
149 42502470
fl=/workspace/common/include/camera.hpp
fn=ProjectionWindow::ProjectionWindow()
8 30
fl=/workspace/common/include/dataStructs/../utilities/vec3.hpp
fn=Vec3::Vec3()
17 176
fn=Vec3::Vec3(double, double, double)
15 20032960479
fn=Vec3::length_squared() const
77 3939047344
fn=Vec3::normalize() const
83 164064565
84 196877478
86 557819521
89 98438739
fn=operator*(double, Vec3 const&)
119 1008757656
fn=operator-(Vec3 const&, Vec3 const&)
109 6921838707
fl=/workspace/common/include/dataStructs/aabb.hpp
fn=AABB::AABB(Vec3 const&, Vec3 const&)
16 50
fn=AABB::from_cylinder(Vec3 const&, Vec3 const&, double, double)
26 12
28 5
29 10
30 6
31 6
33 14
34 22
35 14
36 22
37 6
38 6
fn=AABB::from_sphere(Vec3 const&, double)
19 10
20 16
21 16
22 6
23 6
fn=AABB::intersect(Ray const&, AABB const&, double, double)
40 763696670
42 1388539400
45 624842730
46 624842730
47 277707880
48 33874610
50 404589169
51 483510224
52 208280910
53 4263502
57 605656971
58 605656971
59 269180876
60 259052265
62 345357767
63 444282819
64 201885657
65 47022236
69 394056909
70 394056909
71 175136404
72 190022055
74 218920505
75 262704606
76 131352303
77 347134850
fl=/workspace/common/include/dataStructs/material.hpp
fn=MatteMaterials::~MatteMaterials()
6 19
fn=MetalMaterials::~MetalMaterials()
10 23
fn=RefractiveMaterials::~RefractiveMaterials()
14 11
fl=/workspace/common/include/dataStructs/object.hpp
fn=CylinderData::addAABB(AABB const&)
41 6
42 6
43 3
fn=CylinderData::addAxis(double, double, double)
27 11
28 6
29 6
30 6
33 16
34 4
35 9
39 7
fn=CylinderData::addCentre(double, double, double)
21 8
22 5
23 6
24 6
25 3
fl=/workspace/common/include/dataStructs/settings_structs.hpp
fn=ConfigSettings::ConfigSettings()
9 31
fn=SceneSettings::~SceneSettings()
25 35
fl=/workspace/common/include/ray.hpp
fn=Ray::Ray(Vec3, Vec3, int)
11 179921600
fl=/workspace/common/include/renderer.hpp
fn=Renderer::HitRecord::set_face_normal(Ray const&, Vec3 const&)
40 95623110
41 105185421
42 171864966
43 57373866
fn=Renderer::MaterialContext::MaterialContext(SceneSettings const*, ConfigSettings const*, RandomGenerator*)
16 62890240
17 107811840
fl=/workspace/common/include/utilities/vec3.hpp
fn=Vec3::length() const
80 13
fn=Vec3::normalize() const
82 196877478
85 229690391
fn=Vec3::operator-() const
72 948702259
fn=cross(Vec3 const&, Vec3 const&)
143 14
144 82
145 6
fn=operator*(double, Vec3 const&)
117 2353767864
fl=/workspace/common/src/camera.cpp
fn=Camera::Camera(ConfigSettings const&)
7 10
8 16
9 28
10 14
12 5
13 15
15 3
16 5
17 15
19 6
20 19
21 14
24 16
25 21
27 4
28 2
29 6
30 15
33 29
34 7
fl=/workspace/common/src/config_parser.cpp
fn=(anonymous namespace)::parseBackgroundDarkColor(std::vector<std::basic_string_view<char, std::char_traits<char> >, std::allocator<std::basic_string_view<char, std::char_traits<char> > > > const&, ConfigSettings&)
319 10
320 7
326 6
327 42
332 10
337 16
338 1
339 6
fn=(anonymous namespace)::parseBackgroundLightColor(std::vector<std::basic_string_view<char, std::char_traits<char> >, std::allocator<std::basic_string_view<char, std::char_traits<char> > > > const&, ConfigSettings&)
342 10
343 7
349 6
350 42
355 10
360 16
361 1
362 6
fn=(anonymous namespace)::parseCameraNorth(std::vector<std::basic_string_view<char, std::char_traits<char> >, std::allocator<std::basic_string_view<char, std::char_traits<char> > > > const&, ConfigSettings&)
194 10
195 7
201 6
202 42
207 16
208 1
209 6
fn=(anonymous namespace)::parseCameraPosition(std::vector<std::basic_string_view<char, std::char_traits<char> >, std::allocator<std::basic_string_view<char, std::char_traits<char> > > > const&, ConfigSettings&)
160 10
161 7
167 6
168 42
173 16
174 1
175 6
fn=(anonymous namespace)::parseCameraTarget(std::vector<std::basic_string_view<char, std::char_traits<char> >, std::allocator<std::basic_string_view<char, std::char_traits<char> > > > const&, ConfigSettings&)
177 10
178 7
184 6
185 42
190 16
191 1
192 6
fn=(anonymous namespace)::parseFieldOfView(std::vector<std::basic_string_view<char, std::char_traits<char> >, std::allocator<std::basic_string_view<char, std::char_traits<char> > > > const&, ConfigSettings&)
211 10
212 7
217 2
218 13
223 7
228 3
229 1
230 6
fn=(anonymous namespace)::parseGamma(std::vector<std::basic_string_view<char, std::char_traits<char> >, std::allocator<std::basic_string_view<char, std::char_traits<char> > > > const&, ConfigSettings&)
144 10
145 7
150 2
151 13
156 3
157 1
158 6
fn=(anonymous namespace)::parseImageWidth(std::vector<std::basic_string_view<char, std::char_traits<char> >, std::allocator<std::basic_string_view<char, std::char_traits<char> > > > const&, ConfigSettings&)
123 10
124 7
129 1
130 13
135 3
140 3
141 1
142 6
fn=(anonymous namespace)::parseInt(std::basic_string_view<char, std::char_traits<char> >, int&)
59 36
60 15
64 12
65 27
67 24
68 27
69 9
fn=(anonymous namespace)::parseMaxDepth(std::vector<std::basic_string_view<char, std::char_traits<char> >, std::allocator<std::basic_string_view<char, std::char_traits<char> > > > const&, ConfigSettings&)
254 10
255 7
260 1
261 13
266 3
271 3
272 1
273 6
fn=(anonymous namespace)::parseSamplesPerPixel(std::vector<std::basic_string_view<char, std::char_traits<char> >, std::allocator<std::basic_string_view<char, std::char_traits<char> > > > const&, ConfigSettings&)
232 10
233 7
239 1
240 13
245 3
250 3
251 1
252 6
fn=(anonymous namespace)::parsedouble(std::basic_string_view<char, std::char_traits<char> >, double&)
47 204
48 85
52 68
53 153
55 136
56 153
57 51
fn=(anonymous namespace)::processLine(std::basic_string_view<char, std::char_traits<char> >, ConfigSettings&)
364 247
365 39
366 167
367 6
370 60
371 50
391 184
393 90
394 120
395 110
400 277
fn=(anonymous namespace)::tokenizeLine(std::basic_string_view<char, std::char_traits<char> >)
25 160
26 40
28 190
29 90
30 150
34 180
35 60
36 50
37 10
40 240
41 100
45 70
fn=(anonymous namespace)::trimWhitespace(std::basic_string_view<char, std::char_traits<char> >&)
16 215
17 1170
18 80
20 790
23 172
fn=(anonymous namespace)::validateColorComponents(double, double, double)
95 12
96 46
97 4
fn=loadConfigFromFile(std::__cxx11::basic_string<char, std::char_traits<char>, std::allocator<char> > const&)
404 10
405 3
408 6
409 2
410 3
411 9
412 9
413 9
414 3
415 2
416 2
417 2
418 2
419 9
420 9
422 6
423 6
428 3
429 1
431 183
432 13
433 169
438 1
439 13
fl=/workspace/common/src/ppm_writer.cpp
fn=PPMWriter::write_ppm(std::__cxx11::basic_string<char, std::char_traits<char>, std::allocator<char> > const&, PPMWriter::Pixels const&, unsigned long, unsigned long)
10 12
12 3
13 7
14 9
15 4
24 6
25 6
31 5
32 20
33 5
35 360005
37 2610000
38 1890000
41 3
42 1
43 10
fl=/workspace/common/src/renderer.cpp
fn=Renderer::RenderCylinders(SceneSettings const&, unsigned long, Ray const&, double)
184 382731557
186 824344892
187 824344892
188 235527112
189 235527112
190 88322667
192 206086223
193 117763556
194 88322667
196 147204445
197 58881778
200 176645334
201 206086223
202 176645334
204 147204445
205 147204445
206 206086223
207 206086223
208 235527112
210 117763556
211 63056730
212 75668076
213 88279422
215 54013593
216 32111261
217 91746460
218 42650496
219 67529952
220 7108416
224 75668076
225 45285690
226 44209539
227 31357536
228 89592960
229 38048700
230 60243775
231 6341450
240 382731557
241 382731557
242 3600225
243 1377008
244 430315
249 382731557
250 529936002
251 5853501
252 10248000
257 176645334
258 89428576
261 141674900
262 35418725
263 70837450
264 106256175
265 56669960
266 63753705
267 35418725
268 206086223
fn=Renderer::RenderSpheres(SceneSettings const&, unsigned long, Ray const&, double)
51 186461756
53 157775332
54 243834604
55 114745696
58 86059272
59 86059272
60 114745696
61 143432120
62 86059272
65 43029636
66 40658064
70 20893480
71 25072176
74 19638201
75 7245300
77 5767560
78 6800520
82 49571320
83 4957132
84 32221358
85 37178490
86 32221358
87 14871396
88 19828528
89 12392830
90 100402484
fn=Renderer::backgroundColor(Ray const&, ConfigSettings const&)
274 257291650
275 154374990
276 154374990
279 617499960
280 154374990
fn=Renderer::intersectCap(Ray const&, Vec3 const&, Vec3 const&, double)
94 706581336
95 471054224
96 353290668
100 883226670
101 176645334
102 31999864
105 356172684
106 763227180
107 199325592
110 21008280
111 353290668
fn=Renderer::matteColor(MaterialID, Renderer::MaterialContext const&, Renderer::HitRecord)
282 20906325
283 3801150
284 26608050
285 32309775
287 22806900
289 9502875
293 39912075
294 32309775
295 13304025
fn=Renderer::metalColor(MaterialID, Renderer::MaterialContext const&, Renderer::HitRecord)
297 77921195
298 14167490
299 99172430
300 120423665
301 63753705
303 42502470
304 92088685
305 77921195
307 148758645
309 120423665
310 49586215
fn=Renderer::rayColor(Ray const&, SceneSettings const&, ConfigSettings const&, RandomGenerator&)
7 467796160
8 143937280
9 10166680
11 69426970
12 728983185
13 138853940
14 312421365
15 590129245
17 186461756
18 12392830
19 79314112
23 173567425
24 312421365
26 590129245
27 382731557
28 35418725
29 226679840
33 173567425
34 107811840
37 53905920
39 77057730
40 81724725
41 304601035
46 180104155
47 258973985
fl=/workspace/common/src/scene_parser.cpp
fn=(anonymous namespace)::findMaterialIndex(std::basic_string_view<char, std::char_traits<char> >, SceneSettings const&)
161 24
162 29
163 45
164 4
168 6
fn=(anonymous namespace)::parseCylinder(std::vector<std::basic_string_view<char, std::char_traits<char> >, std::allocator<std::basic_string_view<char, std::char_traits<char> > > > const&, SceneSettings&)
209 11
210 7
216 14
217 15
218 13
219 13
220 13
221 13
222 16
223 11
228 4
233 7
237 11
238 3
242 16
243 10
244 10
245 6
246 6
247 34
249 1
250 8
fn=(anonymous namespace)::parseMatteMaterial(std::vector<std::basic_string_view<char, std::char_traits<char> >, std::allocator<std::basic_string_view<char, std::char_traits<char> > > > const&, SceneSettings&)
65 10
66 7
72 2
73 2
74 2
76 42
81 10
85 5
86 6
87 6
88 6
89 9
91 9
93 1
94 6
fn=(anonymous namespace)::parseMetalMaterial(std::vector<std::basic_string_view<char, std::char_traits<char> >, std::allocator<std::basic_string_view<char, std::char_traits<char> > > > const&, SceneSettings&)
96 10
97 7
104 2
105 2
106 2
107 2
109 15
110 13
111 16
112 11
118 17
122 5
123 6
124 6
125 6
126 6
127 9
129 9
131 1
132 6
fn=(anonymous namespace)::parseRefractiveMaterial(std::vector<std::basic_string_view<char, std::char_traits<char> >, std::allocator<std::basic_string_view<char, std::char_traits<char> > > > const&, SceneSettings&)
135 10
136 7
142 2
143 13
148 4
152 5
153 6
154 9
156 9
158 1
159 6
fn=(anonymous namespace)::parseSphere(std::vector<std::basic_string_view<char, std::char_traits<char> >, std::allocator<std::basic_string_view<char, std::char_traits<char> > > > const&, SceneSettings&)
170 11
171 7
177 2
178 2
179 2
180 2
181 15
182 13
183 16
184 11
189 4
193 11
194 2
199 5
200 6
201 6
202 6
203 8
204 22
206 1
207 8
fn=(anonymous namespace)::parsedouble(std::basic_string_view<char, std::char_traits<char> >, double&)
47 228
48 95
52 76
53 114
55 152
57 171
58 57
fn=(anonymous namespace)::processLine(std::basic_string_view<char, std::char_traits<char> >, SceneSettings&)
252 75
253 15
255 70
259 30
260 25
264 40
266 70
267 7
269 56
270 7
272 42
273 7
275 28
276 7
278 14
279 7
284 50
fn=(anonymous namespace)::tokenizeLine(std::basic_string_view<char, std::char_traits<char> >)
24 80
26 20
28 179
29 87
30 145
34 174
35 58
36 25
37 5
40 288
41 120
45 35
fn=(anonymous namespace)::trimWhitespace(std::basic_string_view<char, std::char_traits<char> >&)
15 170
16 1102
17 96
19 646
22 136
fn=(anonymous namespace)::validateColorComponents(double, double, double)
60 12
62 46
63 4
fn=loadSceneFromFile(std::__cxx11::basic_string<char, std::char_traits<char>, std::allocator<char> > const&)
288 10
289 85
291 6
292 6
297 3
298 1
300 79
301 5
302 65
308 13
fl=/workspace/common/src/utilities/random.cpp
fn=RandomGenerator::RandomGenerator(unsigned long)
3 28
fn=RandomGenerator::get_double()
6 432000000
10 378000000
11 270000000
12 270000000
fn=RandomGenerator::get_double(double, double)
15 269529600
16 188670720
17 134764800
18 134764800
fn=RandomGenerator::get_vector_minus1_to_1()
21 71874560
26 269529600
27 53905920
fl=/workspace/soa/include/image_soa.hpp
fn=ImageSOA::~ImageSOA()
10 19
fl=/workspace/soa/src/../../common/include/dataStructs/../utilities/vec3.hpp
fn=Vec3::operator+=(Vec3 const&)
41 135000000
42 189000000
43 189000000
44 189000000
45 27000000
46 54000000
fn=Vec3::operator/=(double)
62 14871408
63 14871408
64 7435704
68 2478568
69 4957136
fn=operator*(Vec3 const&, double)
122 618888669
fn=operator*(double, Vec3 const&)
118 5380040832
fn=operator+(Vec3 const&, Vec3 const&)
104 1265332089
106 542285181
fn=operator-(Vec3 const&, Vec3 const&)
108 2106646563
fn=operator/(Vec3 const&, double)
126 19828544
127 12392840
128 2478568
129 7435704
fl=/workspace/soa/src/../../common/include/dataStructs/object.hpp
fn=CylinderData::~CylinderData()
14 47
fn=SphereData::~SphereData()
8 31
fl=/workspace/soa/src/../../common/include/ppm_writer.hpp
fn=PPMWriter::Pixels::Pixels(std::vector<unsigned char, std::allocator<unsigned char> > const&, std::vector<unsigned char, std::allocator<unsigned char> > const&, std::vector<unsigned char, std::allocator<unsigned char> > const&)
15 9
17 21
fn=PPMWriter::Pixels::~Pixels()
10 19
fl=/workspace/soa/src/../../common/include/rendering_engine.hpp
fn=RenderContext::RenderContext(SceneSettings*, ConfigSettings*, RandomGenerator*, RandomGenerator*)
18 8
20 15
fn=void renderImage<ImageSOA>(ImageSOA&, Camera&, RenderContext&)
26 11
27 4
28 4
29 14
30 14
33 20
35 8
37 905
38 2925
39 5625
40 900
41 361125
42 540000
44 540000
45 1710000
46 1170000
47 162630000
49 243000000
50 243000000
52 702000000
53 810000000
54 432000000
56 630000
58 630000
59 900000
62 5
63 7
fl=/workspace/soa/src/../../common/include/utilities/color_utils.hpp
fn=color_utils::apply_gamma(double, double)
12 2430000
13 3240000
14 1620000
15 1350000
fn=color_utils::double_to_uint8(double)
19 2160000
20 3240000
21 1080000
22 1350000
fl=/workspace/soa/src/../include/image_soa.hpp
fn=ImageSOA::total_pixels() const
52 2970000
fl=/workspace/soa/src/image_soa.cpp
fn=ImageSOA::ImageSOA(unsigned long, unsigned long)
11 12
12 11
13 28
14 4
17 9
fn=ImageSOA::indice(unsigned long, unsigned long) const
19 1080000
21 720000
25 540000
26 720000
fn=ImageSOA::set_blue(unsigned long, double, double)
68 1170000
69 630000
72 1440000
73 810000
fn=ImageSOA::set_green(unsigned long, double, double)
61 1170000
62 630000
65 1440000
66 810000
fn=ImageSOA::set_pixel(unsigned long, Vec3 const&, double)
77 720000
78 900000
79 900000
80 900000
81 270000
fn=ImageSOA::set_red(unsigned long, double, double)
53 1170000
55 630000
58 1350000
59 810000
fn=ImageSOA::write_to_ppm(std::__cxx11::basic_string<char, std::char_traits<char>, std::allocator<char> > const&) const
108 10
109 8
111 11
112 9
fl=/workspace/soa/src/main.cpp
fn=main
14 14
15 12
16 7
23 9
24 9
27 5
28 5
31 5
32 3
33 3
36 8
40 8
41 6
42 6
43 12
46 3
48 1
49 13
fl=???
fn=(below main)
0 12
fn=???
0 451148064
fn=__cpu_indicator_init
0 367
fn=__cxa_get_globals
0 10824
fn=__cxa_guard_acquire
0 21
fn=__cxa_guard_release
0 6
fn=__gnu_cxx::stdio_sync_filebuf<char, std::char_traits<char> >::overflow(int)
0 7
fn=__gnu_cxx::stdio_sync_filebuf<char, std::char_traits<char> >::sync()
0 8796
fn=__gnu_cxx::stdio_sync_filebuf<char, std::char_traits<char> >::xsputn(char const*, long)
0 6762
fn=__gnu_cxx::stdio_sync_filebuf<wchar_t, std::char_traits<wchar_t> >::sync()
0 15
fn=operator delete(void*)
0 212
fn=operator delete(void*, unsigned long)
0 206
fn=operator delete[](void*)
0 6
fn=operator new(unsigned long)
0 1696
fn=operator new[](unsigned long)
0 6
fn=std::_Hash_bytes(void const*, unsigned long, unsigned long)
0 947
fn=std::__basic_file<char>::__basic_file(pthread_mutex_t*)
0 12
fn=std::__basic_file<char>::close()
0 99
fn=std::__basic_file<char>::fd()
0 387
fn=std::__basic_file<char>::is_open() const
0 88
fn=std::__basic_file<char>::open(char const*, std::_Ios_Openmode, int)
0 96
fn=std::__basic_file<char>::xsgetn(char*, long)
0 108
fn=std::__basic_file<char>::xsputn(char const*, long)
0 27
fn=std::__basic_file<char>::xsputn_2(char const*, long, char const*, long)
0 6076
fn=std::__basic_file<char>::~__basic_file()
0 18
fn=std::__cxx11::messages<char>::messages(unsigned long)
0 21
fn=std::__cxx11::messages<wchar_t>::messages(unsigned long)
0 21
fn=std::__cxx11::moneypunct<char, false>::_M_initialize_moneypunct(__locale_struct*, char const*)
0 114
fn=std::__cxx11::moneypunct<char, true>::_M_initialize_moneypunct(__locale_struct*, char const*)
0 115
fn=std::__cxx11::moneypunct<wchar_t, false>::_M_initialize_moneypunct(__locale_struct*, char const*)
0 109
fn=std::__cxx11::moneypunct<wchar_t, true>::_M_initialize_moneypunct(__locale_struct*, char const*)
0 109
fn=std::__cxx11::numpunct<char>::_M_initialize_numpunct(__locale_struct*)
0 417
fn=std::__cxx11::numpunct<wchar_t>::_M_initialize_numpunct(__locale_struct*)
0 353
fn=std::__detail::_Prime_rehash_policy::_M_need_rehash(unsigned long, unsigned long, unsigned long) const
0 248
fn=std::__detail::_Prime_rehash_policy::_M_next_bkt(unsigned long) const
0 46
fn=std::__timepunct<char>::_M_initialize_timepunct(__locale_struct*)
0 132
fn=std::__timepunct<char>::__timepunct(std::__timepunct_cache<char>*, unsigned long)
0 24
fn=std::__timepunct<wchar_t>::_M_initialize_timepunct(__locale_struct*)
0 129
fn=std::__timepunct<wchar_t>::__timepunct(std::__timepunct_cache<wchar_t>*, unsigned long)
0 24
fn=std::basic_filebuf<char, std::char_traits<char> >::_M_allocate_internal_buffer()
0 54
fn=std::basic_filebuf<char, std::char_traits<char> >::_M_convert_to_external(char*, long)
0 38
fn=std::basic_filebuf<char, std::char_traits<char> >::_M_destroy_internal_buffer()
0 72
fn=std::basic_filebuf<char, std::char_traits<char> >::_M_terminate_output()
0 106
fn=std::basic_filebuf<char, std::char_traits<char> >::basic_filebuf()
0 150
fn=std::basic_filebuf<char, std::char_traits<char> >::close()
0 183
fn=std::basic_filebuf<char, std::char_traits<char> >::open(char const*, std::_Ios_Openmode)
0 147
fn=std::basic_filebuf<char, std::char_traits<char> >::overflow(int)
0 106
fn=std::basic_filebuf<char, std::char_traits<char> >::underflow()
0 266
fn=std::basic_filebuf<char, std::char_traits<char> >::xsputn(char const*, long)
0 21063834
fn=std::basic_ifstream<char, std::char_traits<char> >::basic_ifstream(std::__cxx11::basic_string<char, std::char_traits<char>, std::allocator<char> > const&, std::_Ios_Openmode)
0 120
fn=std::basic_ifstream<char, std::char_traits<char> >::is_open()
0 6
fn=std::basic_ifstream<char, std::char_traits<char> >::~basic_ifstream()
0 66
fn=std::basic_ios<char, std::char_traits<char> >::_M_cache_locale(std::locale const&)
0 320
fn=std::basic_ios<char, std::char_traits<char> >::clear(std::_Ios_Iostate)
0 49
fn=std::basic_ios<char, std::char_traits<char> >::init(std::basic_streambuf<char, std::char_traits<char> >*)
0 240
fn=std::basic_ios<char, std::char_traits<char> >::operator bool() const
0 80
fn=std::basic_ios<wchar_t, std::char_traits<wchar_t> >::_M_cache_locale(std::locale const&)
0 128
fn=std::basic_ios<wchar_t, std::char_traits<wchar_t> >::init(std::basic_streambuf<wchar_t, std::char_traits<wchar_t> >*)
0 96
fn=std::basic_istream<char, std::char_traits<char> >& std::getline<char, std::char_traits<char>, std::allocator<char> >(std::basic_istream<char, std::char_traits<char> >&, std::__cxx11::basic_string<char, std::char_traits<char>, std::allocator<char> >&)
0 506
fn=std::basic_istream<char, std::char_traits<char> >& std::getline<char, std::char_traits<char>, std::allocator<char> >(std::basic_istream<char, std::char_traits<char> >&, std::__cxx11::basic_string<char, std::char_traits<char>, std::allocator<char> >&, char)
0 1873
fn=std::basic_ofstream<char, std::char_traits<char> >::basic_ofstream(std::__cxx11::basic_string<char, std::char_traits<char>, std::allocator<char> > const&, std::_Ios_Openmode)
0 59
fn=std::basic_ofstream<char, std::char_traits<char> >::close()
0 13
fn=std::basic_ofstream<char, std::char_traits<char> >::is_open()
0 3
fn=std::basic_ofstream<char, std::char_traits<char> >::~basic_ofstream()
0 34
fn=std::basic_ostream<char, std::char_traits<char> >& std::__ostream_insert<char, std::char_traits<char> >(std::basic_ostream<char, std::char_traits<char> >&, char const*, long)
0 15435577
fn=std::basic_ostream<char, std::char_traits<char> >& std::flush<char, std::char_traits<char> >(std::basic_ostream<char, std::char_traits<char> >&)
0 450
fn=std::basic_ostream<char, std::char_traits<char> >& std::operator<< <std::char_traits<char> >(std::basic_ostream<char, std::char_traits<char> >&, char const*)
0 5413620
fn=std::basic_ostream<char, std::char_traits<char> >& std::operator<< <std::char_traits<char> >(std::basic_ostream<char, std::char_traits<char> >&, char)
0 17
fn=std::basic_ostream<wchar_t, std::char_traits<wchar_t> >::flush()
0 174
fn=std::basic_ostream<wchar_t, std::char_traits<wchar_t> >::sentry::sentry(std::basic_ostream<wchar_t, std::char_traits<wchar_t> >&)
0 97
fn=std::basic_streambuf<char, std::char_traits<char> >::xsputn(char const*, long)
0 22675062
fn=std::codecvt<char, char, __mbstate_t>::codecvt(unsigned long)
0 19
fn=std::codecvt<char, char, __mbstate_t>::do_always_noconv() const
0 1620036
fn=std::codecvt<wchar_t, char, __mbstate_t>::codecvt(unsigned long)
0 19
fn=std::ctype<char>::_M_widen_init() const
0 754
fn=std::ctype<char>::ctype(unsigned short const*, bool, unsigned long)
0 121
fn=std::ctype<wchar_t>::_M_convert_to_wmask(unsigned short) const
0 146
fn=std::ctype<wchar_t>::_M_initialize_ctype()
0 2736
fn=std::ctype<wchar_t>::ctype(unsigned long)
0 21
fn=std::error_category::error_category()
0 10
fn=std::error_category::~error_category()
0 4
fn=std::from_chars(char const*, char const*, double&, std::chars_format)
0 4671
fn=std::future_category()
0 3
fn=std::ios_base::Init::Init()
0 272
fn=std::ios_base::Init::~Init()
0 26
fn=std::ios_base::_M_call_callbacks(std::ios_base::event)
0 48
fn=std::ios_base::_M_dispose_callbacks()
0 54
fn=std::ios_base::_M_init()
0 392
fn=std::ios_base::ios_base()
0 660
fn=std::ios_base::~ios_base()
0 63
fn=std::istream::sentry::sentry(std::istream&, bool)
0 574
fn=std::locale::_Impl::_Impl(unsigned long)
0 673
fn=std::locale::_Impl::_M_install_facet(std::locale::id const*, std::locale::facet const*)
0 12192
fn=std::locale::facet::_S_create_c_locale(__locale_struct*&, char const*, __locale_struct*)
0 14
fn=std::locale::facet::_S_get_c_locale()
0 210
fn=std::locale::facet::_S_get_c_name()
0 21
fn=std::locale::id::_M_id() const
0 1623786
fn=std::locale::locale()
0 748
fn=std::locale::locale(std::locale::_Impl*)
0 3
fn=std::locale::operator=(std::locale const&)
0 322
fn=std::locale::~locale()
0 240
fn=std::messages<char>::messages(unsigned long)
0 21
fn=std::messages<wchar_t>::messages(unsigned long)
0 21
fn=std::moneypunct<char, false>::_M_initialize_moneypunct(__locale_struct*, char const*)
0 114
fn=std::moneypunct<char, true>::_M_initialize_moneypunct(__locale_struct*, char const*)
0 115
fn=std::moneypunct<wchar_t, false>::_M_initialize_moneypunct(__locale_struct*, char const*)
0 109
fn=std::moneypunct<wchar_t, true>::_M_initialize_moneypunct(__locale_struct*, char const*)
0 109
fn=std::num_put<char, std::ostreambuf_iterator<char, std::char_traits<char> > >::do_put(std::ostreambuf_iterator<char, std::char_traits<char> >, std::ios_base&, char, long) const
0 810000
fn=std::num_put<char, std::ostreambuf_iterator<char, std::char_traits<char> > >::do_put(std::ostreambuf_iterator<char, std::char_traits<char> >, std::ios_base&, char, unsigned long) const
0 1356
fn=std::numpunct<char>::_M_initialize_numpunct(__locale_struct*)
0 417
fn=std::numpunct<wchar_t>::_M_initialize_numpunct(__locale_struct*)
0 353
fn=std::ostream& std::ostream::_M_insert<long>(long)
0 15660000
fn=std::ostream& std::ostream::_M_insert<unsigned long>(unsigned long)
0 30744
fn=std::ostream::flush()
0 67040
fn=std::ostream::operator<<(int)
0 2970000
fn=std::ostream::operator<<(std::ostream& (*)(std::ostream&))
0 450
fn=std::ostream::operator<<(unsigned long)
0 904
fn=std::ostream::put(char)
0 44
fn=std::ostream::sentry::sentry(std::ostream&)
0 11951876
fn=std::ostreambuf_iterator<char, std::char_traits<char> > std::num_put<char, std::ostreambuf_iterator<char, std::char_traits<char> > >::_M_insert_int<long>(std::ostreambuf_iterator<char, std::char_traits<char> >, std::ios_base&, char, long) const
0 24928263
fn=std::ostreambuf_iterator<char, std::char_traits<char> > std::num_put<char, std::ostreambuf_iterator<char, std::char_traits<char> > >::_M_insert_int<unsigned long>(std::ostreambuf_iterator<char, std::char_traits<char> >, std::ios_base&, char, unsigned long) const
0 39776
fn=std::uncaught_exception()
0 12177
summary: 162594108180
