Scene,Seconds
scene1,0.269149437
scene2,0.157687768
scene3,0.984108191
scene4,1.511604964
scene5,1.641903319
