Scene,Seconds
scene1,0.678018955
scene2,3.129723775
scene3,26.308582477
scene4,29.417170783
scene5,37.584435614
