Scene,Seconds
scene1,0.317712503
scene2,0.165590901
scene3,1.085577015
scene4,1.689591379
scene5,1.813265328
