Scene,Seconds
scene1,0.580271773
scene2,3.168420589
scene3,26.478837423
scene4,29.323605271
scene5,37.446742460
