Scene,Seconds
scene1,0.322249479
scene2,0.170695155
scene3,1.029612719
scene4,1.693467254
scene5,1.819702825
