Scene,Seconds
scene1,0.325737304
scene2,0.177870318
scene3,1.085257484
scene4,1.696997695
scene5,1.817446015
