Scene,Seconds
scene1,0.334452817
scene2,0.180229279
scene3,1.041020035
scene4,1.695243082
scene5,1.806719222
