Scene,Seconds
scene1,0.328067475
scene2,0.172082771
scene3,1.106379195
scene4,1.696292772
scene5,1.798393573
