Scene,Seconds
scene1,0.321575166
scene2,0.177921296
scene3,1.109625362
scene4,1.688201035
scene5,1.816091742
