Scene,Seconds
scene1,0.527413724
scene2,3.211969426
scene3,27.110845783
scene4,29.500730207
scene5,37.851210102
