Scene,Seconds
scene1,0.269474339
scene2,0.163406693
scene3,0.970504100
scene4,1.527399006
scene5,1.655753561
