Threads,Time(s),Energy(J)
28,2.634882944,664.08
56,2.060518715,518.81
112,1.819587950,474.36
120,1.815665055,473.56
